DROP DATABASE IF EXISTS pickup;

CREATE DATABASE pickup;

USE pickup;

CREATE TABLE user(
name VARCHAR(100),
id INT auto_increment PRIMARY KEY,
salt VARCHAR(256),
hash VARCHAR(64),
email VARCHAR(100)
);

CREATE TABLE login(
login DATETIME,
username VARCHAR(100),
PRIMARY KEY(login, username)
);

CREATE TABLE session(
username VARCHAR(100),
sessionKey VARCHAR(256)
);

CREATE TABLE chat(
chatID INT auto_increment PRIMARY KEY,
username VARCHAR(100),
gameID INT,
message VARCHAR(1000),
time TIME
);

CREATE TABLE friend(
friender VARCHAR(100),
friendee VARCHAR(100),
PRIMARY KEY(friender, friendee)
);

CREATE TABLE sportPreference(
username VARCHAR(100),
sport VARCHAR(100),
PRIMARY KEY(username, sport)
);

CREATE TABLE game(
id INT PRIMARY KEY auto_increment,
sport VARCHAR(100),
time TIME,
date DATE,
playerCount INT,
location VARCHAR(100),
full TINYINT
);

CREATE TABLE enlist(
playerName VARCHAR(100),
gameID INT,
PRIMARY KEY(playerName, gameID)
);



INSERT INTO user(name, salt, hash) values("PaigeFontenot0","1jo5OFAVDpC6xaEgt8sSuHcOSzo1SnkEVF5jHwD39SJegUlvz8nBLNeJBK6StVPCKzNNxUpOToQojUW304fW5gjniSqWejeBxo6Xtlgb0qIWW4vYoRYIIPRph8YwiW1mSxZ6sahYlfruDA52wtwPw82I9EVnEul7jRMbbFGFD2NDNW3AinEFt5sqMa84tKK0V9JJyRe4FY7yFTOVjSMV41WF2srbI3k0QVGoEaQ7r0tijCBnXil4QVwQ0ya1FW3g","b494b120a0216e50afa797788bd537e3abed549b4e5a62c1bd800ce0b6c92389");
INSERT INTO user(name, salt, hash) values("MattBanbury1","1jo5OFAVDpC6xaEgt8sSuHcOSzo1SnkEVF5jHwD39SJegUlvz8nBLNeJBK6StVPCKzNNxUpOToQojUW304fW5gjniSqWejeBxo6Xtlgb0qIWW4vYoRYIIPRph8YwiW1mSxZ6sahYlfruDA52wtwPw82I9EVnEul7jRMbbFGFD2NDNW3AinEFt5sqMa84tKK0V9JJyRe4FY7yFTOVjSMV41WF2srbI3k0QVGoEaQ7r0tijCBnXil4QVwQ0ya1FW3g","b494b120a0216e50afa797788bd537e3abed549b4e5a62c1bd800ce0b6c92389");
INSERT INTO user(name, salt, hash) values("MarkBanbury2","1jo5OFAVDpC6xaEgt8sSuHcOSzo1SnkEVF5jHwD39SJegUlvz8nBLNeJBK6StVPCKzNNxUpOToQojUW304fW5gjniSqWejeBxo6Xtlgb0qIWW4vYoRYIIPRph8YwiW1mSxZ6sahYlfruDA52wtwPw82I9EVnEul7jRMbbFGFD2NDNW3AinEFt5sqMa84tKK0V9JJyRe4FY7yFTOVjSMV41WF2srbI3k0QVGoEaQ7r0tijCBnXil4QVwQ0ya1FW3g","b494b120a0216e50afa797788bd537e3abed549b4e5a62c1bd800ce0b6c92389");
INSERT INTO user(name, salt, hash) values("TimmothyHansen3","1jo5OFAVDpC6xaEgt8sSuHcOSzo1SnkEVF5jHwD39SJegUlvz8nBLNeJBK6StVPCKzNNxUpOToQojUW304fW5gjniSqWejeBxo6Xtlgb0qIWW4vYoRYIIPRph8YwiW1mSxZ6sahYlfruDA52wtwPw82I9EVnEul7jRMbbFGFD2NDNW3AinEFt5sqMa84tKK0V9JJyRe4FY7yFTOVjSMV41WF2srbI3k0QVGoEaQ7r0tijCBnXil4QVwQ0ya1FW3g","b494b120a0216e50afa797788bd537e3abed549b4e5a62c1bd800ce0b6c92389");
INSERT INTO user(name, salt, hash) values("TimmothyBanbury4","1jo5OFAVDpC6xaEgt8sSuHcOSzo1SnkEVF5jHwD39SJegUlvz8nBLNeJBK6StVPCKzNNxUpOToQojUW304fW5gjniSqWejeBxo6Xtlgb0qIWW4vYoRYIIPRph8YwiW1mSxZ6sahYlfruDA52wtwPw82I9EVnEul7jRMbbFGFD2NDNW3AinEFt5sqMa84tKK0V9JJyRe4FY7yFTOVjSMV41WF2srbI3k0QVGoEaQ7r0tijCBnXil4QVwQ0ya1FW3g","b494b120a0216e50afa797788bd537e3abed549b4e5a62c1bd800ce0b6c92389");
INSERT INTO user(name, salt, hash) values("BobStenbit5","1jo5OFAVDpC6xaEgt8sSuHcOSzo1SnkEVF5jHwD39SJegUlvz8nBLNeJBK6StVPCKzNNxUpOToQojUW304fW5gjniSqWejeBxo6Xtlgb0qIWW4vYoRYIIPRph8YwiW1mSxZ6sahYlfruDA52wtwPw82I9EVnEul7jRMbbFGFD2NDNW3AinEFt5sqMa84tKK0V9JJyRe4FY7yFTOVjSMV41WF2srbI3k0QVGoEaQ7r0tijCBnXil4QVwQ0ya1FW3g","b494b120a0216e50afa797788bd537e3abed549b4e5a62c1bd800ce0b6c92389");
INSERT INTO user(name, salt, hash) values("KatieSmith6","1jo5OFAVDpC6xaEgt8sSuHcOSzo1SnkEVF5jHwD39SJegUlvz8nBLNeJBK6StVPCKzNNxUpOToQojUW304fW5gjniSqWejeBxo6Xtlgb0qIWW4vYoRYIIPRph8YwiW1mSxZ6sahYlfruDA52wtwPw82I9EVnEul7jRMbbFGFD2NDNW3AinEFt5sqMa84tKK0V9JJyRe4FY7yFTOVjSMV41WF2srbI3k0QVGoEaQ7r0tijCBnXil4QVwQ0ya1FW3g","b494b120a0216e50afa797788bd537e3abed549b4e5a62c1bd800ce0b6c92389");
INSERT INTO user(name, salt, hash) values("PaigeBanbury7","1jo5OFAVDpC6xaEgt8sSuHcOSzo1SnkEVF5jHwD39SJegUlvz8nBLNeJBK6StVPCKzNNxUpOToQojUW304fW5gjniSqWejeBxo6Xtlgb0qIWW4vYoRYIIPRph8YwiW1mSxZ6sahYlfruDA52wtwPw82I9EVnEul7jRMbbFGFD2NDNW3AinEFt5sqMa84tKK0V9JJyRe4FY7yFTOVjSMV41WF2srbI3k0QVGoEaQ7r0tijCBnXil4QVwQ0ya1FW3g","b494b120a0216e50afa797788bd537e3abed549b4e5a62c1bd800ce0b6c92389");
INSERT INTO user(name, salt, hash) values("JohnFontenot8","1jo5OFAVDpC6xaEgt8sSuHcOSzo1SnkEVF5jHwD39SJegUlvz8nBLNeJBK6StVPCKzNNxUpOToQojUW304fW5gjniSqWejeBxo6Xtlgb0qIWW4vYoRYIIPRph8YwiW1mSxZ6sahYlfruDA52wtwPw82I9EVnEul7jRMbbFGFD2NDNW3AinEFt5sqMa84tKK0V9JJyRe4FY7yFTOVjSMV41WF2srbI3k0QVGoEaQ7r0tijCBnXil4QVwQ0ya1FW3g","b494b120a0216e50afa797788bd537e3abed549b4e5a62c1bd800ce0b6c92389");
INSERT INTO user(name, salt, hash) values("BobBanbury9","1jo5OFAVDpC6xaEgt8sSuHcOSzo1SnkEVF5jHwD39SJegUlvz8nBLNeJBK6StVPCKzNNxUpOToQojUW304fW5gjniSqWejeBxo6Xtlgb0qIWW4vYoRYIIPRph8YwiW1mSxZ6sahYlfruDA52wtwPw82I9EVnEul7jRMbbFGFD2NDNW3AinEFt5sqMa84tKK0V9JJyRe4FY7yFTOVjSMV41WF2srbI3k0QVGoEaQ7r0tijCBnXil4QVwQ0ya1FW3g","b494b120a0216e50afa797788bd537e3abed549b4e5a62c1bd800ce0b6c92389");
INSERT INTO user(name, salt, hash) values("AllisonCohen10","1jo5OFAVDpC6xaEgt8sSuHcOSzo1SnkEVF5jHwD39SJegUlvz8nBLNeJBK6StVPCKzNNxUpOToQojUW304fW5gjniSqWejeBxo6Xtlgb0qIWW4vYoRYIIPRph8YwiW1mSxZ6sahYlfruDA52wtwPw82I9EVnEul7jRMbbFGFD2NDNW3AinEFt5sqMa84tKK0V9JJyRe4FY7yFTOVjSMV41WF2srbI3k0QVGoEaQ7r0tijCBnXil4QVwQ0ya1FW3g","b494b120a0216e50afa797788bd537e3abed549b4e5a62c1bd800ce0b6c92389");
INSERT INTO user(name, salt, hash) values("JenniferJohnson11","1jo5OFAVDpC6xaEgt8sSuHcOSzo1SnkEVF5jHwD39SJegUlvz8nBLNeJBK6StVPCKzNNxUpOToQojUW304fW5gjniSqWejeBxo6Xtlgb0qIWW4vYoRYIIPRph8YwiW1mSxZ6sahYlfruDA52wtwPw82I9EVnEul7jRMbbFGFD2NDNW3AinEFt5sqMa84tKK0V9JJyRe4FY7yFTOVjSMV41WF2srbI3k0QVGoEaQ7r0tijCBnXil4QVwQ0ya1FW3g","b494b120a0216e50afa797788bd537e3abed549b4e5a62c1bd800ce0b6c92389");
INSERT INTO user(name, salt, hash) values("KatieCarter12","1jo5OFAVDpC6xaEgt8sSuHcOSzo1SnkEVF5jHwD39SJegUlvz8nBLNeJBK6StVPCKzNNxUpOToQojUW304fW5gjniSqWejeBxo6Xtlgb0qIWW4vYoRYIIPRph8YwiW1mSxZ6sahYlfruDA52wtwPw82I9EVnEul7jRMbbFGFD2NDNW3AinEFt5sqMa84tKK0V9JJyRe4FY7yFTOVjSMV41WF2srbI3k0QVGoEaQ7r0tijCBnXil4QVwQ0ya1FW3g","b494b120a0216e50afa797788bd537e3abed549b4e5a62c1bd800ce0b6c92389");
INSERT INTO user(name, salt, hash) values("KatieGoldman13","1jo5OFAVDpC6xaEgt8sSuHcOSzo1SnkEVF5jHwD39SJegUlvz8nBLNeJBK6StVPCKzNNxUpOToQojUW304fW5gjniSqWejeBxo6Xtlgb0qIWW4vYoRYIIPRph8YwiW1mSxZ6sahYlfruDA52wtwPw82I9EVnEul7jRMbbFGFD2NDNW3AinEFt5sqMa84tKK0V9JJyRe4FY7yFTOVjSMV41WF2srbI3k0QVGoEaQ7r0tijCBnXil4QVwQ0ya1FW3g","b494b120a0216e50afa797788bd537e3abed549b4e5a62c1bd800ce0b6c92389");
INSERT INTO user(name, salt, hash) values("MattCarter14","1jo5OFAVDpC6xaEgt8sSuHcOSzo1SnkEVF5jHwD39SJegUlvz8nBLNeJBK6StVPCKzNNxUpOToQojUW304fW5gjniSqWejeBxo6Xtlgb0qIWW4vYoRYIIPRph8YwiW1mSxZ6sahYlfruDA52wtwPw82I9EVnEul7jRMbbFGFD2NDNW3AinEFt5sqMa84tKK0V9JJyRe4FY7yFTOVjSMV41WF2srbI3k0QVGoEaQ7r0tijCBnXil4QVwQ0ya1FW3g","b494b120a0216e50afa797788bd537e3abed549b4e5a62c1bd800ce0b6c92389");
INSERT INTO user(name, salt, hash) values("AllisonJohnson15","1jo5OFAVDpC6xaEgt8sSuHcOSzo1SnkEVF5jHwD39SJegUlvz8nBLNeJBK6StVPCKzNNxUpOToQojUW304fW5gjniSqWejeBxo6Xtlgb0qIWW4vYoRYIIPRph8YwiW1mSxZ6sahYlfruDA52wtwPw82I9EVnEul7jRMbbFGFD2NDNW3AinEFt5sqMa84tKK0V9JJyRe4FY7yFTOVjSMV41WF2srbI3k0QVGoEaQ7r0tijCBnXil4QVwQ0ya1FW3g","b494b120a0216e50afa797788bd537e3abed549b4e5a62c1bd800ce0b6c92389");
INSERT INTO user(name, salt, hash) values("JenniferJohnson16","1jo5OFAVDpC6xaEgt8sSuHcOSzo1SnkEVF5jHwD39SJegUlvz8nBLNeJBK6StVPCKzNNxUpOToQojUW304fW5gjniSqWejeBxo6Xtlgb0qIWW4vYoRYIIPRph8YwiW1mSxZ6sahYlfruDA52wtwPw82I9EVnEul7jRMbbFGFD2NDNW3AinEFt5sqMa84tKK0V9JJyRe4FY7yFTOVjSMV41WF2srbI3k0QVGoEaQ7r0tijCBnXil4QVwQ0ya1FW3g","b494b120a0216e50afa797788bd537e3abed549b4e5a62c1bd800ce0b6c92389");
INSERT INTO user(name, salt, hash) values("GraceKhan17","1jo5OFAVDpC6xaEgt8sSuHcOSzo1SnkEVF5jHwD39SJegUlvz8nBLNeJBK6StVPCKzNNxUpOToQojUW304fW5gjniSqWejeBxo6Xtlgb0qIWW4vYoRYIIPRph8YwiW1mSxZ6sahYlfruDA52wtwPw82I9EVnEul7jRMbbFGFD2NDNW3AinEFt5sqMa84tKK0V9JJyRe4FY7yFTOVjSMV41WF2srbI3k0QVGoEaQ7r0tijCBnXil4QVwQ0ya1FW3g","b494b120a0216e50afa797788bd537e3abed549b4e5a62c1bd800ce0b6c92389");
INSERT INTO user(name, salt, hash) values("JenniferMitchell18","1jo5OFAVDpC6xaEgt8sSuHcOSzo1SnkEVF5jHwD39SJegUlvz8nBLNeJBK6StVPCKzNNxUpOToQojUW304fW5gjniSqWejeBxo6Xtlgb0qIWW4vYoRYIIPRph8YwiW1mSxZ6sahYlfruDA52wtwPw82I9EVnEul7jRMbbFGFD2NDNW3AinEFt5sqMa84tKK0V9JJyRe4FY7yFTOVjSMV41WF2srbI3k0QVGoEaQ7r0tijCBnXil4QVwQ0ya1FW3g","b494b120a0216e50afa797788bd537e3abed549b4e5a62c1bd800ce0b6c92389");
INSERT INTO user(name, salt, hash) values("BenGoldman19","1jo5OFAVDpC6xaEgt8sSuHcOSzo1SnkEVF5jHwD39SJegUlvz8nBLNeJBK6StVPCKzNNxUpOToQojUW304fW5gjniSqWejeBxo6Xtlgb0qIWW4vYoRYIIPRph8YwiW1mSxZ6sahYlfruDA52wtwPw82I9EVnEul7jRMbbFGFD2NDNW3AinEFt5sqMa84tKK0V9JJyRe4FY7yFTOVjSMV41WF2srbI3k0QVGoEaQ7r0tijCBnXil4QVwQ0ya1FW3g","b494b120a0216e50afa797788bd537e3abed549b4e5a62c1bd800ce0b6c92389");
INSERT INTO user(name, salt, hash) values("AllisonHansen20","1jo5OFAVDpC6xaEgt8sSuHcOSzo1SnkEVF5jHwD39SJegUlvz8nBLNeJBK6StVPCKzNNxUpOToQojUW304fW5gjniSqWejeBxo6Xtlgb0qIWW4vYoRYIIPRph8YwiW1mSxZ6sahYlfruDA52wtwPw82I9EVnEul7jRMbbFGFD2NDNW3AinEFt5sqMa84tKK0V9JJyRe4FY7yFTOVjSMV41WF2srbI3k0QVGoEaQ7r0tijCBnXil4QVwQ0ya1FW3g","b494b120a0216e50afa797788bd537e3abed549b4e5a62c1bd800ce0b6c92389");
INSERT INTO user(name, salt, hash) values("MattGoldman21","1jo5OFAVDpC6xaEgt8sSuHcOSzo1SnkEVF5jHwD39SJegUlvz8nBLNeJBK6StVPCKzNNxUpOToQojUW304fW5gjniSqWejeBxo6Xtlgb0qIWW4vYoRYIIPRph8YwiW1mSxZ6sahYlfruDA52wtwPw82I9EVnEul7jRMbbFGFD2NDNW3AinEFt5sqMa84tKK0V9JJyRe4FY7yFTOVjSMV41WF2srbI3k0QVGoEaQ7r0tijCBnXil4QVwQ0ya1FW3g","b494b120a0216e50afa797788bd537e3abed549b4e5a62c1bd800ce0b6c92389");
INSERT INTO user(name, salt, hash) values("MattJohnson22","1jo5OFAVDpC6xaEgt8sSuHcOSzo1SnkEVF5jHwD39SJegUlvz8nBLNeJBK6StVPCKzNNxUpOToQojUW304fW5gjniSqWejeBxo6Xtlgb0qIWW4vYoRYIIPRph8YwiW1mSxZ6sahYlfruDA52wtwPw82I9EVnEul7jRMbbFGFD2NDNW3AinEFt5sqMa84tKK0V9JJyRe4FY7yFTOVjSMV41WF2srbI3k0QVGoEaQ7r0tijCBnXil4QVwQ0ya1FW3g","b494b120a0216e50afa797788bd537e3abed549b4e5a62c1bd800ce0b6c92389");
INSERT INTO user(name, salt, hash) values("BobReiss23","1jo5OFAVDpC6xaEgt8sSuHcOSzo1SnkEVF5jHwD39SJegUlvz8nBLNeJBK6StVPCKzNNxUpOToQojUW304fW5gjniSqWejeBxo6Xtlgb0qIWW4vYoRYIIPRph8YwiW1mSxZ6sahYlfruDA52wtwPw82I9EVnEul7jRMbbFGFD2NDNW3AinEFt5sqMa84tKK0V9JJyRe4FY7yFTOVjSMV41WF2srbI3k0QVGoEaQ7r0tijCBnXil4QVwQ0ya1FW3g","b494b120a0216e50afa797788bd537e3abed549b4e5a62c1bd800ce0b6c92389");
INSERT INTO user(name, salt, hash) values("BenGoldman24","1jo5OFAVDpC6xaEgt8sSuHcOSzo1SnkEVF5jHwD39SJegUlvz8nBLNeJBK6StVPCKzNNxUpOToQojUW304fW5gjniSqWejeBxo6Xtlgb0qIWW4vYoRYIIPRph8YwiW1mSxZ6sahYlfruDA52wtwPw82I9EVnEul7jRMbbFGFD2NDNW3AinEFt5sqMa84tKK0V9JJyRe4FY7yFTOVjSMV41WF2srbI3k0QVGoEaQ7r0tijCBnXil4QVwQ0ya1FW3g","b494b120a0216e50afa797788bd537e3abed549b4e5a62c1bd800ce0b6c92389");
INSERT INTO user(name, salt, hash) values("TimmothyGoldman25","1jo5OFAVDpC6xaEgt8sSuHcOSzo1SnkEVF5jHwD39SJegUlvz8nBLNeJBK6StVPCKzNNxUpOToQojUW304fW5gjniSqWejeBxo6Xtlgb0qIWW4vYoRYIIPRph8YwiW1mSxZ6sahYlfruDA52wtwPw82I9EVnEul7jRMbbFGFD2NDNW3AinEFt5sqMa84tKK0V9JJyRe4FY7yFTOVjSMV41WF2srbI3k0QVGoEaQ7r0tijCBnXil4QVwQ0ya1FW3g","b494b120a0216e50afa797788bd537e3abed549b4e5a62c1bd800ce0b6c92389");
INSERT INTO user(name, salt, hash) values("PaigeBanbury26","1jo5OFAVDpC6xaEgt8sSuHcOSzo1SnkEVF5jHwD39SJegUlvz8nBLNeJBK6StVPCKzNNxUpOToQojUW304fW5gjniSqWejeBxo6Xtlgb0qIWW4vYoRYIIPRph8YwiW1mSxZ6sahYlfruDA52wtwPw82I9EVnEul7jRMbbFGFD2NDNW3AinEFt5sqMa84tKK0V9JJyRe4FY7yFTOVjSMV41WF2srbI3k0QVGoEaQ7r0tijCBnXil4QVwQ0ya1FW3g","b494b120a0216e50afa797788bd537e3abed549b4e5a62c1bd800ce0b6c92389");
INSERT INTO user(name, salt, hash) values("JackJohnson27","1jo5OFAVDpC6xaEgt8sSuHcOSzo1SnkEVF5jHwD39SJegUlvz8nBLNeJBK6StVPCKzNNxUpOToQojUW304fW5gjniSqWejeBxo6Xtlgb0qIWW4vYoRYIIPRph8YwiW1mSxZ6sahYlfruDA52wtwPw82I9EVnEul7jRMbbFGFD2NDNW3AinEFt5sqMa84tKK0V9JJyRe4FY7yFTOVjSMV41WF2srbI3k0QVGoEaQ7r0tijCBnXil4QVwQ0ya1FW3g","b494b120a0216e50afa797788bd537e3abed549b4e5a62c1bd800ce0b6c92389");
INSERT INTO user(name, salt, hash) values("JackJohnson28","1jo5OFAVDpC6xaEgt8sSuHcOSzo1SnkEVF5jHwD39SJegUlvz8nBLNeJBK6StVPCKzNNxUpOToQojUW304fW5gjniSqWejeBxo6Xtlgb0qIWW4vYoRYIIPRph8YwiW1mSxZ6sahYlfruDA52wtwPw82I9EVnEul7jRMbbFGFD2NDNW3AinEFt5sqMa84tKK0V9JJyRe4FY7yFTOVjSMV41WF2srbI3k0QVGoEaQ7r0tijCBnXil4QVwQ0ya1FW3g","b494b120a0216e50afa797788bd537e3abed549b4e5a62c1bd800ce0b6c92389");
INSERT INTO user(name, salt, hash) values("JackGoldman29","1jo5OFAVDpC6xaEgt8sSuHcOSzo1SnkEVF5jHwD39SJegUlvz8nBLNeJBK6StVPCKzNNxUpOToQojUW304fW5gjniSqWejeBxo6Xtlgb0qIWW4vYoRYIIPRph8YwiW1mSxZ6sahYlfruDA52wtwPw82I9EVnEul7jRMbbFGFD2NDNW3AinEFt5sqMa84tKK0V9JJyRe4FY7yFTOVjSMV41WF2srbI3k0QVGoEaQ7r0tijCBnXil4QVwQ0ya1FW3g","b494b120a0216e50afa797788bd537e3abed549b4e5a62c1bd800ce0b6c92389");
INSERT INTO user(name, salt, hash) values("TomHansen30","1jo5OFAVDpC6xaEgt8sSuHcOSzo1SnkEVF5jHwD39SJegUlvz8nBLNeJBK6StVPCKzNNxUpOToQojUW304fW5gjniSqWejeBxo6Xtlgb0qIWW4vYoRYIIPRph8YwiW1mSxZ6sahYlfruDA52wtwPw82I9EVnEul7jRMbbFGFD2NDNW3AinEFt5sqMa84tKK0V9JJyRe4FY7yFTOVjSMV41WF2srbI3k0QVGoEaQ7r0tijCBnXil4QVwQ0ya1FW3g","b494b120a0216e50afa797788bd537e3abed549b4e5a62c1bd800ce0b6c92389");
INSERT INTO user(name, salt, hash) values("SarahStenbit31","1jo5OFAVDpC6xaEgt8sSuHcOSzo1SnkEVF5jHwD39SJegUlvz8nBLNeJBK6StVPCKzNNxUpOToQojUW304fW5gjniSqWejeBxo6Xtlgb0qIWW4vYoRYIIPRph8YwiW1mSxZ6sahYlfruDA52wtwPw82I9EVnEul7jRMbbFGFD2NDNW3AinEFt5sqMa84tKK0V9JJyRe4FY7yFTOVjSMV41WF2srbI3k0QVGoEaQ7r0tijCBnXil4QVwQ0ya1FW3g","b494b120a0216e50afa797788bd537e3abed549b4e5a62c1bd800ce0b6c92389");
INSERT INTO user(name, salt, hash) values("MarkMitchell32","1jo5OFAVDpC6xaEgt8sSuHcOSzo1SnkEVF5jHwD39SJegUlvz8nBLNeJBK6StVPCKzNNxUpOToQojUW304fW5gjniSqWejeBxo6Xtlgb0qIWW4vYoRYIIPRph8YwiW1mSxZ6sahYlfruDA52wtwPw82I9EVnEul7jRMbbFGFD2NDNW3AinEFt5sqMa84tKK0V9JJyRe4FY7yFTOVjSMV41WF2srbI3k0QVGoEaQ7r0tijCBnXil4QVwQ0ya1FW3g","b494b120a0216e50afa797788bd537e3abed549b4e5a62c1bd800ce0b6c92389");
INSERT INTO user(name, salt, hash) values("TimmothyStenbit33","1jo5OFAVDpC6xaEgt8sSuHcOSzo1SnkEVF5jHwD39SJegUlvz8nBLNeJBK6StVPCKzNNxUpOToQojUW304fW5gjniSqWejeBxo6Xtlgb0qIWW4vYoRYIIPRph8YwiW1mSxZ6sahYlfruDA52wtwPw82I9EVnEul7jRMbbFGFD2NDNW3AinEFt5sqMa84tKK0V9JJyRe4FY7yFTOVjSMV41WF2srbI3k0QVGoEaQ7r0tijCBnXil4QVwQ0ya1FW3g","b494b120a0216e50afa797788bd537e3abed549b4e5a62c1bd800ce0b6c92389");
INSERT INTO user(name, salt, hash) values("JonathanFontenot34","1jo5OFAVDpC6xaEgt8sSuHcOSzo1SnkEVF5jHwD39SJegUlvz8nBLNeJBK6StVPCKzNNxUpOToQojUW304fW5gjniSqWejeBxo6Xtlgb0qIWW4vYoRYIIPRph8YwiW1mSxZ6sahYlfruDA52wtwPw82I9EVnEul7jRMbbFGFD2NDNW3AinEFt5sqMa84tKK0V9JJyRe4FY7yFTOVjSMV41WF2srbI3k0QVGoEaQ7r0tijCBnXil4QVwQ0ya1FW3g","b494b120a0216e50afa797788bd537e3abed549b4e5a62c1bd800ce0b6c92389");
INSERT INTO user(name, salt, hash) values("KatieGabrielson35","1jo5OFAVDpC6xaEgt8sSuHcOSzo1SnkEVF5jHwD39SJegUlvz8nBLNeJBK6StVPCKzNNxUpOToQojUW304fW5gjniSqWejeBxo6Xtlgb0qIWW4vYoRYIIPRph8YwiW1mSxZ6sahYlfruDA52wtwPw82I9EVnEul7jRMbbFGFD2NDNW3AinEFt5sqMa84tKK0V9JJyRe4FY7yFTOVjSMV41WF2srbI3k0QVGoEaQ7r0tijCBnXil4QVwQ0ya1FW3g","b494b120a0216e50afa797788bd537e3abed549b4e5a62c1bd800ce0b6c92389");
INSERT INTO user(name, salt, hash) values("JohnMitchell36","1jo5OFAVDpC6xaEgt8sSuHcOSzo1SnkEVF5jHwD39SJegUlvz8nBLNeJBK6StVPCKzNNxUpOToQojUW304fW5gjniSqWejeBxo6Xtlgb0qIWW4vYoRYIIPRph8YwiW1mSxZ6sahYlfruDA52wtwPw82I9EVnEul7jRMbbFGFD2NDNW3AinEFt5sqMa84tKK0V9JJyRe4FY7yFTOVjSMV41WF2srbI3k0QVGoEaQ7r0tijCBnXil4QVwQ0ya1FW3g","b494b120a0216e50afa797788bd537e3abed549b4e5a62c1bd800ce0b6c92389");
INSERT INTO user(name, salt, hash) values("BenSmith37","1jo5OFAVDpC6xaEgt8sSuHcOSzo1SnkEVF5jHwD39SJegUlvz8nBLNeJBK6StVPCKzNNxUpOToQojUW304fW5gjniSqWejeBxo6Xtlgb0qIWW4vYoRYIIPRph8YwiW1mSxZ6sahYlfruDA52wtwPw82I9EVnEul7jRMbbFGFD2NDNW3AinEFt5sqMa84tKK0V9JJyRe4FY7yFTOVjSMV41WF2srbI3k0QVGoEaQ7r0tijCBnXil4QVwQ0ya1FW3g","b494b120a0216e50afa797788bd537e3abed549b4e5a62c1bd800ce0b6c92389");
INSERT INTO user(name, salt, hash) values("AllisonCohen38","1jo5OFAVDpC6xaEgt8sSuHcOSzo1SnkEVF5jHwD39SJegUlvz8nBLNeJBK6StVPCKzNNxUpOToQojUW304fW5gjniSqWejeBxo6Xtlgb0qIWW4vYoRYIIPRph8YwiW1mSxZ6sahYlfruDA52wtwPw82I9EVnEul7jRMbbFGFD2NDNW3AinEFt5sqMa84tKK0V9JJyRe4FY7yFTOVjSMV41WF2srbI3k0QVGoEaQ7r0tijCBnXil4QVwQ0ya1FW3g","b494b120a0216e50afa797788bd537e3abed549b4e5a62c1bd800ce0b6c92389");
INSERT INTO user(name, salt, hash) values("AllisonHansen39","1jo5OFAVDpC6xaEgt8sSuHcOSzo1SnkEVF5jHwD39SJegUlvz8nBLNeJBK6StVPCKzNNxUpOToQojUW304fW5gjniSqWejeBxo6Xtlgb0qIWW4vYoRYIIPRph8YwiW1mSxZ6sahYlfruDA52wtwPw82I9EVnEul7jRMbbFGFD2NDNW3AinEFt5sqMa84tKK0V9JJyRe4FY7yFTOVjSMV41WF2srbI3k0QVGoEaQ7r0tijCBnXil4QVwQ0ya1FW3g","b494b120a0216e50afa797788bd537e3abed549b4e5a62c1bd800ce0b6c92389");
INSERT INTO user(name, salt, hash) values("TimmothySmith40","1jo5OFAVDpC6xaEgt8sSuHcOSzo1SnkEVF5jHwD39SJegUlvz8nBLNeJBK6StVPCKzNNxUpOToQojUW304fW5gjniSqWejeBxo6Xtlgb0qIWW4vYoRYIIPRph8YwiW1mSxZ6sahYlfruDA52wtwPw82I9EVnEul7jRMbbFGFD2NDNW3AinEFt5sqMa84tKK0V9JJyRe4FY7yFTOVjSMV41WF2srbI3k0QVGoEaQ7r0tijCBnXil4QVwQ0ya1FW3g","b494b120a0216e50afa797788bd537e3abed549b4e5a62c1bd800ce0b6c92389");
INSERT INTO user(name, salt, hash) values("TimmothyReiss41","1jo5OFAVDpC6xaEgt8sSuHcOSzo1SnkEVF5jHwD39SJegUlvz8nBLNeJBK6StVPCKzNNxUpOToQojUW304fW5gjniSqWejeBxo6Xtlgb0qIWW4vYoRYIIPRph8YwiW1mSxZ6sahYlfruDA52wtwPw82I9EVnEul7jRMbbFGFD2NDNW3AinEFt5sqMa84tKK0V9JJyRe4FY7yFTOVjSMV41WF2srbI3k0QVGoEaQ7r0tijCBnXil4QVwQ0ya1FW3g","b494b120a0216e50afa797788bd537e3abed549b4e5a62c1bd800ce0b6c92389");
INSERT INTO user(name, salt, hash) values("JackKhan42","1jo5OFAVDpC6xaEgt8sSuHcOSzo1SnkEVF5jHwD39SJegUlvz8nBLNeJBK6StVPCKzNNxUpOToQojUW304fW5gjniSqWejeBxo6Xtlgb0qIWW4vYoRYIIPRph8YwiW1mSxZ6sahYlfruDA52wtwPw82I9EVnEul7jRMbbFGFD2NDNW3AinEFt5sqMa84tKK0V9JJyRe4FY7yFTOVjSMV41WF2srbI3k0QVGoEaQ7r0tijCBnXil4QVwQ0ya1FW3g","b494b120a0216e50afa797788bd537e3abed549b4e5a62c1bd800ce0b6c92389");
INSERT INTO user(name, salt, hash) values("TimmothyJohnson43","1jo5OFAVDpC6xaEgt8sSuHcOSzo1SnkEVF5jHwD39SJegUlvz8nBLNeJBK6StVPCKzNNxUpOToQojUW304fW5gjniSqWejeBxo6Xtlgb0qIWW4vYoRYIIPRph8YwiW1mSxZ6sahYlfruDA52wtwPw82I9EVnEul7jRMbbFGFD2NDNW3AinEFt5sqMa84tKK0V9JJyRe4FY7yFTOVjSMV41WF2srbI3k0QVGoEaQ7r0tijCBnXil4QVwQ0ya1FW3g","b494b120a0216e50afa797788bd537e3abed549b4e5a62c1bd800ce0b6c92389");
INSERT INTO user(name, salt, hash) values("TomHansen44","1jo5OFAVDpC6xaEgt8sSuHcOSzo1SnkEVF5jHwD39SJegUlvz8nBLNeJBK6StVPCKzNNxUpOToQojUW304fW5gjniSqWejeBxo6Xtlgb0qIWW4vYoRYIIPRph8YwiW1mSxZ6sahYlfruDA52wtwPw82I9EVnEul7jRMbbFGFD2NDNW3AinEFt5sqMa84tKK0V9JJyRe4FY7yFTOVjSMV41WF2srbI3k0QVGoEaQ7r0tijCBnXil4QVwQ0ya1FW3g","b494b120a0216e50afa797788bd537e3abed549b4e5a62c1bd800ce0b6c92389");
INSERT INTO user(name, salt, hash) values("BobReiss45","1jo5OFAVDpC6xaEgt8sSuHcOSzo1SnkEVF5jHwD39SJegUlvz8nBLNeJBK6StVPCKzNNxUpOToQojUW304fW5gjniSqWejeBxo6Xtlgb0qIWW4vYoRYIIPRph8YwiW1mSxZ6sahYlfruDA52wtwPw82I9EVnEul7jRMbbFGFD2NDNW3AinEFt5sqMa84tKK0V9JJyRe4FY7yFTOVjSMV41WF2srbI3k0QVGoEaQ7r0tijCBnXil4QVwQ0ya1FW3g","b494b120a0216e50afa797788bd537e3abed549b4e5a62c1bd800ce0b6c92389");
INSERT INTO user(name, salt, hash) values("JonathanGoldman46","1jo5OFAVDpC6xaEgt8sSuHcOSzo1SnkEVF5jHwD39SJegUlvz8nBLNeJBK6StVPCKzNNxUpOToQojUW304fW5gjniSqWejeBxo6Xtlgb0qIWW4vYoRYIIPRph8YwiW1mSxZ6sahYlfruDA52wtwPw82I9EVnEul7jRMbbFGFD2NDNW3AinEFt5sqMa84tKK0V9JJyRe4FY7yFTOVjSMV41WF2srbI3k0QVGoEaQ7r0tijCBnXil4QVwQ0ya1FW3g","b494b120a0216e50afa797788bd537e3abed549b4e5a62c1bd800ce0b6c92389");
INSERT INTO user(name, salt, hash) values("JonathanKhan47","1jo5OFAVDpC6xaEgt8sSuHcOSzo1SnkEVF5jHwD39SJegUlvz8nBLNeJBK6StVPCKzNNxUpOToQojUW304fW5gjniSqWejeBxo6Xtlgb0qIWW4vYoRYIIPRph8YwiW1mSxZ6sahYlfruDA52wtwPw82I9EVnEul7jRMbbFGFD2NDNW3AinEFt5sqMa84tKK0V9JJyRe4FY7yFTOVjSMV41WF2srbI3k0QVGoEaQ7r0tijCBnXil4QVwQ0ya1FW3g","b494b120a0216e50afa797788bd537e3abed549b4e5a62c1bd800ce0b6c92389");
INSERT INTO user(name, salt, hash) values("MarkGoldman48","1jo5OFAVDpC6xaEgt8sSuHcOSzo1SnkEVF5jHwD39SJegUlvz8nBLNeJBK6StVPCKzNNxUpOToQojUW304fW5gjniSqWejeBxo6Xtlgb0qIWW4vYoRYIIPRph8YwiW1mSxZ6sahYlfruDA52wtwPw82I9EVnEul7jRMbbFGFD2NDNW3AinEFt5sqMa84tKK0V9JJyRe4FY7yFTOVjSMV41WF2srbI3k0QVGoEaQ7r0tijCBnXil4QVwQ0ya1FW3g","b494b120a0216e50afa797788bd537e3abed549b4e5a62c1bd800ce0b6c92389");
INSERT INTO user(name, salt, hash) values("JackMitchell49","1jo5OFAVDpC6xaEgt8sSuHcOSzo1SnkEVF5jHwD39SJegUlvz8nBLNeJBK6StVPCKzNNxUpOToQojUW304fW5gjniSqWejeBxo6Xtlgb0qIWW4vYoRYIIPRph8YwiW1mSxZ6sahYlfruDA52wtwPw82I9EVnEul7jRMbbFGFD2NDNW3AinEFt5sqMa84tKK0V9JJyRe4FY7yFTOVjSMV41WF2srbI3k0QVGoEaQ7r0tijCBnXil4QVwQ0ya1FW3g","b494b120a0216e50afa797788bd537e3abed549b4e5a62c1bd800ce0b6c92389");
INSERT INTO user(name, salt, hash) values("KatieJohnson50","1jo5OFAVDpC6xaEgt8sSuHcOSzo1SnkEVF5jHwD39SJegUlvz8nBLNeJBK6StVPCKzNNxUpOToQojUW304fW5gjniSqWejeBxo6Xtlgb0qIWW4vYoRYIIPRph8YwiW1mSxZ6sahYlfruDA52wtwPw82I9EVnEul7jRMbbFGFD2NDNW3AinEFt5sqMa84tKK0V9JJyRe4FY7yFTOVjSMV41WF2srbI3k0QVGoEaQ7r0tijCBnXil4QVwQ0ya1FW3g","b494b120a0216e50afa797788bd537e3abed549b4e5a62c1bd800ce0b6c92389");
INSERT INTO user(name, salt, hash) values("TomStenbit51","1jo5OFAVDpC6xaEgt8sSuHcOSzo1SnkEVF5jHwD39SJegUlvz8nBLNeJBK6StVPCKzNNxUpOToQojUW304fW5gjniSqWejeBxo6Xtlgb0qIWW4vYoRYIIPRph8YwiW1mSxZ6sahYlfruDA52wtwPw82I9EVnEul7jRMbbFGFD2NDNW3AinEFt5sqMa84tKK0V9JJyRe4FY7yFTOVjSMV41WF2srbI3k0QVGoEaQ7r0tijCBnXil4QVwQ0ya1FW3g","b494b120a0216e50afa797788bd537e3abed549b4e5a62c1bd800ce0b6c92389");
INSERT INTO user(name, salt, hash) values("GraceStenbit52","1jo5OFAVDpC6xaEgt8sSuHcOSzo1SnkEVF5jHwD39SJegUlvz8nBLNeJBK6StVPCKzNNxUpOToQojUW304fW5gjniSqWejeBxo6Xtlgb0qIWW4vYoRYIIPRph8YwiW1mSxZ6sahYlfruDA52wtwPw82I9EVnEul7jRMbbFGFD2NDNW3AinEFt5sqMa84tKK0V9JJyRe4FY7yFTOVjSMV41WF2srbI3k0QVGoEaQ7r0tijCBnXil4QVwQ0ya1FW3g","b494b120a0216e50afa797788bd537e3abed549b4e5a62c1bd800ce0b6c92389");
INSERT INTO user(name, salt, hash) values("GraceCohen53","1jo5OFAVDpC6xaEgt8sSuHcOSzo1SnkEVF5jHwD39SJegUlvz8nBLNeJBK6StVPCKzNNxUpOToQojUW304fW5gjniSqWejeBxo6Xtlgb0qIWW4vYoRYIIPRph8YwiW1mSxZ6sahYlfruDA52wtwPw82I9EVnEul7jRMbbFGFD2NDNW3AinEFt5sqMa84tKK0V9JJyRe4FY7yFTOVjSMV41WF2srbI3k0QVGoEaQ7r0tijCBnXil4QVwQ0ya1FW3g","b494b120a0216e50afa797788bd537e3abed549b4e5a62c1bd800ce0b6c92389");
INSERT INTO user(name, salt, hash) values("KatieStenbit54","1jo5OFAVDpC6xaEgt8sSuHcOSzo1SnkEVF5jHwD39SJegUlvz8nBLNeJBK6StVPCKzNNxUpOToQojUW304fW5gjniSqWejeBxo6Xtlgb0qIWW4vYoRYIIPRph8YwiW1mSxZ6sahYlfruDA52wtwPw82I9EVnEul7jRMbbFGFD2NDNW3AinEFt5sqMa84tKK0V9JJyRe4FY7yFTOVjSMV41WF2srbI3k0QVGoEaQ7r0tijCBnXil4QVwQ0ya1FW3g","b494b120a0216e50afa797788bd537e3abed549b4e5a62c1bd800ce0b6c92389");
INSERT INTO user(name, salt, hash) values("AllisonCarter55","1jo5OFAVDpC6xaEgt8sSuHcOSzo1SnkEVF5jHwD39SJegUlvz8nBLNeJBK6StVPCKzNNxUpOToQojUW304fW5gjniSqWejeBxo6Xtlgb0qIWW4vYoRYIIPRph8YwiW1mSxZ6sahYlfruDA52wtwPw82I9EVnEul7jRMbbFGFD2NDNW3AinEFt5sqMa84tKK0V9JJyRe4FY7yFTOVjSMV41WF2srbI3k0QVGoEaQ7r0tijCBnXil4QVwQ0ya1FW3g","b494b120a0216e50afa797788bd537e3abed549b4e5a62c1bd800ce0b6c92389");
INSERT INTO user(name, salt, hash) values("MattReiss56","1jo5OFAVDpC6xaEgt8sSuHcOSzo1SnkEVF5jHwD39SJegUlvz8nBLNeJBK6StVPCKzNNxUpOToQojUW304fW5gjniSqWejeBxo6Xtlgb0qIWW4vYoRYIIPRph8YwiW1mSxZ6sahYlfruDA52wtwPw82I9EVnEul7jRMbbFGFD2NDNW3AinEFt5sqMa84tKK0V9JJyRe4FY7yFTOVjSMV41WF2srbI3k0QVGoEaQ7r0tijCBnXil4QVwQ0ya1FW3g","b494b120a0216e50afa797788bd537e3abed549b4e5a62c1bd800ce0b6c92389");
INSERT INTO user(name, salt, hash) values("BobStenbit57","1jo5OFAVDpC6xaEgt8sSuHcOSzo1SnkEVF5jHwD39SJegUlvz8nBLNeJBK6StVPCKzNNxUpOToQojUW304fW5gjniSqWejeBxo6Xtlgb0qIWW4vYoRYIIPRph8YwiW1mSxZ6sahYlfruDA52wtwPw82I9EVnEul7jRMbbFGFD2NDNW3AinEFt5sqMa84tKK0V9JJyRe4FY7yFTOVjSMV41WF2srbI3k0QVGoEaQ7r0tijCBnXil4QVwQ0ya1FW3g","b494b120a0216e50afa797788bd537e3abed549b4e5a62c1bd800ce0b6c92389");
INSERT INTO user(name, salt, hash) values("JenniferSmith58","1jo5OFAVDpC6xaEgt8sSuHcOSzo1SnkEVF5jHwD39SJegUlvz8nBLNeJBK6StVPCKzNNxUpOToQojUW304fW5gjniSqWejeBxo6Xtlgb0qIWW4vYoRYIIPRph8YwiW1mSxZ6sahYlfruDA52wtwPw82I9EVnEul7jRMbbFGFD2NDNW3AinEFt5sqMa84tKK0V9JJyRe4FY7yFTOVjSMV41WF2srbI3k0QVGoEaQ7r0tijCBnXil4QVwQ0ya1FW3g","b494b120a0216e50afa797788bd537e3abed549b4e5a62c1bd800ce0b6c92389");
INSERT INTO user(name, salt, hash) values("KatieGoldman59","1jo5OFAVDpC6xaEgt8sSuHcOSzo1SnkEVF5jHwD39SJegUlvz8nBLNeJBK6StVPCKzNNxUpOToQojUW304fW5gjniSqWejeBxo6Xtlgb0qIWW4vYoRYIIPRph8YwiW1mSxZ6sahYlfruDA52wtwPw82I9EVnEul7jRMbbFGFD2NDNW3AinEFt5sqMa84tKK0V9JJyRe4FY7yFTOVjSMV41WF2srbI3k0QVGoEaQ7r0tijCBnXil4QVwQ0ya1FW3g","b494b120a0216e50afa797788bd537e3abed549b4e5a62c1bd800ce0b6c92389");
INSERT INTO user(name, salt, hash) values("TomRenninger60","1jo5OFAVDpC6xaEgt8sSuHcOSzo1SnkEVF5jHwD39SJegUlvz8nBLNeJBK6StVPCKzNNxUpOToQojUW304fW5gjniSqWejeBxo6Xtlgb0qIWW4vYoRYIIPRph8YwiW1mSxZ6sahYlfruDA52wtwPw82I9EVnEul7jRMbbFGFD2NDNW3AinEFt5sqMa84tKK0V9JJyRe4FY7yFTOVjSMV41WF2srbI3k0QVGoEaQ7r0tijCBnXil4QVwQ0ya1FW3g","b494b120a0216e50afa797788bd537e3abed549b4e5a62c1bd800ce0b6c92389");
INSERT INTO user(name, salt, hash) values("AllisonStenbit61","1jo5OFAVDpC6xaEgt8sSuHcOSzo1SnkEVF5jHwD39SJegUlvz8nBLNeJBK6StVPCKzNNxUpOToQojUW304fW5gjniSqWejeBxo6Xtlgb0qIWW4vYoRYIIPRph8YwiW1mSxZ6sahYlfruDA52wtwPw82I9EVnEul7jRMbbFGFD2NDNW3AinEFt5sqMa84tKK0V9JJyRe4FY7yFTOVjSMV41WF2srbI3k0QVGoEaQ7r0tijCBnXil4QVwQ0ya1FW3g","b494b120a0216e50afa797788bd537e3abed549b4e5a62c1bd800ce0b6c92389");
INSERT INTO user(name, salt, hash) values("MattJohnson62","1jo5OFAVDpC6xaEgt8sSuHcOSzo1SnkEVF5jHwD39SJegUlvz8nBLNeJBK6StVPCKzNNxUpOToQojUW304fW5gjniSqWejeBxo6Xtlgb0qIWW4vYoRYIIPRph8YwiW1mSxZ6sahYlfruDA52wtwPw82I9EVnEul7jRMbbFGFD2NDNW3AinEFt5sqMa84tKK0V9JJyRe4FY7yFTOVjSMV41WF2srbI3k0QVGoEaQ7r0tijCBnXil4QVwQ0ya1FW3g","b494b120a0216e50afa797788bd537e3abed549b4e5a62c1bd800ce0b6c92389");
INSERT INTO user(name, salt, hash) values("PaigeRenninger63","1jo5OFAVDpC6xaEgt8sSuHcOSzo1SnkEVF5jHwD39SJegUlvz8nBLNeJBK6StVPCKzNNxUpOToQojUW304fW5gjniSqWejeBxo6Xtlgb0qIWW4vYoRYIIPRph8YwiW1mSxZ6sahYlfruDA52wtwPw82I9EVnEul7jRMbbFGFD2NDNW3AinEFt5sqMa84tKK0V9JJyRe4FY7yFTOVjSMV41WF2srbI3k0QVGoEaQ7r0tijCBnXil4QVwQ0ya1FW3g","b494b120a0216e50afa797788bd537e3abed549b4e5a62c1bd800ce0b6c92389");
INSERT INTO user(name, salt, hash) values("GraceCohen64","1jo5OFAVDpC6xaEgt8sSuHcOSzo1SnkEVF5jHwD39SJegUlvz8nBLNeJBK6StVPCKzNNxUpOToQojUW304fW5gjniSqWejeBxo6Xtlgb0qIWW4vYoRYIIPRph8YwiW1mSxZ6sahYlfruDA52wtwPw82I9EVnEul7jRMbbFGFD2NDNW3AinEFt5sqMa84tKK0V9JJyRe4FY7yFTOVjSMV41WF2srbI3k0QVGoEaQ7r0tijCBnXil4QVwQ0ya1FW3g","b494b120a0216e50afa797788bd537e3abed549b4e5a62c1bd800ce0b6c92389");
INSERT INTO user(name, salt, hash) values("MattJohnson65","1jo5OFAVDpC6xaEgt8sSuHcOSzo1SnkEVF5jHwD39SJegUlvz8nBLNeJBK6StVPCKzNNxUpOToQojUW304fW5gjniSqWejeBxo6Xtlgb0qIWW4vYoRYIIPRph8YwiW1mSxZ6sahYlfruDA52wtwPw82I9EVnEul7jRMbbFGFD2NDNW3AinEFt5sqMa84tKK0V9JJyRe4FY7yFTOVjSMV41WF2srbI3k0QVGoEaQ7r0tijCBnXil4QVwQ0ya1FW3g","b494b120a0216e50afa797788bd537e3abed549b4e5a62c1bd800ce0b6c92389");
INSERT INTO user(name, salt, hash) values("JenniferMitchell66","1jo5OFAVDpC6xaEgt8sSuHcOSzo1SnkEVF5jHwD39SJegUlvz8nBLNeJBK6StVPCKzNNxUpOToQojUW304fW5gjniSqWejeBxo6Xtlgb0qIWW4vYoRYIIPRph8YwiW1mSxZ6sahYlfruDA52wtwPw82I9EVnEul7jRMbbFGFD2NDNW3AinEFt5sqMa84tKK0V9JJyRe4FY7yFTOVjSMV41WF2srbI3k0QVGoEaQ7r0tijCBnXil4QVwQ0ya1FW3g","b494b120a0216e50afa797788bd537e3abed549b4e5a62c1bd800ce0b6c92389");
INSERT INTO user(name, salt, hash) values("JackFontenot67","1jo5OFAVDpC6xaEgt8sSuHcOSzo1SnkEVF5jHwD39SJegUlvz8nBLNeJBK6StVPCKzNNxUpOToQojUW304fW5gjniSqWejeBxo6Xtlgb0qIWW4vYoRYIIPRph8YwiW1mSxZ6sahYlfruDA52wtwPw82I9EVnEul7jRMbbFGFD2NDNW3AinEFt5sqMa84tKK0V9JJyRe4FY7yFTOVjSMV41WF2srbI3k0QVGoEaQ7r0tijCBnXil4QVwQ0ya1FW3g","b494b120a0216e50afa797788bd537e3abed549b4e5a62c1bd800ce0b6c92389");
INSERT INTO user(name, salt, hash) values("JonathanStenbit68","1jo5OFAVDpC6xaEgt8sSuHcOSzo1SnkEVF5jHwD39SJegUlvz8nBLNeJBK6StVPCKzNNxUpOToQojUW304fW5gjniSqWejeBxo6Xtlgb0qIWW4vYoRYIIPRph8YwiW1mSxZ6sahYlfruDA52wtwPw82I9EVnEul7jRMbbFGFD2NDNW3AinEFt5sqMa84tKK0V9JJyRe4FY7yFTOVjSMV41WF2srbI3k0QVGoEaQ7r0tijCBnXil4QVwQ0ya1FW3g","b494b120a0216e50afa797788bd537e3abed549b4e5a62c1bd800ce0b6c92389");
INSERT INTO user(name, salt, hash) values("JackStenbit69","1jo5OFAVDpC6xaEgt8sSuHcOSzo1SnkEVF5jHwD39SJegUlvz8nBLNeJBK6StVPCKzNNxUpOToQojUW304fW5gjniSqWejeBxo6Xtlgb0qIWW4vYoRYIIPRph8YwiW1mSxZ6sahYlfruDA52wtwPw82I9EVnEul7jRMbbFGFD2NDNW3AinEFt5sqMa84tKK0V9JJyRe4FY7yFTOVjSMV41WF2srbI3k0QVGoEaQ7r0tijCBnXil4QVwQ0ya1FW3g","b494b120a0216e50afa797788bd537e3abed549b4e5a62c1bd800ce0b6c92389");
INSERT INTO user(name, salt, hash) values("JackJohnson70","1jo5OFAVDpC6xaEgt8sSuHcOSzo1SnkEVF5jHwD39SJegUlvz8nBLNeJBK6StVPCKzNNxUpOToQojUW304fW5gjniSqWejeBxo6Xtlgb0qIWW4vYoRYIIPRph8YwiW1mSxZ6sahYlfruDA52wtwPw82I9EVnEul7jRMbbFGFD2NDNW3AinEFt5sqMa84tKK0V9JJyRe4FY7yFTOVjSMV41WF2srbI3k0QVGoEaQ7r0tijCBnXil4QVwQ0ya1FW3g","b494b120a0216e50afa797788bd537e3abed549b4e5a62c1bd800ce0b6c92389");
INSERT INTO user(name, salt, hash) values("TimmothyGoldman71","1jo5OFAVDpC6xaEgt8sSuHcOSzo1SnkEVF5jHwD39SJegUlvz8nBLNeJBK6StVPCKzNNxUpOToQojUW304fW5gjniSqWejeBxo6Xtlgb0qIWW4vYoRYIIPRph8YwiW1mSxZ6sahYlfruDA52wtwPw82I9EVnEul7jRMbbFGFD2NDNW3AinEFt5sqMa84tKK0V9JJyRe4FY7yFTOVjSMV41WF2srbI3k0QVGoEaQ7r0tijCBnXil4QVwQ0ya1FW3g","b494b120a0216e50afa797788bd537e3abed549b4e5a62c1bd800ce0b6c92389");
INSERT INTO user(name, salt, hash) values("JohnGabrielson72","1jo5OFAVDpC6xaEgt8sSuHcOSzo1SnkEVF5jHwD39SJegUlvz8nBLNeJBK6StVPCKzNNxUpOToQojUW304fW5gjniSqWejeBxo6Xtlgb0qIWW4vYoRYIIPRph8YwiW1mSxZ6sahYlfruDA52wtwPw82I9EVnEul7jRMbbFGFD2NDNW3AinEFt5sqMa84tKK0V9JJyRe4FY7yFTOVjSMV41WF2srbI3k0QVGoEaQ7r0tijCBnXil4QVwQ0ya1FW3g","b494b120a0216e50afa797788bd537e3abed549b4e5a62c1bd800ce0b6c92389");
INSERT INTO user(name, salt, hash) values("MarkGabrielson73","1jo5OFAVDpC6xaEgt8sSuHcOSzo1SnkEVF5jHwD39SJegUlvz8nBLNeJBK6StVPCKzNNxUpOToQojUW304fW5gjniSqWejeBxo6Xtlgb0qIWW4vYoRYIIPRph8YwiW1mSxZ6sahYlfruDA52wtwPw82I9EVnEul7jRMbbFGFD2NDNW3AinEFt5sqMa84tKK0V9JJyRe4FY7yFTOVjSMV41WF2srbI3k0QVGoEaQ7r0tijCBnXil4QVwQ0ya1FW3g","b494b120a0216e50afa797788bd537e3abed549b4e5a62c1bd800ce0b6c92389");
INSERT INTO user(name, salt, hash) values("BenSmith74","1jo5OFAVDpC6xaEgt8sSuHcOSzo1SnkEVF5jHwD39SJegUlvz8nBLNeJBK6StVPCKzNNxUpOToQojUW304fW5gjniSqWejeBxo6Xtlgb0qIWW4vYoRYIIPRph8YwiW1mSxZ6sahYlfruDA52wtwPw82I9EVnEul7jRMbbFGFD2NDNW3AinEFt5sqMa84tKK0V9JJyRe4FY7yFTOVjSMV41WF2srbI3k0QVGoEaQ7r0tijCBnXil4QVwQ0ya1FW3g","b494b120a0216e50afa797788bd537e3abed549b4e5a62c1bd800ce0b6c92389");
INSERT INTO user(name, salt, hash) values("MattSmith75","1jo5OFAVDpC6xaEgt8sSuHcOSzo1SnkEVF5jHwD39SJegUlvz8nBLNeJBK6StVPCKzNNxUpOToQojUW304fW5gjniSqWejeBxo6Xtlgb0qIWW4vYoRYIIPRph8YwiW1mSxZ6sahYlfruDA52wtwPw82I9EVnEul7jRMbbFGFD2NDNW3AinEFt5sqMa84tKK0V9JJyRe4FY7yFTOVjSMV41WF2srbI3k0QVGoEaQ7r0tijCBnXil4QVwQ0ya1FW3g","b494b120a0216e50afa797788bd537e3abed549b4e5a62c1bd800ce0b6c92389");
INSERT INTO user(name, salt, hash) values("TimmothyReiss76","1jo5OFAVDpC6xaEgt8sSuHcOSzo1SnkEVF5jHwD39SJegUlvz8nBLNeJBK6StVPCKzNNxUpOToQojUW304fW5gjniSqWejeBxo6Xtlgb0qIWW4vYoRYIIPRph8YwiW1mSxZ6sahYlfruDA52wtwPw82I9EVnEul7jRMbbFGFD2NDNW3AinEFt5sqMa84tKK0V9JJyRe4FY7yFTOVjSMV41WF2srbI3k0QVGoEaQ7r0tijCBnXil4QVwQ0ya1FW3g","b494b120a0216e50afa797788bd537e3abed549b4e5a62c1bd800ce0b6c92389");
INSERT INTO user(name, salt, hash) values("TimmothySmith77","1jo5OFAVDpC6xaEgt8sSuHcOSzo1SnkEVF5jHwD39SJegUlvz8nBLNeJBK6StVPCKzNNxUpOToQojUW304fW5gjniSqWejeBxo6Xtlgb0qIWW4vYoRYIIPRph8YwiW1mSxZ6sahYlfruDA52wtwPw82I9EVnEul7jRMbbFGFD2NDNW3AinEFt5sqMa84tKK0V9JJyRe4FY7yFTOVjSMV41WF2srbI3k0QVGoEaQ7r0tijCBnXil4QVwQ0ya1FW3g","b494b120a0216e50afa797788bd537e3abed549b4e5a62c1bd800ce0b6c92389");
INSERT INTO user(name, salt, hash) values("SarahMitchell78","1jo5OFAVDpC6xaEgt8sSuHcOSzo1SnkEVF5jHwD39SJegUlvz8nBLNeJBK6StVPCKzNNxUpOToQojUW304fW5gjniSqWejeBxo6Xtlgb0qIWW4vYoRYIIPRph8YwiW1mSxZ6sahYlfruDA52wtwPw82I9EVnEul7jRMbbFGFD2NDNW3AinEFt5sqMa84tKK0V9JJyRe4FY7yFTOVjSMV41WF2srbI3k0QVGoEaQ7r0tijCBnXil4QVwQ0ya1FW3g","b494b120a0216e50afa797788bd537e3abed549b4e5a62c1bd800ce0b6c92389");
INSERT INTO user(name, salt, hash) values("GraceKhan79","1jo5OFAVDpC6xaEgt8sSuHcOSzo1SnkEVF5jHwD39SJegUlvz8nBLNeJBK6StVPCKzNNxUpOToQojUW304fW5gjniSqWejeBxo6Xtlgb0qIWW4vYoRYIIPRph8YwiW1mSxZ6sahYlfruDA52wtwPw82I9EVnEul7jRMbbFGFD2NDNW3AinEFt5sqMa84tKK0V9JJyRe4FY7yFTOVjSMV41WF2srbI3k0QVGoEaQ7r0tijCBnXil4QVwQ0ya1FW3g","b494b120a0216e50afa797788bd537e3abed549b4e5a62c1bd800ce0b6c92389");
INSERT INTO user(name, salt, hash) values("MarkSmith80","1jo5OFAVDpC6xaEgt8sSuHcOSzo1SnkEVF5jHwD39SJegUlvz8nBLNeJBK6StVPCKzNNxUpOToQojUW304fW5gjniSqWejeBxo6Xtlgb0qIWW4vYoRYIIPRph8YwiW1mSxZ6sahYlfruDA52wtwPw82I9EVnEul7jRMbbFGFD2NDNW3AinEFt5sqMa84tKK0V9JJyRe4FY7yFTOVjSMV41WF2srbI3k0QVGoEaQ7r0tijCBnXil4QVwQ0ya1FW3g","b494b120a0216e50afa797788bd537e3abed549b4e5a62c1bd800ce0b6c92389");
INSERT INTO user(name, salt, hash) values("SarahHansen81","1jo5OFAVDpC6xaEgt8sSuHcOSzo1SnkEVF5jHwD39SJegUlvz8nBLNeJBK6StVPCKzNNxUpOToQojUW304fW5gjniSqWejeBxo6Xtlgb0qIWW4vYoRYIIPRph8YwiW1mSxZ6sahYlfruDA52wtwPw82I9EVnEul7jRMbbFGFD2NDNW3AinEFt5sqMa84tKK0V9JJyRe4FY7yFTOVjSMV41WF2srbI3k0QVGoEaQ7r0tijCBnXil4QVwQ0ya1FW3g","b494b120a0216e50afa797788bd537e3abed549b4e5a62c1bd800ce0b6c92389");
INSERT INTO user(name, salt, hash) values("MarkHansen82","1jo5OFAVDpC6xaEgt8sSuHcOSzo1SnkEVF5jHwD39SJegUlvz8nBLNeJBK6StVPCKzNNxUpOToQojUW304fW5gjniSqWejeBxo6Xtlgb0qIWW4vYoRYIIPRph8YwiW1mSxZ6sahYlfruDA52wtwPw82I9EVnEul7jRMbbFGFD2NDNW3AinEFt5sqMa84tKK0V9JJyRe4FY7yFTOVjSMV41WF2srbI3k0QVGoEaQ7r0tijCBnXil4QVwQ0ya1FW3g","b494b120a0216e50afa797788bd537e3abed549b4e5a62c1bd800ce0b6c92389");
INSERT INTO user(name, salt, hash) values("JohnKhan83","1jo5OFAVDpC6xaEgt8sSuHcOSzo1SnkEVF5jHwD39SJegUlvz8nBLNeJBK6StVPCKzNNxUpOToQojUW304fW5gjniSqWejeBxo6Xtlgb0qIWW4vYoRYIIPRph8YwiW1mSxZ6sahYlfruDA52wtwPw82I9EVnEul7jRMbbFGFD2NDNW3AinEFt5sqMa84tKK0V9JJyRe4FY7yFTOVjSMV41WF2srbI3k0QVGoEaQ7r0tijCBnXil4QVwQ0ya1FW3g","b494b120a0216e50afa797788bd537e3abed549b4e5a62c1bd800ce0b6c92389");
INSERT INTO user(name, salt, hash) values("AllisonHansen84","1jo5OFAVDpC6xaEgt8sSuHcOSzo1SnkEVF5jHwD39SJegUlvz8nBLNeJBK6StVPCKzNNxUpOToQojUW304fW5gjniSqWejeBxo6Xtlgb0qIWW4vYoRYIIPRph8YwiW1mSxZ6sahYlfruDA52wtwPw82I9EVnEul7jRMbbFGFD2NDNW3AinEFt5sqMa84tKK0V9JJyRe4FY7yFTOVjSMV41WF2srbI3k0QVGoEaQ7r0tijCBnXil4QVwQ0ya1FW3g","b494b120a0216e50afa797788bd537e3abed549b4e5a62c1bd800ce0b6c92389");
INSERT INTO user(name, salt, hash) values("JenniferMitchell85","1jo5OFAVDpC6xaEgt8sSuHcOSzo1SnkEVF5jHwD39SJegUlvz8nBLNeJBK6StVPCKzNNxUpOToQojUW304fW5gjniSqWejeBxo6Xtlgb0qIWW4vYoRYIIPRph8YwiW1mSxZ6sahYlfruDA52wtwPw82I9EVnEul7jRMbbFGFD2NDNW3AinEFt5sqMa84tKK0V9JJyRe4FY7yFTOVjSMV41WF2srbI3k0QVGoEaQ7r0tijCBnXil4QVwQ0ya1FW3g","b494b120a0216e50afa797788bd537e3abed549b4e5a62c1bd800ce0b6c92389");
INSERT INTO user(name, salt, hash) values("MattReiss86","1jo5OFAVDpC6xaEgt8sSuHcOSzo1SnkEVF5jHwD39SJegUlvz8nBLNeJBK6StVPCKzNNxUpOToQojUW304fW5gjniSqWejeBxo6Xtlgb0qIWW4vYoRYIIPRph8YwiW1mSxZ6sahYlfruDA52wtwPw82I9EVnEul7jRMbbFGFD2NDNW3AinEFt5sqMa84tKK0V9JJyRe4FY7yFTOVjSMV41WF2srbI3k0QVGoEaQ7r0tijCBnXil4QVwQ0ya1FW3g","b494b120a0216e50afa797788bd537e3abed549b4e5a62c1bd800ce0b6c92389");
INSERT INTO user(name, salt, hash) values("TimmothyStenbit87","1jo5OFAVDpC6xaEgt8sSuHcOSzo1SnkEVF5jHwD39SJegUlvz8nBLNeJBK6StVPCKzNNxUpOToQojUW304fW5gjniSqWejeBxo6Xtlgb0qIWW4vYoRYIIPRph8YwiW1mSxZ6sahYlfruDA52wtwPw82I9EVnEul7jRMbbFGFD2NDNW3AinEFt5sqMa84tKK0V9JJyRe4FY7yFTOVjSMV41WF2srbI3k0QVGoEaQ7r0tijCBnXil4QVwQ0ya1FW3g","b494b120a0216e50afa797788bd537e3abed549b4e5a62c1bd800ce0b6c92389");
INSERT INTO user(name, salt, hash) values("MaryBanbury88","1jo5OFAVDpC6xaEgt8sSuHcOSzo1SnkEVF5jHwD39SJegUlvz8nBLNeJBK6StVPCKzNNxUpOToQojUW304fW5gjniSqWejeBxo6Xtlgb0qIWW4vYoRYIIPRph8YwiW1mSxZ6sahYlfruDA52wtwPw82I9EVnEul7jRMbbFGFD2NDNW3AinEFt5sqMa84tKK0V9JJyRe4FY7yFTOVjSMV41WF2srbI3k0QVGoEaQ7r0tijCBnXil4QVwQ0ya1FW3g","b494b120a0216e50afa797788bd537e3abed549b4e5a62c1bd800ce0b6c92389");
INSERT INTO user(name, salt, hash) values("MarkCarter89","1jo5OFAVDpC6xaEgt8sSuHcOSzo1SnkEVF5jHwD39SJegUlvz8nBLNeJBK6StVPCKzNNxUpOToQojUW304fW5gjniSqWejeBxo6Xtlgb0qIWW4vYoRYIIPRph8YwiW1mSxZ6sahYlfruDA52wtwPw82I9EVnEul7jRMbbFGFD2NDNW3AinEFt5sqMa84tKK0V9JJyRe4FY7yFTOVjSMV41WF2srbI3k0QVGoEaQ7r0tijCBnXil4QVwQ0ya1FW3g","b494b120a0216e50afa797788bd537e3abed549b4e5a62c1bd800ce0b6c92389");
INSERT INTO user(name, salt, hash) values("JackReiss90","1jo5OFAVDpC6xaEgt8sSuHcOSzo1SnkEVF5jHwD39SJegUlvz8nBLNeJBK6StVPCKzNNxUpOToQojUW304fW5gjniSqWejeBxo6Xtlgb0qIWW4vYoRYIIPRph8YwiW1mSxZ6sahYlfruDA52wtwPw82I9EVnEul7jRMbbFGFD2NDNW3AinEFt5sqMa84tKK0V9JJyRe4FY7yFTOVjSMV41WF2srbI3k0QVGoEaQ7r0tijCBnXil4QVwQ0ya1FW3g","b494b120a0216e50afa797788bd537e3abed549b4e5a62c1bd800ce0b6c92389");
INSERT INTO user(name, salt, hash) values("TimmothyStenbit91","1jo5OFAVDpC6xaEgt8sSuHcOSzo1SnkEVF5jHwD39SJegUlvz8nBLNeJBK6StVPCKzNNxUpOToQojUW304fW5gjniSqWejeBxo6Xtlgb0qIWW4vYoRYIIPRph8YwiW1mSxZ6sahYlfruDA52wtwPw82I9EVnEul7jRMbbFGFD2NDNW3AinEFt5sqMa84tKK0V9JJyRe4FY7yFTOVjSMV41WF2srbI3k0QVGoEaQ7r0tijCBnXil4QVwQ0ya1FW3g","b494b120a0216e50afa797788bd537e3abed549b4e5a62c1bd800ce0b6c92389");
INSERT INTO user(name, salt, hash) values("AllisonStenbit92","1jo5OFAVDpC6xaEgt8sSuHcOSzo1SnkEVF5jHwD39SJegUlvz8nBLNeJBK6StVPCKzNNxUpOToQojUW304fW5gjniSqWejeBxo6Xtlgb0qIWW4vYoRYIIPRph8YwiW1mSxZ6sahYlfruDA52wtwPw82I9EVnEul7jRMbbFGFD2NDNW3AinEFt5sqMa84tKK0V9JJyRe4FY7yFTOVjSMV41WF2srbI3k0QVGoEaQ7r0tijCBnXil4QVwQ0ya1FW3g","b494b120a0216e50afa797788bd537e3abed549b4e5a62c1bd800ce0b6c92389");
INSERT INTO user(name, salt, hash) values("MaryJohnson93","1jo5OFAVDpC6xaEgt8sSuHcOSzo1SnkEVF5jHwD39SJegUlvz8nBLNeJBK6StVPCKzNNxUpOToQojUW304fW5gjniSqWejeBxo6Xtlgb0qIWW4vYoRYIIPRph8YwiW1mSxZ6sahYlfruDA52wtwPw82I9EVnEul7jRMbbFGFD2NDNW3AinEFt5sqMa84tKK0V9JJyRe4FY7yFTOVjSMV41WF2srbI3k0QVGoEaQ7r0tijCBnXil4QVwQ0ya1FW3g","b494b120a0216e50afa797788bd537e3abed549b4e5a62c1bd800ce0b6c92389");
INSERT INTO user(name, salt, hash) values("BenReiss94","1jo5OFAVDpC6xaEgt8sSuHcOSzo1SnkEVF5jHwD39SJegUlvz8nBLNeJBK6StVPCKzNNxUpOToQojUW304fW5gjniSqWejeBxo6Xtlgb0qIWW4vYoRYIIPRph8YwiW1mSxZ6sahYlfruDA52wtwPw82I9EVnEul7jRMbbFGFD2NDNW3AinEFt5sqMa84tKK0V9JJyRe4FY7yFTOVjSMV41WF2srbI3k0QVGoEaQ7r0tijCBnXil4QVwQ0ya1FW3g","b494b120a0216e50afa797788bd537e3abed549b4e5a62c1bd800ce0b6c92389");
INSERT INTO user(name, salt, hash) values("TimmothyKhan95","1jo5OFAVDpC6xaEgt8sSuHcOSzo1SnkEVF5jHwD39SJegUlvz8nBLNeJBK6StVPCKzNNxUpOToQojUW304fW5gjniSqWejeBxo6Xtlgb0qIWW4vYoRYIIPRph8YwiW1mSxZ6sahYlfruDA52wtwPw82I9EVnEul7jRMbbFGFD2NDNW3AinEFt5sqMa84tKK0V9JJyRe4FY7yFTOVjSMV41WF2srbI3k0QVGoEaQ7r0tijCBnXil4QVwQ0ya1FW3g","b494b120a0216e50afa797788bd537e3abed549b4e5a62c1bd800ce0b6c92389");
INSERT INTO user(name, salt, hash) values("TimmothyHansen96","1jo5OFAVDpC6xaEgt8sSuHcOSzo1SnkEVF5jHwD39SJegUlvz8nBLNeJBK6StVPCKzNNxUpOToQojUW304fW5gjniSqWejeBxo6Xtlgb0qIWW4vYoRYIIPRph8YwiW1mSxZ6sahYlfruDA52wtwPw82I9EVnEul7jRMbbFGFD2NDNW3AinEFt5sqMa84tKK0V9JJyRe4FY7yFTOVjSMV41WF2srbI3k0QVGoEaQ7r0tijCBnXil4QVwQ0ya1FW3g","b494b120a0216e50afa797788bd537e3abed549b4e5a62c1bd800ce0b6c92389");
INSERT INTO user(name, salt, hash) values("BobJohnson97","1jo5OFAVDpC6xaEgt8sSuHcOSzo1SnkEVF5jHwD39SJegUlvz8nBLNeJBK6StVPCKzNNxUpOToQojUW304fW5gjniSqWejeBxo6Xtlgb0qIWW4vYoRYIIPRph8YwiW1mSxZ6sahYlfruDA52wtwPw82I9EVnEul7jRMbbFGFD2NDNW3AinEFt5sqMa84tKK0V9JJyRe4FY7yFTOVjSMV41WF2srbI3k0QVGoEaQ7r0tijCBnXil4QVwQ0ya1FW3g","b494b120a0216e50afa797788bd537e3abed549b4e5a62c1bd800ce0b6c92389");
INSERT INTO user(name, salt, hash) values("MattFontenot98","1jo5OFAVDpC6xaEgt8sSuHcOSzo1SnkEVF5jHwD39SJegUlvz8nBLNeJBK6StVPCKzNNxUpOToQojUW304fW5gjniSqWejeBxo6Xtlgb0qIWW4vYoRYIIPRph8YwiW1mSxZ6sahYlfruDA52wtwPw82I9EVnEul7jRMbbFGFD2NDNW3AinEFt5sqMa84tKK0V9JJyRe4FY7yFTOVjSMV41WF2srbI3k0QVGoEaQ7r0tijCBnXil4QVwQ0ya1FW3g","b494b120a0216e50afa797788bd537e3abed549b4e5a62c1bd800ce0b6c92389");
INSERT INTO user(name, salt, hash) values("AllisonSmith99","1jo5OFAVDpC6xaEgt8sSuHcOSzo1SnkEVF5jHwD39SJegUlvz8nBLNeJBK6StVPCKzNNxUpOToQojUW304fW5gjniSqWejeBxo6Xtlgb0qIWW4vYoRYIIPRph8YwiW1mSxZ6sahYlfruDA52wtwPw82I9EVnEul7jRMbbFGFD2NDNW3AinEFt5sqMa84tKK0V9JJyRe4FY7yFTOVjSMV41WF2srbI3k0QVGoEaQ7r0tijCBnXil4QVwQ0ya1FW3g","b494b120a0216e50afa797788bd537e3abed549b4e5a62c1bd800ce0b6c92389");





INSERT INTO game(sport, time, date, playerCount, location, full) values("pool","09:30:00", "2016-5-18" , 10 , "Moody Colliseum" , FALSE);
INSERT INTO game(sport, time, date, playerCount, location, full) values("indoor soccer","12:30:00", "2016-5-12" , 8 , "Dedman" , FALSE);
INSERT INTO game(sport, time, date, playerCount, location, full) values("soccer","22:00:00", "2016-5-12" , 6 , "Dedman" , FALSE);
INSERT INTO game(sport, time, date, playerCount, location, full) values("football","09:30:00", "2016-4-14" , 6 , "Moody Colliseum" , FALSE);
INSERT INTO game(sport, time, date, playerCount, location, full) values("squash","08:00:00", "2016-3-14" , 6 , "Wescott Field" , FALSE);
INSERT INTO game(sport, time, date, playerCount, location, full) values("tennis","13:25:00", "2016-3-14" , 4 , "Moody Colliseum" , FALSE);
INSERT INTO game(sport, time, date, playerCount, location, full) values("pool","14:20:00", "2016-5-18" , 5 , "Wescott Field" , FALSE);
INSERT INTO game(sport, time, date, playerCount, location, full) values("ping pong","08:00:00", "2016-5-12" , 2 , "Dedman" , TRUE);
INSERT INTO game(sport, time, date, playerCount, location, full) values("indoor soccer","16:40:00", "2016-3-14" , 15 , "Wescott Field" , FALSE);
INSERT INTO game(sport, time, date, playerCount, location, full) values("indoor soccer","12:30:00", "2016-4-28" , 4 , "Wescott Field" , TRUE);
INSERT INTO game(sport, time, date, playerCount, location, full) values("football","22:00:00", "2016-5-18" , 6 , "Dedman" , TRUE);
INSERT INTO game(sport, time, date, playerCount, location, full) values("ping pong","13:25:00", "2016-3-14" , 15 , "Some Park" , FALSE);
INSERT INTO game(sport, time, date, playerCount, location, full) values("ultimate frisbee","12:30:00", "2016-4-14" , 15 , "Some Park" , TRUE);
INSERT INTO game(sport, time, date, playerCount, location, full) values("ultimate frisbee","22:00:00", "2016-4-11" , 6 , "Intramural Fields" , TRUE);
INSERT INTO game(sport, time, date, playerCount, location, full) values("pool","09:30:00", "2016-3-28" , 6 , "Dedman" , FALSE);
INSERT INTO game(sport, time, date, playerCount, location, full) values("ping pong","21:05:00", "2016-3-14" , 2 , "Dedman" , FALSE);
INSERT INTO game(sport, time, date, playerCount, location, full) values("ping pong","21:05:00", "2016-4-14" , 2 , "Moody Colliseum" , FALSE);
INSERT INTO game(sport, time, date, playerCount, location, full) values("squash","18:15:00", "2016-4-11" , 2 , "Some Park" , FALSE);
INSERT INTO game(sport, time, date, playerCount, location, full) values("ping pong","18:15:00", "2016-4-28" , 10 , "Intramural Fields" , TRUE);
INSERT INTO game(sport, time, date, playerCount, location, full) values("ultimate frisbee","18:15:00", "2016-4-14" , 10 , "Dedman" , FALSE);
INSERT INTO game(sport, time, date, playerCount, location, full) values("soccer","09:30:00", "2016-5-18" , 2 , "Intramural Fields" , TRUE);
INSERT INTO game(sport, time, date, playerCount, location, full) values("squash","09:30:00", "2016-4-14" , 2 , "Some Park" , FALSE);
INSERT INTO game(sport, time, date, playerCount, location, full) values("pool","09:30:00", "2016-5-18" , 8 , "Wescott Field" , FALSE);
INSERT INTO game(sport, time, date, playerCount, location, full) values("ultimate frisbee","16:40:00", "2016-4-11" , 15 , "Intramural Fields" , FALSE);
INSERT INTO game(sport, time, date, playerCount, location, full) values("pool","16:40:00", "2016-4-14" , 2 , "Dedman" , TRUE);
INSERT INTO game(sport, time, date, playerCount, location, full) values("pool","18:15:00", "2016-4-28" , 5 , "Intramural Fields" , FALSE);
INSERT INTO game(sport, time, date, playerCount, location, full) values("ping pong","22:00:00", "2016-4-28" , 2 , "Dedman" , FALSE);
INSERT INTO game(sport, time, date, playerCount, location, full) values("pool","09:30:00", "2016-5-12" , 4 , "Dedman" , FALSE);
INSERT INTO game(sport, time, date, playerCount, location, full) values("basketball","08:00:00", "2016-5-12" , 2 , "Wescott Field" , FALSE);
INSERT INTO game(sport, time, date, playerCount, location, full) values("tennis","22:00:00", "2016-3-14" , 8 , "Wescott Field" , FALSE);
INSERT INTO game(sport, time, date, playerCount, location, full) values("indoor soccer","13:25:00", "2016-3-14" , 8 , "Dedman" , FALSE);
INSERT INTO game(sport, time, date, playerCount, location, full) values("basketball","21:05:00", "2016-4-28" , 8 , "Moody Colliseum" , FALSE);
INSERT INTO game(sport, time, date, playerCount, location, full) values("ultimate frisbee","13:25:00", "2016-4-28" , 5 , "Intramural Fields" , FALSE);
INSERT INTO game(sport, time, date, playerCount, location, full) values("indoor soccer","16:40:00", "2016-3-14" , 2 , "Moody Colliseum" , FALSE);
INSERT INTO game(sport, time, date, playerCount, location, full) values("pool","12:30:00", "2016-7-11" , 5 , "Some Park" , FALSE);
INSERT INTO game(sport, time, date, playerCount, location, full) values("tennis","12:30:00", "2016-3-14" , 5 , "Dedman" , FALSE);
INSERT INTO game(sport, time, date, playerCount, location, full) values("ping pong","09:30:00", "2016-4-28" , 4 , "Some Park" , FALSE);
INSERT INTO game(sport, time, date, playerCount, location, full) values("ping pong","09:30:00", "2016-4-14" , 5 , "Dedman" , TRUE);
INSERT INTO game(sport, time, date, playerCount, location, full) values("indoor soccer","18:15:00", "2016-5-12" , 8 , "Some Park" , FALSE);
INSERT INTO game(sport, time, date, playerCount, location, full) values("ultimate frisbee","22:00:00", "2016-4-28" , 2 , "Moody Colliseum" , FALSE);
INSERT INTO game(sport, time, date, playerCount, location, full) values("ping pong","21:05:00", "2016-4-11" , 8 , "Some Park" , FALSE);
INSERT INTO game(sport, time, date, playerCount, location, full) values("ultimate frisbee","13:25:00", "2016-3-28" , 5 , "Dedman" , FALSE);
INSERT INTO game(sport, time, date, playerCount, location, full) values("indoor soccer","16:40:00", "2016-4-14" , 4 , "Moody Colliseum" , FALSE);
INSERT INTO game(sport, time, date, playerCount, location, full) values("ping pong","13:25:00", "2016-3-14" , 15 , "Moody Colliseum" , TRUE);
INSERT INTO game(sport, time, date, playerCount, location, full) values("basketball","18:15:00", "2016-7-11" , 2 , "Wescott Field" , FALSE);
INSERT INTO game(sport, time, date, playerCount, location, full) values("ultimate frisbee","21:05:00", "2016-3-28" , 15 , "Some Park" , FALSE);
INSERT INTO game(sport, time, date, playerCount, location, full) values("football","13:25:00", "2016-4-28" , 4 , "Some Park" , FALSE);
INSERT INTO game(sport, time, date, playerCount, location, full) values("pool","21:05:00", "2016-5-12" , 5 , "Dedman" , FALSE);
INSERT INTO game(sport, time, date, playerCount, location, full) values("tennis","21:05:00", "2016-5-12" , 6 , "Intramural Fields" , FALSE);
INSERT INTO game(sport, time, date, playerCount, location, full) values("basketball","21:05:00", "2016-5-12" , 5 , "Some Park" , FALSE);





INSERT INTO enlist values("TimmothyBanbury4", 1 );
INSERT INTO enlist values("JohnGabrielson72", 1 );
INSERT INTO enlist values("SarahStenbit31", 1 );
INSERT INTO enlist values("BenSmith37", 1 );
INSERT INTO enlist values("GraceCohen53", 1 );
INSERT INTO enlist values("JonathanStenbit68", 1 );
INSERT INTO enlist values("TomStenbit51", 1 );
INSERT INTO enlist values("JonathanFontenot34", 2 );
INSERT INTO enlist values("BenGoldman24", 2 );
INSERT INTO enlist values("JenniferSmith58", 2 );
INSERT INTO enlist values("MattSmith75", 2 );
INSERT INTO enlist values("TimmothyGoldman71", 2 );
INSERT INTO enlist values("KatieStenbit54", 3 );
INSERT INTO enlist values("JenniferMitchell66", 3 );
INSERT INTO enlist values("BenSmith37", 3 );
INSERT INTO enlist values("MarkMitchell32", 4 );
INSERT INTO enlist values("BobStenbit57", 4 );
INSERT INTO enlist values("GraceKhan79", 4 );
INSERT INTO enlist values("TimmothyStenbit87", 5 );
INSERT INTO enlist values("TimmothyReiss41", 5 );
INSERT INTO enlist values("KatieGoldman13", 5 );
INSERT INTO enlist values("AllisonHansen39", 6 );
INSERT INTO enlist values("BenSmith37", 7 );
INSERT INTO enlist values("JackFontenot67", 7 );
INSERT INTO enlist values("BobStenbit57", 8 );
INSERT INTO enlist values("SarahMitchell78", 8 );
INSERT INTO enlist values("SarahStenbit31", 9 );
INSERT INTO enlist values("TimmothyHansen96", 9 );
INSERT INTO enlist values("JonathanGoldman46", 9 );
INSERT INTO enlist values("TimmothyReiss76", 9 );
INSERT INTO enlist values("JenniferMitchell18", 9 );
INSERT INTO enlist values("MattGoldman21", 9 );
INSERT INTO enlist values("MarkGabrielson73", 9 );
INSERT INTO enlist values("MarkMitchell32", 9 );
INSERT INTO enlist values("MattBanbury1", 9 );
INSERT INTO enlist values("MattJohnson62", 9 );
INSERT INTO enlist values("PaigeBanbury7", 9 );
INSERT INTO enlist values("TimmothyBanbury4", 9 );
INSERT INTO enlist values("BobReiss23", 10 );
INSERT INTO enlist values("TimmothyReiss41", 10 );
INSERT INTO enlist values("TimmothyJohnson43", 10 );
INSERT INTO enlist values("PaigeFontenot0", 10 );
INSERT INTO enlist values("KatieStenbit54", 11 );
INSERT INTO enlist values("BenReiss94", 11 );
INSERT INTO enlist values("BenSmith37", 11 );
INSERT INTO enlist values("GraceCohen53", 11 );
INSERT INTO enlist values("MarkSmith80", 11 );
INSERT INTO enlist values("AllisonHansen39", 11 );
INSERT INTO enlist values("JackJohnson27", 12 );
INSERT INTO enlist values("TimmothyGoldman71", 12 );
INSERT INTO enlist values("AllisonSmith99", 12 );
INSERT INTO enlist values("TimmothyReiss41", 12 );
INSERT INTO enlist values("BenSmith37", 12 );
INSERT INTO enlist values("AllisonStenbit92", 12 );
INSERT INTO enlist values("AllisonHansen20", 12 );
INSERT INTO enlist values("TomHansen44", 12 );
INSERT INTO enlist values("JohnFontenot8", 12 );
INSERT INTO enlist values("AllisonHansen84", 12 );
INSERT INTO enlist values("JackJohnson70", 12 );
INSERT INTO enlist values("TimmothySmith40", 12 );
INSERT INTO enlist values("MattBanbury1", 13 );
INSERT INTO enlist values("MattReiss86", 13 );
INSERT INTO enlist values("AllisonSmith99", 13 );
INSERT INTO enlist values("MattSmith75", 13 );
INSERT INTO enlist values("BenReiss94", 13 );
INSERT INTO enlist values("TimmothyReiss41", 13 );
INSERT INTO enlist values("MarkCarter89", 13 );
INSERT INTO enlist values("JonathanFontenot34", 13 );
INSERT INTO enlist values("JonathanGoldman46", 13 );
INSERT INTO enlist values("JackJohnson70", 13 );
INSERT INTO enlist values("TimmothyStenbit33", 13 );
INSERT INTO enlist values("SarahHansen81", 13 );
INSERT INTO enlist values("TomStenbit51", 13 );
INSERT INTO enlist values("BenSmith37", 13 );
INSERT INTO enlist values("GraceStenbit52", 13 );
INSERT INTO enlist values("JohnMitchell36", 14 );
INSERT INTO enlist values("AllisonStenbit61", 14 );
INSERT INTO enlist values("MattBanbury1", 14 );
INSERT INTO enlist values("TimmothyStenbit33", 14 );
INSERT INTO enlist values("BenReiss94", 14 );
INSERT INTO enlist values("AllisonCohen38", 14 );
INSERT INTO enlist values("TimmothySmith40", 15 );
INSERT INTO enlist values("JonathanFontenot34", 15 );
INSERT INTO enlist values("GraceCohen53", 15 );
INSERT INTO enlist values("JackFontenot67", 19 );
INSERT INTO enlist values("AllisonHansen39", 19 );
INSERT INTO enlist values("AllisonCohen10", 19 );
INSERT INTO enlist values("MattReiss56", 19 );
INSERT INTO enlist values("BenSmith37", 19 );
INSERT INTO enlist values("PaigeRenninger63", 19 );
INSERT INTO enlist values("PaigeFontenot0", 19 );
INSERT INTO enlist values("SarahStenbit31", 19 );
INSERT INTO enlist values("JohnMitchell36", 19 );
INSERT INTO enlist values("BenSmith74", 19 );
INSERT INTO enlist values("BobReiss45", 20 );
INSERT INTO enlist values("MattBanbury1", 20 );
INSERT INTO enlist values("GraceKhan17", 20 );
INSERT INTO enlist values("KatieGoldman59", 20 );
INSERT INTO enlist values("BenGoldman24", 20 );
INSERT INTO enlist values("TomHansen30", 20 );
INSERT INTO enlist values("JonathanFontenot34", 20 );
INSERT INTO enlist values("TimmothyHansen3", 21 );
INSERT INTO enlist values("JackKhan42", 21 );
INSERT INTO enlist values("TomHansen44", 23 );
INSERT INTO enlist values("TimmothyStenbit91", 23 );
INSERT INTO enlist values("JackFontenot67", 23 );
INSERT INTO enlist values("MarkHansen82", 23 );
INSERT INTO enlist values("AllisonHansen20", 23 );
INSERT INTO enlist values("JohnMitchell36", 24 );
INSERT INTO enlist values("AllisonHansen84", 24 );
INSERT INTO enlist values("AllisonCarter55", 24 );
INSERT INTO enlist values("TomHansen44", 24 );
INSERT INTO enlist values("JohnGabrielson72", 24 );
INSERT INTO enlist values("MattJohnson22", 24 );
INSERT INTO enlist values("SarahMitchell78", 24 );
INSERT INTO enlist values("BenSmith37", 24 );
INSERT INTO enlist values("JackReiss90", 24 );
INSERT INTO enlist values("BenReiss94", 24 );
INSERT INTO enlist values("MattReiss56", 24 );
INSERT INTO enlist values("PaigeRenninger63", 24 );
INSERT INTO enlist values("MarkSmith80", 25 );
INSERT INTO enlist values("TomHansen30", 25 );
INSERT INTO enlist values("AllisonStenbit61", 26 );
INSERT INTO enlist values("GraceKhan17", 26 );
INSERT INTO enlist values("TimmothySmith40", 28 );
INSERT INTO enlist values("BobStenbit57", 30 );
INSERT INTO enlist values("JenniferMitchell85", 30 );
INSERT INTO enlist values("MarkSmith80", 30 );
INSERT INTO enlist values("JonathanStenbit68", 30 );
INSERT INTO enlist values("TimmothyStenbit87", 30 );
INSERT INTO enlist values("TimmothyGoldman25", 31 );
INSERT INTO enlist values("BobJohnson97", 31 );
INSERT INTO enlist values("MattJohnson65", 31 );
INSERT INTO enlist values("MarkMitchell32", 31 );
INSERT INTO enlist values("MarkBanbury2", 31 );
INSERT INTO enlist values("MattJohnson62", 32 );
INSERT INTO enlist values("GraceStenbit52", 32 );
INSERT INTO enlist values("JenniferSmith58", 32 );
INSERT INTO enlist values("BobStenbit57", 32 );
INSERT INTO enlist values("MattJohnson22", 32 );
INSERT INTO enlist values("JenniferJohnson16", 33 );
INSERT INTO enlist values("KatieGoldman13", 33 );
INSERT INTO enlist values("JackJohnson70", 35 );
INSERT INTO enlist values("MattCarter14", 35 );
INSERT INTO enlist values("KatieGoldman13", 36 );
INSERT INTO enlist values("BobReiss45", 36 );
INSERT INTO enlist values("MarkBanbury2", 37 );
INSERT INTO enlist values("TomStenbit51", 38 );
INSERT INTO enlist values("BenGoldman19", 38 );
INSERT INTO enlist values("TimmothySmith77", 38 );
INSERT INTO enlist values("MarkMitchell32", 38 );
INSERT INTO enlist values("GraceCohen64", 38 );
INSERT INTO enlist values("AllisonStenbit61", 39 );
INSERT INTO enlist values("TimmothyStenbit33", 39 );
INSERT INTO enlist values("JackJohnson28", 39 );
INSERT INTO enlist values("KatieGabrielson35", 39 );
INSERT INTO enlist values("SarahHansen81", 39 );
INSERT INTO enlist values("MarkHansen82", 41 );
INSERT INTO enlist values("TomStenbit51", 41 );
INSERT INTO enlist values("GraceKhan79", 41 );
INSERT INTO enlist values("MarkGabrielson73", 41 );
INSERT INTO enlist values("TimmothyStenbit91", 41 );
INSERT INTO enlist values("TimmothyReiss41", 42 );
INSERT INTO enlist values("TomHansen30", 42 );
INSERT INTO enlist values("JenniferSmith58", 43 );
INSERT INTO enlist values("GraceCohen64", 44 );
INSERT INTO enlist values("BenGoldman19", 44 );
INSERT INTO enlist values("AllisonHansen39", 44 );
INSERT INTO enlist values("JohnFontenot8", 44 );
INSERT INTO enlist values("TimmothyBanbury4", 44 );
INSERT INTO enlist values("MattJohnson65", 44 );
INSERT INTO enlist values("TimmothyReiss41", 44 );
INSERT INTO enlist values("MattSmith75", 44 );
INSERT INTO enlist values("GraceKhan17", 44 );
INSERT INTO enlist values("JenniferJohnson11", 44 );
INSERT INTO enlist values("TimmothyReiss76", 44 );
INSERT INTO enlist values("AllisonStenbit61", 44 );
INSERT INTO enlist values("AllisonHansen84", 44 );
INSERT INTO enlist values("JonathanFontenot34", 44 );
INSERT INTO enlist values("MattReiss56", 44 );
INSERT INTO enlist values("JonathanGoldman46", 46 );
INSERT INTO enlist values("JenniferMitchell85", 46 );
INSERT INTO enlist values("TimmothyHansen3", 46 );
INSERT INTO enlist values("TomHansen30", 46 );
INSERT INTO enlist values("JackStenbit69", 46 );
INSERT INTO enlist values("GraceCohen53", 46 );
INSERT INTO enlist values("PaigeFontenot0", 46 );
INSERT INTO enlist values("MarkGabrielson73", 46 );
INSERT INTO enlist values("TimmothyGoldman25", 46 );
INSERT INTO enlist values("JenniferMitchell66", 46 );
INSERT INTO enlist values("JackJohnson27", 46 );
INSERT INTO enlist values("MattBanbury1", 46 );
INSERT INTO enlist values("SarahMitchell78", 47 );
INSERT INTO enlist values("KatieCarter12", 48 );
INSERT INTO enlist values("MarkGabrielson73", 48 );
INSERT INTO enlist values("BenReiss94", 49 );
INSERT INTO enlist values("JenniferSmith58", 49 );
INSERT INTO enlist values("AllisonHansen84", 49 );
INSERT INTO enlist values("TimmothyReiss76", 50 );
INSERT INTO enlist values("PaigeBanbury26", 50 );
INSERT INTO sportPreference(username, sport) values("PaigeFontenot0", "soccer");
INSERT INTO sportPreference(username, sport) values("MattBanbury1", "soccer");
INSERT INTO sportPreference(username, sport) values("MarkBanbury2", "football");
INSERT INTO sportPreference(username, sport) values("MarkBanbury2", "tennis");
INSERT INTO sportPreference(username, sport) values("TimmothyHansen3", "squash");
INSERT INTO sportPreference(username, sport) values("TimmothyHansen3", "basketball");
INSERT INTO sportPreference(username, sport) values("TimmothyHansen3", "pool");
INSERT INTO sportPreference(username, sport) values("TimmothyHansen3", "tennis");
INSERT INTO sportPreference(username, sport) values("TimmothyBanbury4", "basketball");
INSERT INTO sportPreference(username, sport) values("BobStenbit5", "ultimate frisbee");
INSERT INTO sportPreference(username, sport) values("KatieSmith6", "pool");
INSERT INTO sportPreference(username, sport) values("PaigeBanbury7", "ultimate frisbee");
INSERT INTO sportPreference(username, sport) values("JohnFontenot8", "basketball");
INSERT INTO sportPreference(username, sport) values("JohnFontenot8", "pool");
INSERT INTO sportPreference(username, sport) values("BobBanbury9", "ping pong");
INSERT INTO sportPreference(username, sport) values("BobBanbury9", "football");
INSERT INTO sportPreference(username, sport) values("BobBanbury9", "basketball");
INSERT INTO sportPreference(username, sport) values("BobBanbury9", "ultimate frisbee");
INSERT INTO sportPreference(username, sport) values("AllisonCohen10", "basketball");
INSERT INTO sportPreference(username, sport) values("AllisonCohen10", "football");
INSERT INTO sportPreference(username, sport) values("AllisonCohen10", "soccer");
INSERT INTO sportPreference(username, sport) values("JenniferJohnson11", "squash");
INSERT INTO sportPreference(username, sport) values("JenniferJohnson11", "indoor soccer");
INSERT INTO sportPreference(username, sport) values("KatieCarter12", "indoor soccer");
INSERT INTO sportPreference(username, sport) values("KatieGoldman13", "squash");
INSERT INTO sportPreference(username, sport) values("KatieGoldman13", "football");
INSERT INTO sportPreference(username, sport) values("KatieGoldman13", "ping pong");
INSERT INTO sportPreference(username, sport) values("KatieGoldman13", "indoor soccer");
INSERT INTO sportPreference(username, sport) values("MattCarter14", "ping pong");
INSERT INTO sportPreference(username, sport) values("MattCarter14", "soccer");
INSERT INTO sportPreference(username, sport) values("MattCarter14", "basketball");
INSERT INTO sportPreference(username, sport) values("MattCarter14", "ultimate frisbee");
INSERT INTO sportPreference(username, sport) values("AllisonJohnson15", "ping pong");
INSERT INTO sportPreference(username, sport) values("AllisonJohnson15", "soccer");
INSERT INTO sportPreference(username, sport) values("AllisonJohnson15", "tennis");
INSERT INTO sportPreference(username, sport) values("AllisonJohnson15", "pool");
INSERT INTO sportPreference(username, sport) values("JenniferJohnson16", "ping pong");
INSERT INTO sportPreference(username, sport) values("GraceKhan17", "squash");
INSERT INTO sportPreference(username, sport) values("GraceKhan17", "football");
INSERT INTO sportPreference(username, sport) values("GraceKhan17", "indoor soccer");
INSERT INTO sportPreference(username, sport) values("GraceKhan17", "soccer");
INSERT INTO sportPreference(username, sport) values("JenniferMitchell18", "soccer");
INSERT INTO sportPreference(username, sport) values("JenniferMitchell18", "basketball");
INSERT INTO sportPreference(username, sport) values("JenniferMitchell18", "ultimate frisbee");
INSERT INTO sportPreference(username, sport) values("JenniferMitchell18", "football");
INSERT INTO sportPreference(username, sport) values("BenGoldman19", "ultimate frisbee");
INSERT INTO sportPreference(username, sport) values("BenGoldman19", "squash");
INSERT INTO sportPreference(username, sport) values("BenGoldman19", "pool");
INSERT INTO sportPreference(username, sport) values("BenGoldman19", "ping pong");
INSERT INTO sportPreference(username, sport) values("AllisonHansen20", "indoor soccer");
INSERT INTO sportPreference(username, sport) values("AllisonHansen20", "ping pong");
INSERT INTO sportPreference(username, sport) values("MattGoldman21", "football");
INSERT INTO sportPreference(username, sport) values("MattGoldman21", "soccer");
INSERT INTO sportPreference(username, sport) values("MattGoldman21", "squash");
INSERT INTO sportPreference(username, sport) values("MattJohnson22", "basketball");
INSERT INTO sportPreference(username, sport) values("BobReiss23", "soccer");
INSERT INTO sportPreference(username, sport) values("BobReiss23", "tennis");
INSERT INTO sportPreference(username, sport) values("BenGoldman24", "pool");
INSERT INTO sportPreference(username, sport) values("BenGoldman24", "soccer");
INSERT INTO sportPreference(username, sport) values("TimmothyGoldman25", "squash");
INSERT INTO sportPreference(username, sport) values("PaigeBanbury26", "football");
INSERT INTO sportPreference(username, sport) values("JackJohnson27", "basketball");
INSERT INTO sportPreference(username, sport) values("JackJohnson27", "tennis");
INSERT INTO sportPreference(username, sport) values("JackJohnson28", "tennis");
INSERT INTO sportPreference(username, sport) values("JackJohnson28", "ultimate frisbee");
INSERT INTO sportPreference(username, sport) values("JackJohnson28", "pool");
INSERT INTO sportPreference(username, sport) values("JackJohnson28", "indoor soccer");
INSERT INTO sportPreference(username, sport) values("JackGoldman29", "ultimate frisbee");
INSERT INTO sportPreference(username, sport) values("JackGoldman29", "soccer");
INSERT INTO sportPreference(username, sport) values("JackGoldman29", "basketball");
INSERT INTO sportPreference(username, sport) values("JackGoldman29", "ping pong");
INSERT INTO sportPreference(username, sport) values("TomHansen30", "indoor soccer");
INSERT INTO sportPreference(username, sport) values("TomHansen30", "tennis");
INSERT INTO sportPreference(username, sport) values("SarahStenbit31", "basketball");
INSERT INTO sportPreference(username, sport) values("SarahStenbit31", "pool");
INSERT INTO sportPreference(username, sport) values("SarahStenbit31", "ping pong");
INSERT INTO sportPreference(username, sport) values("MarkMitchell32", "football");
INSERT INTO sportPreference(username, sport) values("MarkMitchell32", "pool");
INSERT INTO sportPreference(username, sport) values("TimmothyStenbit33", "pool");
INSERT INTO sportPreference(username, sport) values("TimmothyStenbit33", "soccer");
INSERT INTO sportPreference(username, sport) values("TimmothyStenbit33", "squash");
INSERT INTO sportPreference(username, sport) values("JonathanFontenot34", "basketball");
INSERT INTO sportPreference(username, sport) values("JonathanFontenot34", "tennis");
INSERT INTO sportPreference(username, sport) values("KatieGabrielson35", "indoor soccer");
INSERT INTO sportPreference(username, sport) values("JohnMitchell36", "ping pong");
INSERT INTO sportPreference(username, sport) values("BenSmith37", "indoor soccer");
INSERT INTO sportPreference(username, sport) values("AllisonCohen38", "football");
INSERT INTO sportPreference(username, sport) values("AllisonCohen38", "pool");
INSERT INTO sportPreference(username, sport) values("AllisonCohen38", "ping pong");
INSERT INTO sportPreference(username, sport) values("AllisonHansen39", "indoor soccer");
INSERT INTO sportPreference(username, sport) values("AllisonHansen39", "soccer");
INSERT INTO sportPreference(username, sport) values("TimmothySmith40", "pool");
INSERT INTO sportPreference(username, sport) values("TimmothySmith40", "tennis");
INSERT INTO sportPreference(username, sport) values("TimmothyReiss41", "indoor soccer");
INSERT INTO sportPreference(username, sport) values("TimmothyReiss41", "basketball");
INSERT INTO sportPreference(username, sport) values("JackKhan42", "basketball");
INSERT INTO sportPreference(username, sport) values("JackKhan42", "ultimate frisbee");
INSERT INTO sportPreference(username, sport) values("JackKhan42", "tennis");
INSERT INTO sportPreference(username, sport) values("TimmothyJohnson43", "indoor soccer");
INSERT INTO sportPreference(username, sport) values("TimmothyJohnson43", "tennis");
INSERT INTO sportPreference(username, sport) values("TomHansen44", "basketball");
INSERT INTO sportPreference(username, sport) values("BobReiss45", "pool");
INSERT INTO sportPreference(username, sport) values("BobReiss45", "ultimate frisbee");
INSERT INTO sportPreference(username, sport) values("JonathanGoldman46", "ultimate frisbee");
INSERT INTO sportPreference(username, sport) values("JonathanKhan47", "ping pong");
INSERT INTO sportPreference(username, sport) values("JonathanKhan47", "soccer");
INSERT INTO sportPreference(username, sport) values("JonathanKhan47", "pool");
INSERT INTO sportPreference(username, sport) values("JonathanKhan47", "basketball");
INSERT INTO sportPreference(username, sport) values("MarkGoldman48", "football");
INSERT INTO sportPreference(username, sport) values("MarkGoldman48", "squash");
INSERT INTO sportPreference(username, sport) values("MarkGoldman48", "pool");
INSERT INTO sportPreference(username, sport) values("JackMitchell49", "football");
INSERT INTO sportPreference(username, sport) values("JackMitchell49", "basketball");
INSERT INTO sportPreference(username, sport) values("KatieJohnson50", "basketball");
INSERT INTO sportPreference(username, sport) values("KatieJohnson50", "soccer");
INSERT INTO sportPreference(username, sport) values("KatieJohnson50", "ultimate frisbee");
INSERT INTO sportPreference(username, sport) values("TomStenbit51", "pool");
INSERT INTO sportPreference(username, sport) values("GraceStenbit52", "pool");
INSERT INTO sportPreference(username, sport) values("GraceStenbit52", "football");
INSERT INTO sportPreference(username, sport) values("GraceStenbit52", "tennis");
INSERT INTO sportPreference(username, sport) values("GraceCohen53", "tennis");
INSERT INTO sportPreference(username, sport) values("GraceCohen53", "soccer");
INSERT INTO sportPreference(username, sport) values("GraceCohen53", "football");
INSERT INTO sportPreference(username, sport) values("KatieStenbit54", "tennis");
INSERT INTO sportPreference(username, sport) values("KatieStenbit54", "football");
INSERT INTO sportPreference(username, sport) values("AllisonCarter55", "basketball");
INSERT INTO sportPreference(username, sport) values("AllisonCarter55", "soccer");
INSERT INTO sportPreference(username, sport) values("AllisonCarter55", "ping pong");
INSERT INTO sportPreference(username, sport) values("AllisonCarter55", "football");
INSERT INTO sportPreference(username, sport) values("MattReiss56", "ultimate frisbee");
INSERT INTO sportPreference(username, sport) values("MattReiss56", "basketball");
INSERT INTO sportPreference(username, sport) values("MattReiss56", "football");
INSERT INTO sportPreference(username, sport) values("MattReiss56", "pool");
INSERT INTO sportPreference(username, sport) values("BobStenbit57", "ping pong");
INSERT INTO sportPreference(username, sport) values("BobStenbit57", "squash");
INSERT INTO sportPreference(username, sport) values("JenniferSmith58", "squash");
INSERT INTO sportPreference(username, sport) values("JenniferSmith58", "ultimate frisbee");
INSERT INTO sportPreference(username, sport) values("KatieGoldman59", "indoor soccer");
INSERT INTO sportPreference(username, sport) values("KatieGoldman59", "ping pong");
INSERT INTO sportPreference(username, sport) values("TomRenninger60", "squash");
INSERT INTO sportPreference(username, sport) values("TomRenninger60", "indoor soccer");
INSERT INTO sportPreference(username, sport) values("AllisonStenbit61", "ping pong");
INSERT INTO sportPreference(username, sport) values("MattJohnson62", "soccer");
INSERT INTO sportPreference(username, sport) values("MattJohnson62", "pool");
INSERT INTO sportPreference(username, sport) values("PaigeRenninger63", "football");
INSERT INTO sportPreference(username, sport) values("GraceCohen64", "tennis");
INSERT INTO sportPreference(username, sport) values("GraceCohen64", "squash");
INSERT INTO sportPreference(username, sport) values("MattJohnson65", "indoor soccer");
INSERT INTO sportPreference(username, sport) values("MattJohnson65", "tennis");
INSERT INTO sportPreference(username, sport) values("JenniferMitchell66", "tennis");
INSERT INTO sportPreference(username, sport) values("JackFontenot67", "ultimate frisbee");
INSERT INTO sportPreference(username, sport) values("JackFontenot67", "squash");
INSERT INTO sportPreference(username, sport) values("JackFontenot67", "tennis");
INSERT INTO sportPreference(username, sport) values("JonathanStenbit68", "soccer");
INSERT INTO sportPreference(username, sport) values("JonathanStenbit68", "ping pong");
INSERT INTO sportPreference(username, sport) values("JonathanStenbit68", "squash");
INSERT INTO sportPreference(username, sport) values("JonathanStenbit68", "pool");
INSERT INTO sportPreference(username, sport) values("JackStenbit69", "football");
INSERT INTO sportPreference(username, sport) values("JackStenbit69", "soccer");
INSERT INTO sportPreference(username, sport) values("JackStenbit69", "pool");
INSERT INTO sportPreference(username, sport) values("JackJohnson70", "indoor soccer");
INSERT INTO sportPreference(username, sport) values("JackJohnson70", "squash");
INSERT INTO sportPreference(username, sport) values("JackJohnson70", "tennis");
INSERT INTO sportPreference(username, sport) values("TimmothyGoldman71", "ultimate frisbee");
INSERT INTO sportPreference(username, sport) values("JohnGabrielson72", "indoor soccer");
INSERT INTO sportPreference(username, sport) values("JohnGabrielson72", "tennis");
INSERT INTO sportPreference(username, sport) values("JohnGabrielson72", "ping pong");
INSERT INTO sportPreference(username, sport) values("JohnGabrielson72", "squash");
INSERT INTO sportPreference(username, sport) values("MarkGabrielson73", "ultimate frisbee");
INSERT INTO sportPreference(username, sport) values("MarkGabrielson73", "football");
INSERT INTO sportPreference(username, sport) values("BenSmith74", "ping pong");
INSERT INTO sportPreference(username, sport) values("BenSmith74", "pool");
INSERT INTO sportPreference(username, sport) values("BenSmith74", "indoor soccer");
INSERT INTO sportPreference(username, sport) values("MattSmith75", "indoor soccer");
INSERT INTO sportPreference(username, sport) values("MattSmith75", "pool");
INSERT INTO sportPreference(username, sport) values("TimmothyReiss76", "tennis");
INSERT INTO sportPreference(username, sport) values("TimmothyReiss76", "basketball");
INSERT INTO sportPreference(username, sport) values("TimmothyReiss76", "ping pong");
INSERT INTO sportPreference(username, sport) values("TimmothyReiss76", "indoor soccer");
INSERT INTO sportPreference(username, sport) values("TimmothySmith77", "ping pong");
INSERT INTO sportPreference(username, sport) values("TimmothySmith77", "tennis");
INSERT INTO sportPreference(username, sport) values("TimmothySmith77", "soccer");
INSERT INTO sportPreference(username, sport) values("SarahMitchell78", "indoor soccer");
INSERT INTO sportPreference(username, sport) values("SarahMitchell78", "soccer");
INSERT INTO sportPreference(username, sport) values("GraceKhan79", "tennis");
INSERT INTO sportPreference(username, sport) values("GraceKhan79", "squash");
INSERT INTO sportPreference(username, sport) values("GraceKhan79", "ultimate frisbee");
INSERT INTO sportPreference(username, sport) values("GraceKhan79", "football");
INSERT INTO sportPreference(username, sport) values("MarkSmith80", "ultimate frisbee");
INSERT INTO sportPreference(username, sport) values("MarkSmith80", "ping pong");
INSERT INTO sportPreference(username, sport) values("SarahHansen81", "soccer");
INSERT INTO sportPreference(username, sport) values("SarahHansen81", "ultimate frisbee");
INSERT INTO sportPreference(username, sport) values("SarahHansen81", "basketball");
INSERT INTO sportPreference(username, sport) values("SarahHansen81", "indoor soccer");
INSERT INTO sportPreference(username, sport) values("MarkHansen82", "ping pong");
INSERT INTO sportPreference(username, sport) values("MarkHansen82", "basketball");
INSERT INTO sportPreference(username, sport) values("JohnKhan83", "tennis");
INSERT INTO sportPreference(username, sport) values("JohnKhan83", "basketball");
INSERT INTO sportPreference(username, sport) values("JohnKhan83", "pool");
INSERT INTO sportPreference(username, sport) values("AllisonHansen84", "ping pong");
INSERT INTO sportPreference(username, sport) values("AllisonHansen84", "pool");
INSERT INTO sportPreference(username, sport) values("AllisonHansen84", "ultimate frisbee");
INSERT INTO sportPreference(username, sport) values("AllisonHansen84", "basketball");
INSERT INTO sportPreference(username, sport) values("JenniferMitchell85", "ping pong");
INSERT INTO sportPreference(username, sport) values("MattReiss86", "ping pong");
INSERT INTO sportPreference(username, sport) values("MattReiss86", "squash");
INSERT INTO sportPreference(username, sport) values("MattReiss86", "soccer");
INSERT INTO sportPreference(username, sport) values("MattReiss86", "basketball");
INSERT INTO sportPreference(username, sport) values("TimmothyStenbit87", "ping pong");
INSERT INTO sportPreference(username, sport) values("TimmothyStenbit87", "squash");
INSERT INTO sportPreference(username, sport) values("TimmothyStenbit87", "indoor soccer");
INSERT INTO sportPreference(username, sport) values("TimmothyStenbit87", "tennis");
INSERT INTO sportPreference(username, sport) values("MaryBanbury88", "squash");
INSERT INTO sportPreference(username, sport) values("MarkCarter89", "tennis");
INSERT INTO sportPreference(username, sport) values("MarkCarter89", "indoor soccer");
INSERT INTO sportPreference(username, sport) values("MarkCarter89", "ping pong");
INSERT INTO sportPreference(username, sport) values("MarkCarter89", "soccer");
INSERT INTO sportPreference(username, sport) values("JackReiss90", "football");
INSERT INTO sportPreference(username, sport) values("JackReiss90", "soccer");
INSERT INTO sportPreference(username, sport) values("JackReiss90", "ping pong");
INSERT INTO sportPreference(username, sport) values("TimmothyStenbit91", "ping pong");
INSERT INTO sportPreference(username, sport) values("TimmothyStenbit91", "pool");
INSERT INTO sportPreference(username, sport) values("TimmothyStenbit91", "ultimate frisbee");
INSERT INTO sportPreference(username, sport) values("AllisonStenbit92", "ping pong");
INSERT INTO sportPreference(username, sport) values("AllisonStenbit92", "football");
INSERT INTO sportPreference(username, sport) values("MaryJohnson93", "squash");
INSERT INTO sportPreference(username, sport) values("MaryJohnson93", "ping pong");
INSERT INTO sportPreference(username, sport) values("MaryJohnson93", "tennis");
INSERT INTO sportPreference(username, sport) values("BenReiss94", "football");
INSERT INTO sportPreference(username, sport) values("BenReiss94", "pool");
INSERT INTO sportPreference(username, sport) values("BenReiss94", "squash");
INSERT INTO sportPreference(username, sport) values("BenReiss94", "ping pong");
INSERT INTO sportPreference(username, sport) values("TimmothyKhan95", "football");
INSERT INTO sportPreference(username, sport) values("TimmothyHansen96", "soccer");
INSERT INTO sportPreference(username, sport) values("TimmothyHansen96", "tennis");
INSERT INTO sportPreference(username, sport) values("TimmothyHansen96", "squash");
INSERT INTO sportPreference(username, sport) values("TimmothyHansen96", "ping pong");
INSERT INTO sportPreference(username, sport) values("BobJohnson97", "indoor soccer");
INSERT INTO sportPreference(username, sport) values("BobJohnson97", "tennis");
INSERT INTO sportPreference(username, sport) values("BobJohnson97", "soccer");
INSERT INTO sportPreference(username, sport) values("BobJohnson97", "football");
INSERT INTO sportPreference(username, sport) values("MattFontenot98", "basketball");
INSERT INTO sportPreference(username, sport) values("MattFontenot98", "ping pong");
INSERT INTO sportPreference(username, sport) values("MattFontenot98", "pool");
INSERT INTO sportPreference(username, sport) values("MattFontenot98", "soccer");
INSERT INTO sportPreference(username, sport) values("AllisonSmith99", "football");
INSERT INTO sportPreference(username, sport) values("AllisonSmith99", "ultimate frisbee");
INSERT INTO sportPreference(username, sport) values("AllisonSmith99", "soccer");
INSERT INTO sportPreference(username, sport) values("AllisonSmith99", "ping pong");





INSERT INTO chat(username, gameID, message) values("KatieJohnson50", 1, "I'll bring some snacks!0");
INSERT INTO chat(username, gameID, message) values("KatieStenbit54", 1, "Just realized it's raining, so let's cancel?1");
INSERT INTO chat(username, gameID, message) values("JackStenbit69", 1, "We still on?2");
INSERT INTO chat(username, gameID, message) values("KatieStenbit54", 1, "We still on?3");
INSERT INTO chat(username, gameID, message) values("AllisonCohen38", 1, "Ay where the dank memes at?4");
INSERT INTO chat(username, gameID, message) values("TimmothyHansen3", 1, "I'll bring some snacks!5");
INSERT INTO chat(username, gameID, message) values("BobStenbit5", 1, "Ay where the dank memes at?6");
INSERT INTO chat(username, gameID, message) values("JonathanKhan47", 1, "Just realized it's raining, so let's cancel?7");
INSERT INTO chat(username, gameID, message) values("JackJohnson27", 2, "Yo we should totally listen to some dank beats while we sports0");
INSERT INTO chat(username, gameID, message) values("MattBanbury1", 2, "Just got here and its busy so we can't play. Sorry!1");
INSERT INTO chat(username, gameID, message) values("BobReiss45", 2, "Ay where the dank memes at?2");
INSERT INTO chat(username, gameID, message) values("BenGoldman19", 2, "Just realized it's raining, so let's cancel?3");
INSERT INTO chat(username, gameID, message) values("JenniferMitchell18", 2, "We still on?4");
INSERT INTO chat(username, gameID, message) values("GraceCohen64", 2, "Hey, I'll bring a ball!5");
INSERT INTO chat(username, gameID, message) values("TimmothyHansen3", 3, "Hey, I'll bring a ball!0");
INSERT INTO chat(username, gameID, message) values("JackGoldman29", 3, "Hey, I'll bring a ball!1");
INSERT INTO chat(username, gameID, message) values("TomRenninger60", 3, "Just got here and its busy so we can't play. Sorry!2");
INSERT INTO chat(username, gameID, message) values("JenniferJohnson11", 3, "Yo we should totally listen to some dank beats while we sports3");
INSERT INTO chat(username, gameID, message) values("SarahStenbit31", 3, "Just got here and its busy so we can't play. Sorry!4");
INSERT INTO chat(username, gameID, message) values("PaigeFontenot0", 3, "Yo we should totally listen to some dank beats while we sports5");
INSERT INTO chat(username, gameID, message) values("JackMitchell49", 4, "Yo we should totally listen to some dank beats while we sports0");
INSERT INTO chat(username, gameID, message) values("BobBanbury9", 4, "Just got here and its busy so we can't play. Sorry!1");
INSERT INTO chat(username, gameID, message) values("JenniferJohnson16", 4, "Just realized it's raining, so let's cancel?2");
INSERT INTO chat(username, gameID, message) values("GraceKhan79", 4, "Just realized it's raining, so let's cancel?3");
INSERT INTO chat(username, gameID, message) values("BobStenbit57", 4, "Just got here and its busy so we can't play. Sorry!4");
INSERT INTO chat(username, gameID, message) values("TimmothyGoldman25", 4, "Just got here and its busy so we can't play. Sorry!5");
INSERT INTO chat(username, gameID, message) values("AllisonHansen84", 5, "We still on?0");
INSERT INTO chat(username, gameID, message) values("JackMitchell49", 5, "Ay where the dank memes at?1");
INSERT INTO chat(username, gameID, message) values("MarkHansen82", 5, "Just got here and its busy so we can't play. Sorry!2");
INSERT INTO chat(username, gameID, message) values("TomHansen30", 5, "Just realized it's raining, so let's cancel?3");
INSERT INTO chat(username, gameID, message) values("GraceCohen64", 5, "Yo we should totally listen to some dank beats while we sports4");
INSERT INTO chat(username, gameID, message) values("SarahStenbit31", 5, "We still on?5");
INSERT INTO chat(username, gameID, message) values("TimmothyReiss76", 5, "See you all in 10.6");
INSERT INTO chat(username, gameID, message) values("TimmothyStenbit87", 5, "Ay where the dank memes at?7");
INSERT INTO chat(username, gameID, message) values("GraceKhan17", 5, "Just realized it's raining, so let's cancel?8");
INSERT INTO chat(username, gameID, message) values("AllisonSmith99", 5, "Just got here and its busy so we can't play. Sorry!9");
INSERT INTO chat(username, gameID, message) values("MarkHansen82", 5, "See you all in 10.10");
INSERT INTO chat(username, gameID, message) values("TimmothyGoldman71", 5, "Yo we should totally listen to some dank beats while we sports11");
INSERT INTO chat(username, gameID, message) values("GraceKhan17", 5, "See you all in 10.12");
INSERT INTO chat(username, gameID, message) values("JohnGabrielson72", 5, "Just realized it's raining, so let's cancel?13");
INSERT INTO chat(username, gameID, message) values("AllisonCarter55", 5, "See you all in 10.14");
INSERT INTO chat(username, gameID, message) values("TimmothyStenbit87", 6, "Ay where the dank memes at?0");
INSERT INTO chat(username, gameID, message) values("TimmothyStenbit87", 6, "We still on?1");
INSERT INTO chat(username, gameID, message) values("MattCarter14", 7, "Just realized it's raining, so let's cancel?0");
INSERT INTO chat(username, gameID, message) values("AllisonCohen10", 7, "Yo we should totally listen to some dank beats while we sports1");
INSERT INTO chat(username, gameID, message) values("JenniferMitchell66", 7, "Yo we should totally listen to some dank beats while we sports2");
INSERT INTO chat(username, gameID, message) values("TimmothyStenbit33", 7, "See you all in 10.3");
INSERT INTO chat(username, gameID, message) values("AllisonCohen10", 7, "We still on?4");
INSERT INTO chat(username, gameID, message) values("MaryJohnson93", 7, "Just realized it's raining, so let's cancel?5");
INSERT INTO chat(username, gameID, message) values("JackJohnson28", 7, "I'll bring some snacks!6");
INSERT INTO chat(username, gameID, message) values("TimmothyHansen3", 7, "Just got here and its busy so we can't play. Sorry!7");
INSERT INTO chat(username, gameID, message) values("MarkHansen82", 7, "Just realized it's raining, so let's cancel?8");
INSERT INTO chat(username, gameID, message) values("JackKhan42", 7, "Yo we should totally listen to some dank beats while we sports9");
INSERT INTO chat(username, gameID, message) values("MattCarter14", 7, "Hey, I'll bring a ball!10");
INSERT INTO chat(username, gameID, message) values("MaryJohnson93", 7, "We still on?11");
INSERT INTO chat(username, gameID, message) values("BenGoldman24", 7, "Ay where the dank memes at?12");
INSERT INTO chat(username, gameID, message) values("KatieJohnson50", 7, "Just realized it's raining, so let's cancel?13");
INSERT INTO chat(username, gameID, message) values("JackJohnson28", 7, "See you all in 10.14");
INSERT INTO chat(username, gameID, message) values("AllisonCohen38", 8, "Just realized it's raining, so let's cancel?0");
INSERT INTO chat(username, gameID, message) values("BobStenbit5", 8, "Ay where the dank memes at?1");
INSERT INTO chat(username, gameID, message) values("TomRenninger60", 9, "We still on?0");
INSERT INTO chat(username, gameID, message) values("AllisonStenbit92", 9, "Just got here and its busy so we can't play. Sorry!1");
INSERT INTO chat(username, gameID, message) values("KatieGoldman59", 9, "Just realized it's raining, so let's cancel?2");
INSERT INTO chat(username, gameID, message) values("BobBanbury9", 9, "I'll bring some snacks!3");
INSERT INTO chat(username, gameID, message) values("MarkHansen82", 9, "Just got here and its busy so we can't play. Sorry!4");
INSERT INTO chat(username, gameID, message) values("MattSmith75", 10, "Just got here and its busy so we can't play. Sorry!0");
INSERT INTO chat(username, gameID, message) values("GraceKhan17", 10, "Just realized it's raining, so let's cancel?1");
INSERT INTO chat(username, gameID, message) values("JackKhan42", 10, "We still on?2");
INSERT INTO chat(username, gameID, message) values("JonathanKhan47", 10, "Just got here and its busy so we can't play. Sorry!3");
INSERT INTO chat(username, gameID, message) values("MarkMitchell32", 10, "We still on?4");
INSERT INTO chat(username, gameID, message) values("MarkHansen82", 10, "See you all in 10.5");
INSERT INTO chat(username, gameID, message) values("MattJohnson62", 11, "Just got here and its busy so we can't play. Sorry!0");
INSERT INTO chat(username, gameID, message) values("SarahStenbit31", 11, "Just got here and its busy so we can't play. Sorry!1");
INSERT INTO chat(username, gameID, message) values("TimmothyReiss41", 11, "I'll bring some snacks!2");
INSERT INTO chat(username, gameID, message) values("BobStenbit5", 11, "I'll bring some snacks!3");
INSERT INTO chat(username, gameID, message) values("AllisonSmith99", 11, "We still on?4");
INSERT INTO chat(username, gameID, message) values("BenSmith74", 11, "Just realized it's raining, so let's cancel?5");
INSERT INTO chat(username, gameID, message) values("TimmothyGoldman25", 11, "See you all in 10.6");
INSERT INTO chat(username, gameID, message) values("MattSmith75", 11, "Ay where the dank memes at?7");
INSERT INTO chat(username, gameID, message) values("KatieSmith6", 11, "We still on?8");
INSERT INTO chat(username, gameID, message) values("MarkBanbury2", 11, "Just realized it's raining, so let's cancel?9");
INSERT INTO chat(username, gameID, message) values("TimmothyStenbit87", 11, "Hey, I'll bring a ball!10");
INSERT INTO chat(username, gameID, message) values("MarkCarter89", 11, "Ay where the dank memes at?11");
INSERT INTO chat(username, gameID, message) values("JonathanStenbit68", 11, "Ay where the dank memes at?12");
INSERT INTO chat(username, gameID, message) values("JenniferMitchell66", 11, "Just got here and its busy so we can't play. Sorry!13");
INSERT INTO chat(username, gameID, message) values("MarkHansen82", 11, "Just realized it's raining, so let's cancel?14");
INSERT INTO chat(username, gameID, message) values("PaigeBanbury26", 12, "I'll bring some snacks!0");
INSERT INTO chat(username, gameID, message) values("TimmothyReiss76", 12, "Yo we should totally listen to some dank beats while we sports1");
INSERT INTO chat(username, gameID, message) values("JonathanFontenot34", 12, "Yo we should totally listen to some dank beats while we sports2");
INSERT INTO chat(username, gameID, message) values("TimmothyHansen3", 12, "Hey, I'll bring a ball!3");
INSERT INTO chat(username, gameID, message) values("TimmothyHansen96", 13, "Just realized it's raining, so let's cancel?0");
INSERT INTO chat(username, gameID, message) values("GraceCohen53", 13, "See you all in 10.1");
INSERT INTO chat(username, gameID, message) values("TimmothyGoldman25", 13, "See you all in 10.2");
INSERT INTO chat(username, gameID, message) values("JackStenbit69", 13, "See you all in 10.3");
INSERT INTO chat(username, gameID, message) values("JackJohnson28", 13, "Just realized it's raining, so let's cancel?4");
INSERT INTO chat(username, gameID, message) values("AllisonCarter55", 13, "Hey, I'll bring a ball!5");
INSERT INTO chat(username, gameID, message) values("MattReiss56", 14, "See you all in 10.0");
INSERT INTO chat(username, gameID, message) values("MattReiss86", 14, "Hey, I'll bring a ball!1");
INSERT INTO chat(username, gameID, message) values("PaigeFontenot0", 14, "Yo we should totally listen to some dank beats while we sports2");
INSERT INTO chat(username, gameID, message) values("MarkCarter89", 14, "We still on?3");
INSERT INTO chat(username, gameID, message) values("TimmothyReiss41", 14, "We still on?4");
INSERT INTO chat(username, gameID, message) values("BobReiss45", 14, "See you all in 10.5");
INSERT INTO chat(username, gameID, message) values("TomHansen44", 14, "Hey, I'll bring a ball!6");
INSERT INTO chat(username, gameID, message) values("BobStenbit57", 14, "Ay where the dank memes at?7");
INSERT INTO chat(username, gameID, message) values("MattReiss86", 15, "Ay where the dank memes at?0");
INSERT INTO chat(username, gameID, message) values("JonathanStenbit68", 15, "Yo we should totally listen to some dank beats while we sports1");
INSERT INTO chat(username, gameID, message) values("AllisonHansen39", 15, "We still on?2");
INSERT INTO chat(username, gameID, message) values("AllisonSmith99", 15, "I'll bring some snacks!3");
INSERT INTO chat(username, gameID, message) values("BobStenbit57", 15, "I'll bring some snacks!4");
INSERT INTO chat(username, gameID, message) values("SarahStenbit31", 16, "I'll bring some snacks!0");
INSERT INTO chat(username, gameID, message) values("MaryJohnson93", 16, "See you all in 10.1");
INSERT INTO chat(username, gameID, message) values("BobStenbit57", 16, "We still on?2");
INSERT INTO chat(username, gameID, message) values("MattFontenot98", 16, "Hey, I'll bring a ball!3");
INSERT INTO chat(username, gameID, message) values("JackGoldman29", 16, "Just got here and its busy so we can't play. Sorry!4");
INSERT INTO chat(username, gameID, message) values("TimmothyBanbury4", 16, "See you all in 10.5");
INSERT INTO chat(username, gameID, message) values("PaigeBanbury26", 16, "Ay where the dank memes at?6");
INSERT INTO chat(username, gameID, message) values("GraceCohen53", 16, "See you all in 10.7");
INSERT INTO chat(username, gameID, message) values("MattReiss86", 17, "Ay where the dank memes at?0");
INSERT INTO chat(username, gameID, message) values("MaryJohnson93", 17, "Yo we should totally listen to some dank beats while we sports1");
INSERT INTO chat(username, gameID, message) values("BobReiss45", 17, "Just realized it's raining, so let's cancel?2");
INSERT INTO chat(username, gameID, message) values("BobReiss45", 17, "Just realized it's raining, so let's cancel?3");
INSERT INTO chat(username, gameID, message) values("MattReiss56", 18, "Yo we should totally listen to some dank beats while we sports0");
INSERT INTO chat(username, gameID, message) values("JackKhan42", 18, "Ay where the dank memes at?1");
INSERT INTO chat(username, gameID, message) values("AllisonHansen39", 18, "We still on?2");
INSERT INTO chat(username, gameID, message) values("JenniferSmith58", 18, "Just got here and its busy so we can't play. Sorry!3");
INSERT INTO chat(username, gameID, message) values("MattReiss86", 18, "See you all in 10.4");
INSERT INTO chat(username, gameID, message) values("JackGoldman29", 18, "Hey, I'll bring a ball!5");
INSERT INTO chat(username, gameID, message) values("AllisonHansen20", 18, "Yo we should totally listen to some dank beats while we sports6");
INSERT INTO chat(username, gameID, message) values("GraceCohen53", 18, "Yo we should totally listen to some dank beats while we sports7");
INSERT INTO chat(username, gameID, message) values("GraceCohen64", 18, "See you all in 10.8");
INSERT INTO chat(username, gameID, message) values("PaigeBanbury26", 18, "See you all in 10.9");
INSERT INTO chat(username, gameID, message) values("KatieGoldman59", 19, "Hey, I'll bring a ball!0");
INSERT INTO chat(username, gameID, message) values("MarkGoldman48", 19, "We still on?1");
INSERT INTO chat(username, gameID, message) values("TomRenninger60", 19, "Yo we should totally listen to some dank beats while we sports2");
INSERT INTO chat(username, gameID, message) values("BenGoldman24", 19, "Just realized it's raining, so let's cancel?3");
INSERT INTO chat(username, gameID, message) values("TomHansen30", 19, "We still on?4");
INSERT INTO chat(username, gameID, message) values("BobStenbit5", 20, "Just got here and its busy so we can't play. Sorry!0");
INSERT INTO chat(username, gameID, message) values("JonathanFontenot34", 20, "Just got here and its busy so we can't play. Sorry!1");
INSERT INTO chat(username, gameID, message) values("TimmothyStenbit87", 20, "I'll bring some snacks!2");
INSERT INTO chat(username, gameID, message) values("JenniferMitchell85", 20, "We still on?3");
INSERT INTO chat(username, gameID, message) values("MaryJohnson93", 20, "Just got here and its busy so we can't play. Sorry!4");
INSERT INTO chat(username, gameID, message) values("MattJohnson22", 20, "I'll bring some snacks!5");
INSERT INTO chat(username, gameID, message) values("BobJohnson97", 21, "Hey, I'll bring a ball!0");
INSERT INTO chat(username, gameID, message) values("KatieSmith6", 21, "We still on?1");
INSERT INTO chat(username, gameID, message) values("TimmothyStenbit91", 21, "Just got here and its busy so we can't play. Sorry!2");
INSERT INTO chat(username, gameID, message) values("JackReiss90", 21, "I'll bring some snacks!3");
INSERT INTO chat(username, gameID, message) values("TimmothySmith40", 21, "Ay where the dank memes at?4");
INSERT INTO chat(username, gameID, message) values("BobReiss23", 21, "Just realized it's raining, so let's cancel?5");
INSERT INTO chat(username, gameID, message) values("MattSmith75", 22, "Yo we should totally listen to some dank beats while we sports0");
INSERT INTO chat(username, gameID, message) values("KatieGabrielson35", 22, "Just realized it's raining, so let's cancel?1");
INSERT INTO chat(username, gameID, message) values("BobReiss45", 23, "See you all in 10.0");
INSERT INTO chat(username, gameID, message) values("TimmothyGoldman25", 23, "Just got here and its busy so we can't play. Sorry!1");
INSERT INTO chat(username, gameID, message) values("GraceKhan17", 23, "Hey, I'll bring a ball!2");
INSERT INTO chat(username, gameID, message) values("TimmothyStenbit87", 23, "Ay where the dank memes at?3");
INSERT INTO chat(username, gameID, message) values("BenGoldman19", 23, "Yo we should totally listen to some dank beats while we sports4");
INSERT INTO chat(username, gameID, message) values("JackReiss90", 24, "Ay where the dank memes at?0");
INSERT INTO chat(username, gameID, message) values("BenGoldman19", 24, "Ay where the dank memes at?1");
INSERT INTO chat(username, gameID, message) values("MarkGabrielson73", 24, "Yo we should totally listen to some dank beats while we sports2");
INSERT INTO chat(username, gameID, message) values("BobJohnson97", 24, "Just realized it's raining, so let's cancel?3");
INSERT INTO chat(username, gameID, message) values("AllisonJohnson15", 24, "I'll bring some snacks!4");
INSERT INTO chat(username, gameID, message) values("BobReiss45", 24, "We still on?5");
INSERT INTO chat(username, gameID, message) values("JohnKhan83", 25, "We still on?0");
INSERT INTO chat(username, gameID, message) values("TomStenbit51", 25, "I'll bring some snacks!1");
INSERT INTO chat(username, gameID, message) values("JenniferJohnson16", 25, "Hey, I'll bring a ball!2");
INSERT INTO chat(username, gameID, message) values("BobStenbit5", 25, "Yo we should totally listen to some dank beats while we sports3");
INSERT INTO chat(username, gameID, message) values("MattBanbury1", 25, "Yo we should totally listen to some dank beats while we sports4");
INSERT INTO chat(username, gameID, message) values("PaigeFontenot0", 25, "See you all in 10.5");
INSERT INTO chat(username, gameID, message) values("KatieCarter12", 25, "I'll bring some snacks!6");
INSERT INTO chat(username, gameID, message) values("TimmothyStenbit91", 25, "Ay where the dank memes at?7");
INSERT INTO chat(username, gameID, message) values("TimmothySmith40", 26, "We still on?0");
INSERT INTO chat(username, gameID, message) values("JenniferJohnson11", 26, "Just got here and its busy so we can't play. Sorry!1");
INSERT INTO chat(username, gameID, message) values("TimmothyGoldman25", 26, "Ay where the dank memes at?2");
INSERT INTO chat(username, gameID, message) values("MattBanbury1", 26, "See you all in 10.3");
INSERT INTO chat(username, gameID, message) values("KatieJohnson50", 26, "Hey, I'll bring a ball!4");
INSERT INTO chat(username, gameID, message) values("TimmothyStenbit87", 27, "Yo we should totally listen to some dank beats while we sports0");
INSERT INTO chat(username, gameID, message) values("MarkHansen82", 27, "Just realized it's raining, so let's cancel?1");
INSERT INTO chat(username, gameID, message) values("MattGoldman21", 27, "Just realized it's raining, so let's cancel?2");
INSERT INTO chat(username, gameID, message) values("TomHansen30", 27, "Just realized it's raining, so let's cancel?3");
INSERT INTO chat(username, gameID, message) values("MarkBanbury2", 27, "Ay where the dank memes at?4");
INSERT INTO chat(username, gameID, message) values("TomHansen44", 27, "I'll bring some snacks!5");
INSERT INTO chat(username, gameID, message) values("MattReiss56", 27, "We still on?6");
INSERT INTO chat(username, gameID, message) values("BobReiss23", 27, "Just realized it's raining, so let's cancel?7");
INSERT INTO chat(username, gameID, message) values("TimmothyStenbit87", 28, "Just got here and its busy so we can't play. Sorry!0");
INSERT INTO chat(username, gameID, message) values("TimmothyHansen3", 28, "I'll bring some snacks!1");
INSERT INTO chat(username, gameID, message) values("PaigeBanbury7", 28, "Yo we should totally listen to some dank beats while we sports2");
INSERT INTO chat(username, gameID, message) values("MattBanbury1", 28, "Ay where the dank memes at?3");
INSERT INTO chat(username, gameID, message) values("JackJohnson27", 28, "I'll bring some snacks!4");
INSERT INTO chat(username, gameID, message) values("JohnMitchell36", 28, "Hey, I'll bring a ball!5");
INSERT INTO chat(username, gameID, message) values("MattJohnson62", 28, "See you all in 10.6");
INSERT INTO chat(username, gameID, message) values("AllisonCarter55", 28, "Just got here and its busy so we can't play. Sorry!7");
INSERT INTO chat(username, gameID, message) values("AllisonHansen39", 29, "Just realized it's raining, so let's cancel?0");
INSERT INTO chat(username, gameID, message) values("TimmothyStenbit33", 29, "We still on?1");
INSERT INTO chat(username, gameID, message) values("KatieGoldman13", 29, "We still on?2");
INSERT INTO chat(username, gameID, message) values("BenGoldman24", 29, "Just realized it's raining, so let's cancel?3");
INSERT INTO chat(username, gameID, message) values("PaigeBanbury26", 29, "Just got here and its busy so we can't play. Sorry!4");
INSERT INTO chat(username, gameID, message) values("BenSmith74", 29, "Just got here and its busy so we can't play. Sorry!5");
INSERT INTO chat(username, gameID, message) values("TimmothyBanbury4", 29, "See you all in 10.6");
INSERT INTO chat(username, gameID, message) values("JonathanStenbit68", 29, "See you all in 10.7");
INSERT INTO chat(username, gameID, message) values("MaryBanbury88", 29, "Hey, I'll bring a ball!8");
INSERT INTO chat(username, gameID, message) values("TimmothyStenbit87", 29, "Just realized it's raining, so let's cancel?9");
INSERT INTO chat(username, gameID, message) values("KatieJohnson50", 30, "We still on?0");
INSERT INTO chat(username, gameID, message) values("KatieJohnson50", 30, "Ay where the dank memes at?1");
INSERT INTO chat(username, gameID, message) values("JenniferMitchell85", 30, "We still on?2");
INSERT INTO chat(username, gameID, message) values("JohnGabrielson72", 30, "Just got here and its busy so we can't play. Sorry!3");
INSERT INTO chat(username, gameID, message) values("BenReiss94", 30, "We still on?4");
INSERT INTO chat(username, gameID, message) values("KatieJohnson50", 30, "Yo we should totally listen to some dank beats while we sports5");
INSERT INTO chat(username, gameID, message) values("TomHansen30", 31, "Ay where the dank memes at?0");
INSERT INTO chat(username, gameID, message) values("MattCarter14", 31, "Hey, I'll bring a ball!1");
INSERT INTO chat(username, gameID, message) values("MattFontenot98", 31, "Just realized it's raining, so let's cancel?2");
INSERT INTO chat(username, gameID, message) values("PaigeRenninger63", 31, "Just realized it's raining, so let's cancel?3");
INSERT INTO chat(username, gameID, message) values("AllisonHansen20", 31, "We still on?4");
INSERT INTO chat(username, gameID, message) values("JenniferJohnson16", 31, "Hey, I'll bring a ball!5");
INSERT INTO chat(username, gameID, message) values("KatieGabrielson35", 32, "Just realized it's raining, so let's cancel?0");
INSERT INTO chat(username, gameID, message) values("MarkBanbury2", 32, "We still on?1");
INSERT INTO chat(username, gameID, message) values("JonathanStenbit68", 32, "Yo we should totally listen to some dank beats while we sports2");
INSERT INTO chat(username, gameID, message) values("MattCarter14", 32, "I'll bring some snacks!3");
INSERT INTO chat(username, gameID, message) values("TimmothyStenbit33", 32, "See you all in 10.4");
INSERT INTO chat(username, gameID, message) values("TomRenninger60", 32, "Just realized it's raining, so let's cancel?5");
INSERT INTO chat(username, gameID, message) values("TimmothyHansen96", 32, "I'll bring some snacks!6");
INSERT INTO chat(username, gameID, message) values("TomStenbit51", 32, "Yo we should totally listen to some dank beats while we sports7");
INSERT INTO chat(username, gameID, message) values("KatieJohnson50", 33, "I'll bring some snacks!0");
INSERT INTO chat(username, gameID, message) values("KatieGoldman13", 33, "See you all in 10.1");
INSERT INTO chat(username, gameID, message) values("AllisonHansen84", 33, "Yo we should totally listen to some dank beats while we sports2");
INSERT INTO chat(username, gameID, message) values("JackReiss90", 33, "We still on?3");
INSERT INTO chat(username, gameID, message) values("GraceKhan79", 33, "We still on?4");
INSERT INTO chat(username, gameID, message) values("AllisonCohen10", 33, "Hey, I'll bring a ball!5");
INSERT INTO chat(username, gameID, message) values("JonathanKhan47", 34, "Yo we should totally listen to some dank beats while we sports0");
INSERT INTO chat(username, gameID, message) values("TomHansen44", 34, "I'll bring some snacks!1");
INSERT INTO chat(username, gameID, message) values("MarkGabrielson73", 34, "Just realized it's raining, so let's cancel?2");
INSERT INTO chat(username, gameID, message) values("GraceStenbit52", 34, "I'll bring some snacks!3");
INSERT INTO chat(username, gameID, message) values("AllisonStenbit92", 34, "I'll bring some snacks!4");
INSERT INTO chat(username, gameID, message) values("TimmothyReiss76", 34, "I'll bring some snacks!5");
INSERT INTO chat(username, gameID, message) values("JohnFontenot8", 35, "Yo we should totally listen to some dank beats while we sports0");
INSERT INTO chat(username, gameID, message) values("TimmothyStenbit87", 35, "Hey, I'll bring a ball!1");
INSERT INTO chat(username, gameID, message) values("MattBanbury1", 35, "Just realized it's raining, so let's cancel?2");
INSERT INTO chat(username, gameID, message) values("BobStenbit57", 35, "See you all in 10.3");
INSERT INTO chat(username, gameID, message) values("JohnGabrielson72", 35, "We still on?4");
INSERT INTO chat(username, gameID, message) values("TimmothyJohnson43", 35, "I'll bring some snacks!5");
INSERT INTO chat(username, gameID, message) values("JenniferSmith58", 35, "Hey, I'll bring a ball!6");
INSERT INTO chat(username, gameID, message) values("MattGoldman21", 35, "We still on?7");
INSERT INTO chat(username, gameID, message) values("GraceStenbit52", 35, "We still on?8");
INSERT INTO chat(username, gameID, message) values("TimmothyReiss41", 35, "Hey, I'll bring a ball!9");
INSERT INTO chat(username, gameID, message) values("JackGoldman29", 36, "Ay where the dank memes at?0");
INSERT INTO chat(username, gameID, message) values("KatieJohnson50", 36, "I'll bring some snacks!1");
INSERT INTO chat(username, gameID, message) values("JackFontenot67", 36, "Ay where the dank memes at?2");
INSERT INTO chat(username, gameID, message) values("JackStenbit69", 36, "I'll bring some snacks!3");
INSERT INTO chat(username, gameID, message) values("AllisonStenbit61", 36, "See you all in 10.4");
INSERT INTO chat(username, gameID, message) values("JackJohnson27", 36, "Hey, I'll bring a ball!5");
INSERT INTO chat(username, gameID, message) values("SarahHansen81", 36, "Yo we should totally listen to some dank beats while we sports6");
INSERT INTO chat(username, gameID, message) values("TimmothySmith77", 36, "See you all in 10.7");
INSERT INTO chat(username, gameID, message) values("SarahStenbit31", 36, "We still on?8");
INSERT INTO chat(username, gameID, message) values("KatieGoldman13", 36, "Yo we should totally listen to some dank beats while we sports9");
INSERT INTO chat(username, gameID, message) values("BenGoldman24", 36, "Hey, I'll bring a ball!10");
INSERT INTO chat(username, gameID, message) values("MattJohnson22", 36, "Yo we should totally listen to some dank beats while we sports11");
INSERT INTO chat(username, gameID, message) values("MattGoldman21", 36, "Ay where the dank memes at?12");
INSERT INTO chat(username, gameID, message) values("TimmothyGoldman71", 36, "Hey, I'll bring a ball!13");
INSERT INTO chat(username, gameID, message) values("AllisonSmith99", 36, "Just realized it's raining, so let's cancel?14");
INSERT INTO chat(username, gameID, message) values("JackMitchell49", 37, "Just got here and its busy so we can't play. Sorry!0");
INSERT INTO chat(username, gameID, message) values("BenSmith74", 37, "I'll bring some snacks!1");
INSERT INTO chat(username, gameID, message) values("BenReiss94", 37, "Just realized it's raining, so let's cancel?2");
INSERT INTO chat(username, gameID, message) values("MarkHansen82", 37, "We still on?3");
INSERT INTO chat(username, gameID, message) values("BenReiss94", 37, "Just got here and its busy so we can't play. Sorry!4");
INSERT INTO chat(username, gameID, message) values("MattJohnson65", 37, "I'll bring some snacks!5");
INSERT INTO chat(username, gameID, message) values("TimmothyHansen96", 37, "Just got here and its busy so we can't play. Sorry!6");
INSERT INTO chat(username, gameID, message) values("AllisonStenbit92", 37, "Ay where the dank memes at?7");
INSERT INTO chat(username, gameID, message) values("SarahHansen81", 37, "Ay where the dank memes at?8");
INSERT INTO chat(username, gameID, message) values("TimmothyJohnson43", 37, "Just got here and its busy so we can't play. Sorry!9");
INSERT INTO chat(username, gameID, message) values("JenniferJohnson16", 37, "Just got here and its busy so we can't play. Sorry!10");
INSERT INTO chat(username, gameID, message) values("JenniferMitchell85", 37, "Hey, I'll bring a ball!11");
INSERT INTO chat(username, gameID, message) values("BobStenbit57", 37, "We still on?12");
INSERT INTO chat(username, gameID, message) values("MattFontenot98", 37, "I'll bring some snacks!13");
INSERT INTO chat(username, gameID, message) values("TomHansen30", 37, "Just realized it's raining, so let's cancel?14");
INSERT INTO chat(username, gameID, message) values("TimmothyStenbit33", 38, "Hey, I'll bring a ball!0");
INSERT INTO chat(username, gameID, message) values("BenGoldman19", 38, "Hey, I'll bring a ball!1");
INSERT INTO chat(username, gameID, message) values("BenSmith74", 39, "Hey, I'll bring a ball!0");
INSERT INTO chat(username, gameID, message) values("JohnFontenot8", 39, "We still on?1");
INSERT INTO chat(username, gameID, message) values("KatieGoldman13", 40, "We still on?0");
INSERT INTO chat(username, gameID, message) values("AllisonHansen39", 40, "See you all in 10.1");
INSERT INTO chat(username, gameID, message) values("AllisonCohen38", 41, "Ay where the dank memes at?0");
INSERT INTO chat(username, gameID, message) values("MarkCarter89", 41, "Just realized it's raining, so let's cancel?1");
INSERT INTO chat(username, gameID, message) values("AllisonCarter55", 41, "Ay where the dank memes at?2");
INSERT INTO chat(username, gameID, message) values("JackFontenot67", 41, "Hey, I'll bring a ball!3");
INSERT INTO chat(username, gameID, message) values("SarahMitchell78", 41, "Just got here and its busy so we can't play. Sorry!4");
INSERT INTO chat(username, gameID, message) values("KatieJohnson50", 41, "Yo we should totally listen to some dank beats while we sports5");
INSERT INTO chat(username, gameID, message) values("JonathanKhan47", 41, "Hey, I'll bring a ball!6");
INSERT INTO chat(username, gameID, message) values("JohnGabrielson72", 41, "Yo we should totally listen to some dank beats while we sports7");
INSERT INTO chat(username, gameID, message) values("MarkMitchell32", 42, "Just got here and its busy so we can't play. Sorry!0");
INSERT INTO chat(username, gameID, message) values("KatieGoldman13", 42, "Hey, I'll bring a ball!1");
INSERT INTO chat(username, gameID, message) values("JonathanGoldman46", 42, "Just got here and its busy so we can't play. Sorry!2");
INSERT INTO chat(username, gameID, message) values("TomRenninger60", 42, "I'll bring some snacks!3");
INSERT INTO chat(username, gameID, message) values("JenniferSmith58", 42, "Yo we should totally listen to some dank beats while we sports4");
INSERT INTO chat(username, gameID, message) values("TimmothyKhan95", 42, "Yo we should totally listen to some dank beats while we sports5");
INSERT INTO chat(username, gameID, message) values("TimmothyGoldman71", 43, "Ay where the dank memes at?0");
INSERT INTO chat(username, gameID, message) values("JackJohnson28", 43, "I'll bring some snacks!1");
INSERT INTO chat(username, gameID, message) values("TimmothySmith77", 43, "I'll bring some snacks!2");
INSERT INTO chat(username, gameID, message) values("JackStenbit69", 43, "I'll bring some snacks!3");
INSERT INTO chat(username, gameID, message) values("MattJohnson65", 43, "Just realized it's raining, so let's cancel?4");
INSERT INTO chat(username, gameID, message) values("GraceCohen64", 43, "Yo we should totally listen to some dank beats while we sports5");
INSERT INTO chat(username, gameID, message) values("JenniferJohnson11", 43, "Just realized it's raining, so let's cancel?6");
INSERT INTO chat(username, gameID, message) values("BenGoldman24", 43, "We still on?7");
INSERT INTO chat(username, gameID, message) values("MattCarter14", 43, "See you all in 10.8");
INSERT INTO chat(username, gameID, message) values("JackFontenot67", 43, "Hey, I'll bring a ball!9");
INSERT INTO chat(username, gameID, message) values("BenGoldman24", 44, "Yo we should totally listen to some dank beats while we sports0");
INSERT INTO chat(username, gameID, message) values("MaryJohnson93", 44, "Just got here and its busy so we can't play. Sorry!1");
INSERT INTO chat(username, gameID, message) values("GraceStenbit52", 44, "Just got here and its busy so we can't play. Sorry!2");
INSERT INTO chat(username, gameID, message) values("BobStenbit57", 44, "Ay where the dank memes at?3");
INSERT INTO chat(username, gameID, message) values("MaryBanbury88", 45, "Yo we should totally listen to some dank beats while we sports0");
INSERT INTO chat(username, gameID, message) values("TimmothyGoldman71", 45, "Just got here and its busy so we can't play. Sorry!1");
INSERT INTO chat(username, gameID, message) values("JohnKhan83", 45, "Ay where the dank memes at?2");
INSERT INTO chat(username, gameID, message) values("TimmothyGoldman71", 45, "See you all in 10.3");
INSERT INTO chat(username, gameID, message) values("PaigeRenninger63", 45, "Yo we should totally listen to some dank beats while we sports4");
INSERT INTO chat(username, gameID, message) values("PaigeRenninger63", 46, "Ay where the dank memes at?0");
INSERT INTO chat(username, gameID, message) values("JackJohnson27", 46, "Yo we should totally listen to some dank beats while we sports1");
INSERT INTO chat(username, gameID, message) values("JenniferJohnson11", 46, "See you all in 10.2");
INSERT INTO chat(username, gameID, message) values("JackKhan42", 46, "We still on?3");
INSERT INTO chat(username, gameID, message) values("BenGoldman24", 46, "I'll bring some snacks!4");
INSERT INTO chat(username, gameID, message) values("JackJohnson28", 46, "I'll bring some snacks!5");
INSERT INTO chat(username, gameID, message) values("BobBanbury9", 46, "Just realized it's raining, so let's cancel?6");
INSERT INTO chat(username, gameID, message) values("TimmothySmith40", 46, "Just got here and its busy so we can't play. Sorry!7");
INSERT INTO chat(username, gameID, message) values("JonathanStenbit68", 47, "Just got here and its busy so we can't play. Sorry!0");
INSERT INTO chat(username, gameID, message) values("JenniferMitchell85", 47, "Ay where the dank memes at?1");
INSERT INTO chat(username, gameID, message) values("BenReiss94", 47, "Just realized it's raining, so let's cancel?2");
INSERT INTO chat(username, gameID, message) values("PaigeBanbury26", 47, "See you all in 10.3");
INSERT INTO chat(username, gameID, message) values("MarkBanbury2", 47, "Just realized it's raining, so let's cancel?4");
INSERT INTO chat(username, gameID, message) values("TimmothySmith77", 47, "Yo we should totally listen to some dank beats while we sports5");
INSERT INTO chat(username, gameID, message) values("JackGoldman29", 47, "Yo we should totally listen to some dank beats while we sports6");
INSERT INTO chat(username, gameID, message) values("AllisonHansen39", 47, "Just got here and its busy so we can't play. Sorry!7");
INSERT INTO chat(username, gameID, message) values("JackJohnson27", 47, "See you all in 10.8");
INSERT INTO chat(username, gameID, message) values("JohnFontenot8", 47, "Just got here and its busy so we can't play. Sorry!9");
INSERT INTO chat(username, gameID, message) values("JackKhan42", 48, "Ay where the dank memes at?0");
INSERT INTO chat(username, gameID, message) values("JonathanGoldman46", 48, "Yo we should totally listen to some dank beats while we sports1");
INSERT INTO chat(username, gameID, message) values("JenniferMitchell85", 48, "Just got here and its busy so we can't play. Sorry!2");
INSERT INTO chat(username, gameID, message) values("BobReiss45", 48, "Just got here and its busy so we can't play. Sorry!3");
INSERT INTO chat(username, gameID, message) values("KatieGoldman13", 48, "We still on?4");
INSERT INTO chat(username, gameID, message) values("KatieJohnson50", 49, "I'll bring some snacks!0");
INSERT INTO chat(username, gameID, message) values("JenniferMitchell66", 49, "Just got here and its busy so we can't play. Sorry!1");
INSERT INTO chat(username, gameID, message) values("JenniferJohnson11", 49, "Just realized it's raining, so let's cancel?2");
INSERT INTO chat(username, gameID, message) values("BenGoldman24", 49, "See you all in 10.3");
INSERT INTO chat(username, gameID, message) values("PaigeFontenot0", 49, "We still on?4");
INSERT INTO chat(username, gameID, message) values("BenSmith74", 49, "Yo we should totally listen to some dank beats while we sports5");
INSERT INTO chat(username, gameID, message) values("MarkCarter89", 50, "Hey, I'll bring a ball!0");
INSERT INTO chat(username, gameID, message) values("MattJohnson62", 50, "Hey, I'll bring a ball!1");
INSERT INTO chat(username, gameID, message) values("MarkBanbury2", 50, "Yo we should totally listen to some dank beats while we sports2");
INSERT INTO chat(username, gameID, message) values("GraceStenbit52", 50, "We still on?3");
INSERT INTO chat(username, gameID, message) values("TomHansen44", 50, "Ay where the dank memes at?4");
INSERT INTO chat(username, gameID, message) values("TimmothyReiss76", 50, "We still on?5");
INSERT INTO chat(username, gameID, message) values("JackJohnson27", 50, "Ay where the dank memes at?6");
INSERT INTO chat(username, gameID, message) values("JohnFontenot8", 50, "Ay where the dank memes at?7");
INSERT INTO chat(username, gameID, message) values("TimmothyStenbit87", 50, "Ay where the dank memes at?8");
INSERT INTO chat(username, gameID, message) values("JenniferMitchell18", 50, "Ay where the dank memes at?9");
