DROP DATABASE IF EXISTS pickup;

CREATE DATABASE pickup;

USE pickup;

CREATE TABLE user(
name VARCHAR(100),
id INT auto_increment PRIMARY KEY,
salt VARCHAR(256),
hash VARCHAR(64),
email VARCHAR(100)
);

CREATE TABLE login(
login DATETIME,
username VARCHAR(100),
PRIMARY KEY(login, username)
);

CREATE TABLE session(
username VARCHAR(100),
sessionKey VARCHAR(256)
);

CREATE TABLE chat(
chatID INT auto_increment PRIMARY KEY,
username VARCHAR(100),
gameID INT,
message VARCHAR(1000),
time TIME
);

CREATE TABLE friend(
friender VARCHAR(100),
friendee VARCHAR(100),
PRIMARY KEY(friender, friendee)
);

CREATE TABLE sportPreference(
username VARCHAR(100),
sport VARCHAR(100),
PRIMARY KEY(username, sport)
);

CREATE TABLE game(
id INT PRIMARY KEY auto_increment,
sport VARCHAR(100),
time TIME,
date DATE,
playerCount INT,
location VARCHAR(100),
full TINYINT
);

CREATE TABLE enlist(
playerName VARCHAR(100),
gameID INT,
PRIMARY KEY(playerName, gameID)
);



INSERT INTO user(name, salt, hash) values("JackFontenot0","1jo5OFAVDpC6xaEgt8sSuHcOSzo1SnkEVF5jHwD39SJegUlvz8nBLNeJBK6StVPCKzNNxUpOToQojUW304fW5gjniSqWejeBxo6Xtlgb0qIWW4vYoRYIIPRph8YwiW1mSxZ6sahYlfruDA52wtwPw82I9EVnEul7jRMbbFGFD2NDNW3AinEFt5sqMa84tKK0V9JJyRe4FY7yFTOVjSMV41WF2srbI3k0QVGoEaQ7r0tijCBnXil4QVwQ0ya1FW3g","e48856bbdbbb68291a2059fd540961ca213ee5b20b91a7a26bb8b59ae4b052b5");
INSERT INTO user(name, salt, hash) values("GraceKhan1","1jo5OFAVDpC6xaEgt8sSuHcOSzo1SnkEVF5jHwD39SJegUlvz8nBLNeJBK6StVPCKzNNxUpOToQojUW304fW5gjniSqWejeBxo6Xtlgb0qIWW4vYoRYIIPRph8YwiW1mSxZ6sahYlfruDA52wtwPw82I9EVnEul7jRMbbFGFD2NDNW3AinEFt5sqMa84tKK0V9JJyRe4FY7yFTOVjSMV41WF2srbI3k0QVGoEaQ7r0tijCBnXil4QVwQ0ya1FW3g","e48856bbdbbb68291a2059fd540961ca213ee5b20b91a7a26bb8b59ae4b052b5");
INSERT INTO user(name, salt, hash) values("AllisonHansen2","1jo5OFAVDpC6xaEgt8sSuHcOSzo1SnkEVF5jHwD39SJegUlvz8nBLNeJBK6StVPCKzNNxUpOToQojUW304fW5gjniSqWejeBxo6Xtlgb0qIWW4vYoRYIIPRph8YwiW1mSxZ6sahYlfruDA52wtwPw82I9EVnEul7jRMbbFGFD2NDNW3AinEFt5sqMa84tKK0V9JJyRe4FY7yFTOVjSMV41WF2srbI3k0QVGoEaQ7r0tijCBnXil4QVwQ0ya1FW3g","e48856bbdbbb68291a2059fd540961ca213ee5b20b91a7a26bb8b59ae4b052b5");
INSERT INTO user(name, salt, hash) values("JohnBanbury3","1jo5OFAVDpC6xaEgt8sSuHcOSzo1SnkEVF5jHwD39SJegUlvz8nBLNeJBK6StVPCKzNNxUpOToQojUW304fW5gjniSqWejeBxo6Xtlgb0qIWW4vYoRYIIPRph8YwiW1mSxZ6sahYlfruDA52wtwPw82I9EVnEul7jRMbbFGFD2NDNW3AinEFt5sqMa84tKK0V9JJyRe4FY7yFTOVjSMV41WF2srbI3k0QVGoEaQ7r0tijCBnXil4QVwQ0ya1FW3g","e48856bbdbbb68291a2059fd540961ca213ee5b20b91a7a26bb8b59ae4b052b5");
INSERT INTO user(name, salt, hash) values("JonathanBanbury4","1jo5OFAVDpC6xaEgt8sSuHcOSzo1SnkEVF5jHwD39SJegUlvz8nBLNeJBK6StVPCKzNNxUpOToQojUW304fW5gjniSqWejeBxo6Xtlgb0qIWW4vYoRYIIPRph8YwiW1mSxZ6sahYlfruDA52wtwPw82I9EVnEul7jRMbbFGFD2NDNW3AinEFt5sqMa84tKK0V9JJyRe4FY7yFTOVjSMV41WF2srbI3k0QVGoEaQ7r0tijCBnXil4QVwQ0ya1FW3g","e48856bbdbbb68291a2059fd540961ca213ee5b20b91a7a26bb8b59ae4b052b5");
INSERT INTO user(name, salt, hash) values("JohnKhan5","1jo5OFAVDpC6xaEgt8sSuHcOSzo1SnkEVF5jHwD39SJegUlvz8nBLNeJBK6StVPCKzNNxUpOToQojUW304fW5gjniSqWejeBxo6Xtlgb0qIWW4vYoRYIIPRph8YwiW1mSxZ6sahYlfruDA52wtwPw82I9EVnEul7jRMbbFGFD2NDNW3AinEFt5sqMa84tKK0V9JJyRe4FY7yFTOVjSMV41WF2srbI3k0QVGoEaQ7r0tijCBnXil4QVwQ0ya1FW3g","e48856bbdbbb68291a2059fd540961ca213ee5b20b91a7a26bb8b59ae4b052b5");
INSERT INTO user(name, salt, hash) values("GraceKhan6","1jo5OFAVDpC6xaEgt8sSuHcOSzo1SnkEVF5jHwD39SJegUlvz8nBLNeJBK6StVPCKzNNxUpOToQojUW304fW5gjniSqWejeBxo6Xtlgb0qIWW4vYoRYIIPRph8YwiW1mSxZ6sahYlfruDA52wtwPw82I9EVnEul7jRMbbFGFD2NDNW3AinEFt5sqMa84tKK0V9JJyRe4FY7yFTOVjSMV41WF2srbI3k0QVGoEaQ7r0tijCBnXil4QVwQ0ya1FW3g","e48856bbdbbb68291a2059fd540961ca213ee5b20b91a7a26bb8b59ae4b052b5");
INSERT INTO user(name, salt, hash) values("MaryCohen7","1jo5OFAVDpC6xaEgt8sSuHcOSzo1SnkEVF5jHwD39SJegUlvz8nBLNeJBK6StVPCKzNNxUpOToQojUW304fW5gjniSqWejeBxo6Xtlgb0qIWW4vYoRYIIPRph8YwiW1mSxZ6sahYlfruDA52wtwPw82I9EVnEul7jRMbbFGFD2NDNW3AinEFt5sqMa84tKK0V9JJyRe4FY7yFTOVjSMV41WF2srbI3k0QVGoEaQ7r0tijCBnXil4QVwQ0ya1FW3g","e48856bbdbbb68291a2059fd540961ca213ee5b20b91a7a26bb8b59ae4b052b5");
INSERT INTO user(name, salt, hash) values("TomSmith8","1jo5OFAVDpC6xaEgt8sSuHcOSzo1SnkEVF5jHwD39SJegUlvz8nBLNeJBK6StVPCKzNNxUpOToQojUW304fW5gjniSqWejeBxo6Xtlgb0qIWW4vYoRYIIPRph8YwiW1mSxZ6sahYlfruDA52wtwPw82I9EVnEul7jRMbbFGFD2NDNW3AinEFt5sqMa84tKK0V9JJyRe4FY7yFTOVjSMV41WF2srbI3k0QVGoEaQ7r0tijCBnXil4QVwQ0ya1FW3g","e48856bbdbbb68291a2059fd540961ca213ee5b20b91a7a26bb8b59ae4b052b5");
INSERT INTO user(name, salt, hash) values("GraceFontenot9","1jo5OFAVDpC6xaEgt8sSuHcOSzo1SnkEVF5jHwD39SJegUlvz8nBLNeJBK6StVPCKzNNxUpOToQojUW304fW5gjniSqWejeBxo6Xtlgb0qIWW4vYoRYIIPRph8YwiW1mSxZ6sahYlfruDA52wtwPw82I9EVnEul7jRMbbFGFD2NDNW3AinEFt5sqMa84tKK0V9JJyRe4FY7yFTOVjSMV41WF2srbI3k0QVGoEaQ7r0tijCBnXil4QVwQ0ya1FW3g","e48856bbdbbb68291a2059fd540961ca213ee5b20b91a7a26bb8b59ae4b052b5");
INSERT INTO user(name, salt, hash) values("JackFontenot10","1jo5OFAVDpC6xaEgt8sSuHcOSzo1SnkEVF5jHwD39SJegUlvz8nBLNeJBK6StVPCKzNNxUpOToQojUW304fW5gjniSqWejeBxo6Xtlgb0qIWW4vYoRYIIPRph8YwiW1mSxZ6sahYlfruDA52wtwPw82I9EVnEul7jRMbbFGFD2NDNW3AinEFt5sqMa84tKK0V9JJyRe4FY7yFTOVjSMV41WF2srbI3k0QVGoEaQ7r0tijCBnXil4QVwQ0ya1FW3g","e48856bbdbbb68291a2059fd540961ca213ee5b20b91a7a26bb8b59ae4b052b5");
INSERT INTO user(name, salt, hash) values("JonathanGoldman11","1jo5OFAVDpC6xaEgt8sSuHcOSzo1SnkEVF5jHwD39SJegUlvz8nBLNeJBK6StVPCKzNNxUpOToQojUW304fW5gjniSqWejeBxo6Xtlgb0qIWW4vYoRYIIPRph8YwiW1mSxZ6sahYlfruDA52wtwPw82I9EVnEul7jRMbbFGFD2NDNW3AinEFt5sqMa84tKK0V9JJyRe4FY7yFTOVjSMV41WF2srbI3k0QVGoEaQ7r0tijCBnXil4QVwQ0ya1FW3g","e48856bbdbbb68291a2059fd540961ca213ee5b20b91a7a26bb8b59ae4b052b5");
INSERT INTO user(name, salt, hash) values("MattBanbury12","1jo5OFAVDpC6xaEgt8sSuHcOSzo1SnkEVF5jHwD39SJegUlvz8nBLNeJBK6StVPCKzNNxUpOToQojUW304fW5gjniSqWejeBxo6Xtlgb0qIWW4vYoRYIIPRph8YwiW1mSxZ6sahYlfruDA52wtwPw82I9EVnEul7jRMbbFGFD2NDNW3AinEFt5sqMa84tKK0V9JJyRe4FY7yFTOVjSMV41WF2srbI3k0QVGoEaQ7r0tijCBnXil4QVwQ0ya1FW3g","e48856bbdbbb68291a2059fd540961ca213ee5b20b91a7a26bb8b59ae4b052b5");
INSERT INTO user(name, salt, hash) values("JackCohen13","1jo5OFAVDpC6xaEgt8sSuHcOSzo1SnkEVF5jHwD39SJegUlvz8nBLNeJBK6StVPCKzNNxUpOToQojUW304fW5gjniSqWejeBxo6Xtlgb0qIWW4vYoRYIIPRph8YwiW1mSxZ6sahYlfruDA52wtwPw82I9EVnEul7jRMbbFGFD2NDNW3AinEFt5sqMa84tKK0V9JJyRe4FY7yFTOVjSMV41WF2srbI3k0QVGoEaQ7r0tijCBnXil4QVwQ0ya1FW3g","e48856bbdbbb68291a2059fd540961ca213ee5b20b91a7a26bb8b59ae4b052b5");
INSERT INTO user(name, salt, hash) values("IanGoldman14","1jo5OFAVDpC6xaEgt8sSuHcOSzo1SnkEVF5jHwD39SJegUlvz8nBLNeJBK6StVPCKzNNxUpOToQojUW304fW5gjniSqWejeBxo6Xtlgb0qIWW4vYoRYIIPRph8YwiW1mSxZ6sahYlfruDA52wtwPw82I9EVnEul7jRMbbFGFD2NDNW3AinEFt5sqMa84tKK0V9JJyRe4FY7yFTOVjSMV41WF2srbI3k0QVGoEaQ7r0tijCBnXil4QVwQ0ya1FW3g","e48856bbdbbb68291a2059fd540961ca213ee5b20b91a7a26bb8b59ae4b052b5");
INSERT INTO user(name, salt, hash) values("JonathanStenbit15","1jo5OFAVDpC6xaEgt8sSuHcOSzo1SnkEVF5jHwD39SJegUlvz8nBLNeJBK6StVPCKzNNxUpOToQojUW304fW5gjniSqWejeBxo6Xtlgb0qIWW4vYoRYIIPRph8YwiW1mSxZ6sahYlfruDA52wtwPw82I9EVnEul7jRMbbFGFD2NDNW3AinEFt5sqMa84tKK0V9JJyRe4FY7yFTOVjSMV41WF2srbI3k0QVGoEaQ7r0tijCBnXil4QVwQ0ya1FW3g","e48856bbdbbb68291a2059fd540961ca213ee5b20b91a7a26bb8b59ae4b052b5");
INSERT INTO user(name, salt, hash) values("GraceFontenot16","1jo5OFAVDpC6xaEgt8sSuHcOSzo1SnkEVF5jHwD39SJegUlvz8nBLNeJBK6StVPCKzNNxUpOToQojUW304fW5gjniSqWejeBxo6Xtlgb0qIWW4vYoRYIIPRph8YwiW1mSxZ6sahYlfruDA52wtwPw82I9EVnEul7jRMbbFGFD2NDNW3AinEFt5sqMa84tKK0V9JJyRe4FY7yFTOVjSMV41WF2srbI3k0QVGoEaQ7r0tijCBnXil4QVwQ0ya1FW3g","e48856bbdbbb68291a2059fd540961ca213ee5b20b91a7a26bb8b59ae4b052b5");
INSERT INTO user(name, salt, hash) values("SarahMitchell17","1jo5OFAVDpC6xaEgt8sSuHcOSzo1SnkEVF5jHwD39SJegUlvz8nBLNeJBK6StVPCKzNNxUpOToQojUW304fW5gjniSqWejeBxo6Xtlgb0qIWW4vYoRYIIPRph8YwiW1mSxZ6sahYlfruDA52wtwPw82I9EVnEul7jRMbbFGFD2NDNW3AinEFt5sqMa84tKK0V9JJyRe4FY7yFTOVjSMV41WF2srbI3k0QVGoEaQ7r0tijCBnXil4QVwQ0ya1FW3g","e48856bbdbbb68291a2059fd540961ca213ee5b20b91a7a26bb8b59ae4b052b5");
INSERT INTO user(name, salt, hash) values("AllisonSmith18","1jo5OFAVDpC6xaEgt8sSuHcOSzo1SnkEVF5jHwD39SJegUlvz8nBLNeJBK6StVPCKzNNxUpOToQojUW304fW5gjniSqWejeBxo6Xtlgb0qIWW4vYoRYIIPRph8YwiW1mSxZ6sahYlfruDA52wtwPw82I9EVnEul7jRMbbFGFD2NDNW3AinEFt5sqMa84tKK0V9JJyRe4FY7yFTOVjSMV41WF2srbI3k0QVGoEaQ7r0tijCBnXil4QVwQ0ya1FW3g","e48856bbdbbb68291a2059fd540961ca213ee5b20b91a7a26bb8b59ae4b052b5");
INSERT INTO user(name, salt, hash) values("BenCarter19","1jo5OFAVDpC6xaEgt8sSuHcOSzo1SnkEVF5jHwD39SJegUlvz8nBLNeJBK6StVPCKzNNxUpOToQojUW304fW5gjniSqWejeBxo6Xtlgb0qIWW4vYoRYIIPRph8YwiW1mSxZ6sahYlfruDA52wtwPw82I9EVnEul7jRMbbFGFD2NDNW3AinEFt5sqMa84tKK0V9JJyRe4FY7yFTOVjSMV41WF2srbI3k0QVGoEaQ7r0tijCBnXil4QVwQ0ya1FW3g","e48856bbdbbb68291a2059fd540961ca213ee5b20b91a7a26bb8b59ae4b052b5");
INSERT INTO user(name, salt, hash) values("JonathanRenninger20","1jo5OFAVDpC6xaEgt8sSuHcOSzo1SnkEVF5jHwD39SJegUlvz8nBLNeJBK6StVPCKzNNxUpOToQojUW304fW5gjniSqWejeBxo6Xtlgb0qIWW4vYoRYIIPRph8YwiW1mSxZ6sahYlfruDA52wtwPw82I9EVnEul7jRMbbFGFD2NDNW3AinEFt5sqMa84tKK0V9JJyRe4FY7yFTOVjSMV41WF2srbI3k0QVGoEaQ7r0tijCBnXil4QVwQ0ya1FW3g","e48856bbdbbb68291a2059fd540961ca213ee5b20b91a7a26bb8b59ae4b052b5");
INSERT INTO user(name, salt, hash) values("BobSmith21","1jo5OFAVDpC6xaEgt8sSuHcOSzo1SnkEVF5jHwD39SJegUlvz8nBLNeJBK6StVPCKzNNxUpOToQojUW304fW5gjniSqWejeBxo6Xtlgb0qIWW4vYoRYIIPRph8YwiW1mSxZ6sahYlfruDA52wtwPw82I9EVnEul7jRMbbFGFD2NDNW3AinEFt5sqMa84tKK0V9JJyRe4FY7yFTOVjSMV41WF2srbI3k0QVGoEaQ7r0tijCBnXil4QVwQ0ya1FW3g","e48856bbdbbb68291a2059fd540961ca213ee5b20b91a7a26bb8b59ae4b052b5");
INSERT INTO user(name, salt, hash) values("JackCarter22","1jo5OFAVDpC6xaEgt8sSuHcOSzo1SnkEVF5jHwD39SJegUlvz8nBLNeJBK6StVPCKzNNxUpOToQojUW304fW5gjniSqWejeBxo6Xtlgb0qIWW4vYoRYIIPRph8YwiW1mSxZ6sahYlfruDA52wtwPw82I9EVnEul7jRMbbFGFD2NDNW3AinEFt5sqMa84tKK0V9JJyRe4FY7yFTOVjSMV41WF2srbI3k0QVGoEaQ7r0tijCBnXil4QVwQ0ya1FW3g","e48856bbdbbb68291a2059fd540961ca213ee5b20b91a7a26bb8b59ae4b052b5");
INSERT INTO user(name, salt, hash) values("SarahReiss23","1jo5OFAVDpC6xaEgt8sSuHcOSzo1SnkEVF5jHwD39SJegUlvz8nBLNeJBK6StVPCKzNNxUpOToQojUW304fW5gjniSqWejeBxo6Xtlgb0qIWW4vYoRYIIPRph8YwiW1mSxZ6sahYlfruDA52wtwPw82I9EVnEul7jRMbbFGFD2NDNW3AinEFt5sqMa84tKK0V9JJyRe4FY7yFTOVjSMV41WF2srbI3k0QVGoEaQ7r0tijCBnXil4QVwQ0ya1FW3g","e48856bbdbbb68291a2059fd540961ca213ee5b20b91a7a26bb8b59ae4b052b5");
INSERT INTO user(name, salt, hash) values("MarkReiss24","1jo5OFAVDpC6xaEgt8sSuHcOSzo1SnkEVF5jHwD39SJegUlvz8nBLNeJBK6StVPCKzNNxUpOToQojUW304fW5gjniSqWejeBxo6Xtlgb0qIWW4vYoRYIIPRph8YwiW1mSxZ6sahYlfruDA52wtwPw82I9EVnEul7jRMbbFGFD2NDNW3AinEFt5sqMa84tKK0V9JJyRe4FY7yFTOVjSMV41WF2srbI3k0QVGoEaQ7r0tijCBnXil4QVwQ0ya1FW3g","e48856bbdbbb68291a2059fd540961ca213ee5b20b91a7a26bb8b59ae4b052b5");
INSERT INTO user(name, salt, hash) values("AllisonStenbit25","1jo5OFAVDpC6xaEgt8sSuHcOSzo1SnkEVF5jHwD39SJegUlvz8nBLNeJBK6StVPCKzNNxUpOToQojUW304fW5gjniSqWejeBxo6Xtlgb0qIWW4vYoRYIIPRph8YwiW1mSxZ6sahYlfruDA52wtwPw82I9EVnEul7jRMbbFGFD2NDNW3AinEFt5sqMa84tKK0V9JJyRe4FY7yFTOVjSMV41WF2srbI3k0QVGoEaQ7r0tijCBnXil4QVwQ0ya1FW3g","e48856bbdbbb68291a2059fd540961ca213ee5b20b91a7a26bb8b59ae4b052b5");
INSERT INTO user(name, salt, hash) values("GraceBanbury26","1jo5OFAVDpC6xaEgt8sSuHcOSzo1SnkEVF5jHwD39SJegUlvz8nBLNeJBK6StVPCKzNNxUpOToQojUW304fW5gjniSqWejeBxo6Xtlgb0qIWW4vYoRYIIPRph8YwiW1mSxZ6sahYlfruDA52wtwPw82I9EVnEul7jRMbbFGFD2NDNW3AinEFt5sqMa84tKK0V9JJyRe4FY7yFTOVjSMV41WF2srbI3k0QVGoEaQ7r0tijCBnXil4QVwQ0ya1FW3g","e48856bbdbbb68291a2059fd540961ca213ee5b20b91a7a26bb8b59ae4b052b5");
INSERT INTO user(name, salt, hash) values("MaryRenninger27","1jo5OFAVDpC6xaEgt8sSuHcOSzo1SnkEVF5jHwD39SJegUlvz8nBLNeJBK6StVPCKzNNxUpOToQojUW304fW5gjniSqWejeBxo6Xtlgb0qIWW4vYoRYIIPRph8YwiW1mSxZ6sahYlfruDA52wtwPw82I9EVnEul7jRMbbFGFD2NDNW3AinEFt5sqMa84tKK0V9JJyRe4FY7yFTOVjSMV41WF2srbI3k0QVGoEaQ7r0tijCBnXil4QVwQ0ya1FW3g","e48856bbdbbb68291a2059fd540961ca213ee5b20b91a7a26bb8b59ae4b052b5");
INSERT INTO user(name, salt, hash) values("MattCohen28","1jo5OFAVDpC6xaEgt8sSuHcOSzo1SnkEVF5jHwD39SJegUlvz8nBLNeJBK6StVPCKzNNxUpOToQojUW304fW5gjniSqWejeBxo6Xtlgb0qIWW4vYoRYIIPRph8YwiW1mSxZ6sahYlfruDA52wtwPw82I9EVnEul7jRMbbFGFD2NDNW3AinEFt5sqMa84tKK0V9JJyRe4FY7yFTOVjSMV41WF2srbI3k0QVGoEaQ7r0tijCBnXil4QVwQ0ya1FW3g","e48856bbdbbb68291a2059fd540961ca213ee5b20b91a7a26bb8b59ae4b052b5");
INSERT INTO user(name, salt, hash) values("IanRenninger29","1jo5OFAVDpC6xaEgt8sSuHcOSzo1SnkEVF5jHwD39SJegUlvz8nBLNeJBK6StVPCKzNNxUpOToQojUW304fW5gjniSqWejeBxo6Xtlgb0qIWW4vYoRYIIPRph8YwiW1mSxZ6sahYlfruDA52wtwPw82I9EVnEul7jRMbbFGFD2NDNW3AinEFt5sqMa84tKK0V9JJyRe4FY7yFTOVjSMV41WF2srbI3k0QVGoEaQ7r0tijCBnXil4QVwQ0ya1FW3g","e48856bbdbbb68291a2059fd540961ca213ee5b20b91a7a26bb8b59ae4b052b5");
INSERT INTO user(name, salt, hash) values("MattMitchell30","1jo5OFAVDpC6xaEgt8sSuHcOSzo1SnkEVF5jHwD39SJegUlvz8nBLNeJBK6StVPCKzNNxUpOToQojUW304fW5gjniSqWejeBxo6Xtlgb0qIWW4vYoRYIIPRph8YwiW1mSxZ6sahYlfruDA52wtwPw82I9EVnEul7jRMbbFGFD2NDNW3AinEFt5sqMa84tKK0V9JJyRe4FY7yFTOVjSMV41WF2srbI3k0QVGoEaQ7r0tijCBnXil4QVwQ0ya1FW3g","e48856bbdbbb68291a2059fd540961ca213ee5b20b91a7a26bb8b59ae4b052b5");
INSERT INTO user(name, salt, hash) values("TimmothyCarter31","1jo5OFAVDpC6xaEgt8sSuHcOSzo1SnkEVF5jHwD39SJegUlvz8nBLNeJBK6StVPCKzNNxUpOToQojUW304fW5gjniSqWejeBxo6Xtlgb0qIWW4vYoRYIIPRph8YwiW1mSxZ6sahYlfruDA52wtwPw82I9EVnEul7jRMbbFGFD2NDNW3AinEFt5sqMa84tKK0V9JJyRe4FY7yFTOVjSMV41WF2srbI3k0QVGoEaQ7r0tijCBnXil4QVwQ0ya1FW3g","e48856bbdbbb68291a2059fd540961ca213ee5b20b91a7a26bb8b59ae4b052b5");
INSERT INTO user(name, salt, hash) values("IanCohen32","1jo5OFAVDpC6xaEgt8sSuHcOSzo1SnkEVF5jHwD39SJegUlvz8nBLNeJBK6StVPCKzNNxUpOToQojUW304fW5gjniSqWejeBxo6Xtlgb0qIWW4vYoRYIIPRph8YwiW1mSxZ6sahYlfruDA52wtwPw82I9EVnEul7jRMbbFGFD2NDNW3AinEFt5sqMa84tKK0V9JJyRe4FY7yFTOVjSMV41WF2srbI3k0QVGoEaQ7r0tijCBnXil4QVwQ0ya1FW3g","e48856bbdbbb68291a2059fd540961ca213ee5b20b91a7a26bb8b59ae4b052b5");
INSERT INTO user(name, salt, hash) values("AllisonRenninger33","1jo5OFAVDpC6xaEgt8sSuHcOSzo1SnkEVF5jHwD39SJegUlvz8nBLNeJBK6StVPCKzNNxUpOToQojUW304fW5gjniSqWejeBxo6Xtlgb0qIWW4vYoRYIIPRph8YwiW1mSxZ6sahYlfruDA52wtwPw82I9EVnEul7jRMbbFGFD2NDNW3AinEFt5sqMa84tKK0V9JJyRe4FY7yFTOVjSMV41WF2srbI3k0QVGoEaQ7r0tijCBnXil4QVwQ0ya1FW3g","e48856bbdbbb68291a2059fd540961ca213ee5b20b91a7a26bb8b59ae4b052b5");
INSERT INTO user(name, salt, hash) values("BobCarter34","1jo5OFAVDpC6xaEgt8sSuHcOSzo1SnkEVF5jHwD39SJegUlvz8nBLNeJBK6StVPCKzNNxUpOToQojUW304fW5gjniSqWejeBxo6Xtlgb0qIWW4vYoRYIIPRph8YwiW1mSxZ6sahYlfruDA52wtwPw82I9EVnEul7jRMbbFGFD2NDNW3AinEFt5sqMa84tKK0V9JJyRe4FY7yFTOVjSMV41WF2srbI3k0QVGoEaQ7r0tijCBnXil4QVwQ0ya1FW3g","e48856bbdbbb68291a2059fd540961ca213ee5b20b91a7a26bb8b59ae4b052b5");
INSERT INTO user(name, salt, hash) values("GraceMitchell35","1jo5OFAVDpC6xaEgt8sSuHcOSzo1SnkEVF5jHwD39SJegUlvz8nBLNeJBK6StVPCKzNNxUpOToQojUW304fW5gjniSqWejeBxo6Xtlgb0qIWW4vYoRYIIPRph8YwiW1mSxZ6sahYlfruDA52wtwPw82I9EVnEul7jRMbbFGFD2NDNW3AinEFt5sqMa84tKK0V9JJyRe4FY7yFTOVjSMV41WF2srbI3k0QVGoEaQ7r0tijCBnXil4QVwQ0ya1FW3g","e48856bbdbbb68291a2059fd540961ca213ee5b20b91a7a26bb8b59ae4b052b5");
INSERT INTO user(name, salt, hash) values("MarkHansen36","1jo5OFAVDpC6xaEgt8sSuHcOSzo1SnkEVF5jHwD39SJegUlvz8nBLNeJBK6StVPCKzNNxUpOToQojUW304fW5gjniSqWejeBxo6Xtlgb0qIWW4vYoRYIIPRph8YwiW1mSxZ6sahYlfruDA52wtwPw82I9EVnEul7jRMbbFGFD2NDNW3AinEFt5sqMa84tKK0V9JJyRe4FY7yFTOVjSMV41WF2srbI3k0QVGoEaQ7r0tijCBnXil4QVwQ0ya1FW3g","e48856bbdbbb68291a2059fd540961ca213ee5b20b91a7a26bb8b59ae4b052b5");
INSERT INTO user(name, salt, hash) values("JackBanbury37","1jo5OFAVDpC6xaEgt8sSuHcOSzo1SnkEVF5jHwD39SJegUlvz8nBLNeJBK6StVPCKzNNxUpOToQojUW304fW5gjniSqWejeBxo6Xtlgb0qIWW4vYoRYIIPRph8YwiW1mSxZ6sahYlfruDA52wtwPw82I9EVnEul7jRMbbFGFD2NDNW3AinEFt5sqMa84tKK0V9JJyRe4FY7yFTOVjSMV41WF2srbI3k0QVGoEaQ7r0tijCBnXil4QVwQ0ya1FW3g","e48856bbdbbb68291a2059fd540961ca213ee5b20b91a7a26bb8b59ae4b052b5");
INSERT INTO user(name, salt, hash) values("TimmothyStenbit38","1jo5OFAVDpC6xaEgt8sSuHcOSzo1SnkEVF5jHwD39SJegUlvz8nBLNeJBK6StVPCKzNNxUpOToQojUW304fW5gjniSqWejeBxo6Xtlgb0qIWW4vYoRYIIPRph8YwiW1mSxZ6sahYlfruDA52wtwPw82I9EVnEul7jRMbbFGFD2NDNW3AinEFt5sqMa84tKK0V9JJyRe4FY7yFTOVjSMV41WF2srbI3k0QVGoEaQ7r0tijCBnXil4QVwQ0ya1FW3g","e48856bbdbbb68291a2059fd540961ca213ee5b20b91a7a26bb8b59ae4b052b5");
INSERT INTO user(name, salt, hash) values("JenniferHansen39","1jo5OFAVDpC6xaEgt8sSuHcOSzo1SnkEVF5jHwD39SJegUlvz8nBLNeJBK6StVPCKzNNxUpOToQojUW304fW5gjniSqWejeBxo6Xtlgb0qIWW4vYoRYIIPRph8YwiW1mSxZ6sahYlfruDA52wtwPw82I9EVnEul7jRMbbFGFD2NDNW3AinEFt5sqMa84tKK0V9JJyRe4FY7yFTOVjSMV41WF2srbI3k0QVGoEaQ7r0tijCBnXil4QVwQ0ya1FW3g","e48856bbdbbb68291a2059fd540961ca213ee5b20b91a7a26bb8b59ae4b052b5");
INSERT INTO user(name, salt, hash) values("IanGabrielson40","1jo5OFAVDpC6xaEgt8sSuHcOSzo1SnkEVF5jHwD39SJegUlvz8nBLNeJBK6StVPCKzNNxUpOToQojUW304fW5gjniSqWejeBxo6Xtlgb0qIWW4vYoRYIIPRph8YwiW1mSxZ6sahYlfruDA52wtwPw82I9EVnEul7jRMbbFGFD2NDNW3AinEFt5sqMa84tKK0V9JJyRe4FY7yFTOVjSMV41WF2srbI3k0QVGoEaQ7r0tijCBnXil4QVwQ0ya1FW3g","e48856bbdbbb68291a2059fd540961ca213ee5b20b91a7a26bb8b59ae4b052b5");
INSERT INTO user(name, salt, hash) values("KatyJohnson41","1jo5OFAVDpC6xaEgt8sSuHcOSzo1SnkEVF5jHwD39SJegUlvz8nBLNeJBK6StVPCKzNNxUpOToQojUW304fW5gjniSqWejeBxo6Xtlgb0qIWW4vYoRYIIPRph8YwiW1mSxZ6sahYlfruDA52wtwPw82I9EVnEul7jRMbbFGFD2NDNW3AinEFt5sqMa84tKK0V9JJyRe4FY7yFTOVjSMV41WF2srbI3k0QVGoEaQ7r0tijCBnXil4QVwQ0ya1FW3g","e48856bbdbbb68291a2059fd540961ca213ee5b20b91a7a26bb8b59ae4b052b5");
INSERT INTO user(name, salt, hash) values("MarkFontenot42","1jo5OFAVDpC6xaEgt8sSuHcOSzo1SnkEVF5jHwD39SJegUlvz8nBLNeJBK6StVPCKzNNxUpOToQojUW304fW5gjniSqWejeBxo6Xtlgb0qIWW4vYoRYIIPRph8YwiW1mSxZ6sahYlfruDA52wtwPw82I9EVnEul7jRMbbFGFD2NDNW3AinEFt5sqMa84tKK0V9JJyRe4FY7yFTOVjSMV41WF2srbI3k0QVGoEaQ7r0tijCBnXil4QVwQ0ya1FW3g","e48856bbdbbb68291a2059fd540961ca213ee5b20b91a7a26bb8b59ae4b052b5");
INSERT INTO user(name, salt, hash) values("TimmothyGoldman43","1jo5OFAVDpC6xaEgt8sSuHcOSzo1SnkEVF5jHwD39SJegUlvz8nBLNeJBK6StVPCKzNNxUpOToQojUW304fW5gjniSqWejeBxo6Xtlgb0qIWW4vYoRYIIPRph8YwiW1mSxZ6sahYlfruDA52wtwPw82I9EVnEul7jRMbbFGFD2NDNW3AinEFt5sqMa84tKK0V9JJyRe4FY7yFTOVjSMV41WF2srbI3k0QVGoEaQ7r0tijCBnXil4QVwQ0ya1FW3g","e48856bbdbbb68291a2059fd540961ca213ee5b20b91a7a26bb8b59ae4b052b5");
INSERT INTO user(name, salt, hash) values("TimmothyCarter44","1jo5OFAVDpC6xaEgt8sSuHcOSzo1SnkEVF5jHwD39SJegUlvz8nBLNeJBK6StVPCKzNNxUpOToQojUW304fW5gjniSqWejeBxo6Xtlgb0qIWW4vYoRYIIPRph8YwiW1mSxZ6sahYlfruDA52wtwPw82I9EVnEul7jRMbbFGFD2NDNW3AinEFt5sqMa84tKK0V9JJyRe4FY7yFTOVjSMV41WF2srbI3k0QVGoEaQ7r0tijCBnXil4QVwQ0ya1FW3g","e48856bbdbbb68291a2059fd540961ca213ee5b20b91a7a26bb8b59ae4b052b5");
INSERT INTO user(name, salt, hash) values("TomBanbury45","1jo5OFAVDpC6xaEgt8sSuHcOSzo1SnkEVF5jHwD39SJegUlvz8nBLNeJBK6StVPCKzNNxUpOToQojUW304fW5gjniSqWejeBxo6Xtlgb0qIWW4vYoRYIIPRph8YwiW1mSxZ6sahYlfruDA52wtwPw82I9EVnEul7jRMbbFGFD2NDNW3AinEFt5sqMa84tKK0V9JJyRe4FY7yFTOVjSMV41WF2srbI3k0QVGoEaQ7r0tijCBnXil4QVwQ0ya1FW3g","e48856bbdbbb68291a2059fd540961ca213ee5b20b91a7a26bb8b59ae4b052b5");
INSERT INTO user(name, salt, hash) values("MattFontenot46","1jo5OFAVDpC6xaEgt8sSuHcOSzo1SnkEVF5jHwD39SJegUlvz8nBLNeJBK6StVPCKzNNxUpOToQojUW304fW5gjniSqWejeBxo6Xtlgb0qIWW4vYoRYIIPRph8YwiW1mSxZ6sahYlfruDA52wtwPw82I9EVnEul7jRMbbFGFD2NDNW3AinEFt5sqMa84tKK0V9JJyRe4FY7yFTOVjSMV41WF2srbI3k0QVGoEaQ7r0tijCBnXil4QVwQ0ya1FW3g","e48856bbdbbb68291a2059fd540961ca213ee5b20b91a7a26bb8b59ae4b052b5");
INSERT INTO user(name, salt, hash) values("GraceJohnson47","1jo5OFAVDpC6xaEgt8sSuHcOSzo1SnkEVF5jHwD39SJegUlvz8nBLNeJBK6StVPCKzNNxUpOToQojUW304fW5gjniSqWejeBxo6Xtlgb0qIWW4vYoRYIIPRph8YwiW1mSxZ6sahYlfruDA52wtwPw82I9EVnEul7jRMbbFGFD2NDNW3AinEFt5sqMa84tKK0V9JJyRe4FY7yFTOVjSMV41WF2srbI3k0QVGoEaQ7r0tijCBnXil4QVwQ0ya1FW3g","e48856bbdbbb68291a2059fd540961ca213ee5b20b91a7a26bb8b59ae4b052b5");
INSERT INTO user(name, salt, hash) values("TomHansen48","1jo5OFAVDpC6xaEgt8sSuHcOSzo1SnkEVF5jHwD39SJegUlvz8nBLNeJBK6StVPCKzNNxUpOToQojUW304fW5gjniSqWejeBxo6Xtlgb0qIWW4vYoRYIIPRph8YwiW1mSxZ6sahYlfruDA52wtwPw82I9EVnEul7jRMbbFGFD2NDNW3AinEFt5sqMa84tKK0V9JJyRe4FY7yFTOVjSMV41WF2srbI3k0QVGoEaQ7r0tijCBnXil4QVwQ0ya1FW3g","e48856bbdbbb68291a2059fd540961ca213ee5b20b91a7a26bb8b59ae4b052b5");
INSERT INTO user(name, salt, hash) values("MattBanbury49","1jo5OFAVDpC6xaEgt8sSuHcOSzo1SnkEVF5jHwD39SJegUlvz8nBLNeJBK6StVPCKzNNxUpOToQojUW304fW5gjniSqWejeBxo6Xtlgb0qIWW4vYoRYIIPRph8YwiW1mSxZ6sahYlfruDA52wtwPw82I9EVnEul7jRMbbFGFD2NDNW3AinEFt5sqMa84tKK0V9JJyRe4FY7yFTOVjSMV41WF2srbI3k0QVGoEaQ7r0tijCBnXil4QVwQ0ya1FW3g","e48856bbdbbb68291a2059fd540961ca213ee5b20b91a7a26bb8b59ae4b052b5");
INSERT INTO user(name, salt, hash) values("TomBanbury50","1jo5OFAVDpC6xaEgt8sSuHcOSzo1SnkEVF5jHwD39SJegUlvz8nBLNeJBK6StVPCKzNNxUpOToQojUW304fW5gjniSqWejeBxo6Xtlgb0qIWW4vYoRYIIPRph8YwiW1mSxZ6sahYlfruDA52wtwPw82I9EVnEul7jRMbbFGFD2NDNW3AinEFt5sqMa84tKK0V9JJyRe4FY7yFTOVjSMV41WF2srbI3k0QVGoEaQ7r0tijCBnXil4QVwQ0ya1FW3g","e48856bbdbbb68291a2059fd540961ca213ee5b20b91a7a26bb8b59ae4b052b5");
INSERT INTO user(name, salt, hash) values("JohnFontenot51","1jo5OFAVDpC6xaEgt8sSuHcOSzo1SnkEVF5jHwD39SJegUlvz8nBLNeJBK6StVPCKzNNxUpOToQojUW304fW5gjniSqWejeBxo6Xtlgb0qIWW4vYoRYIIPRph8YwiW1mSxZ6sahYlfruDA52wtwPw82I9EVnEul7jRMbbFGFD2NDNW3AinEFt5sqMa84tKK0V9JJyRe4FY7yFTOVjSMV41WF2srbI3k0QVGoEaQ7r0tijCBnXil4QVwQ0ya1FW3g","e48856bbdbbb68291a2059fd540961ca213ee5b20b91a7a26bb8b59ae4b052b5");
INSERT INTO user(name, salt, hash) values("AllisonRenninger52","1jo5OFAVDpC6xaEgt8sSuHcOSzo1SnkEVF5jHwD39SJegUlvz8nBLNeJBK6StVPCKzNNxUpOToQojUW304fW5gjniSqWejeBxo6Xtlgb0qIWW4vYoRYIIPRph8YwiW1mSxZ6sahYlfruDA52wtwPw82I9EVnEul7jRMbbFGFD2NDNW3AinEFt5sqMa84tKK0V9JJyRe4FY7yFTOVjSMV41WF2srbI3k0QVGoEaQ7r0tijCBnXil4QVwQ0ya1FW3g","e48856bbdbbb68291a2059fd540961ca213ee5b20b91a7a26bb8b59ae4b052b5");
INSERT INTO user(name, salt, hash) values("JackMitchell53","1jo5OFAVDpC6xaEgt8sSuHcOSzo1SnkEVF5jHwD39SJegUlvz8nBLNeJBK6StVPCKzNNxUpOToQojUW304fW5gjniSqWejeBxo6Xtlgb0qIWW4vYoRYIIPRph8YwiW1mSxZ6sahYlfruDA52wtwPw82I9EVnEul7jRMbbFGFD2NDNW3AinEFt5sqMa84tKK0V9JJyRe4FY7yFTOVjSMV41WF2srbI3k0QVGoEaQ7r0tijCBnXil4QVwQ0ya1FW3g","e48856bbdbbb68291a2059fd540961ca213ee5b20b91a7a26bb8b59ae4b052b5");
INSERT INTO user(name, salt, hash) values("JenniferGabrielson54","1jo5OFAVDpC6xaEgt8sSuHcOSzo1SnkEVF5jHwD39SJegUlvz8nBLNeJBK6StVPCKzNNxUpOToQojUW304fW5gjniSqWejeBxo6Xtlgb0qIWW4vYoRYIIPRph8YwiW1mSxZ6sahYlfruDA52wtwPw82I9EVnEul7jRMbbFGFD2NDNW3AinEFt5sqMa84tKK0V9JJyRe4FY7yFTOVjSMV41WF2srbI3k0QVGoEaQ7r0tijCBnXil4QVwQ0ya1FW3g","e48856bbdbbb68291a2059fd540961ca213ee5b20b91a7a26bb8b59ae4b052b5");
INSERT INTO user(name, salt, hash) values("JackSmith55","1jo5OFAVDpC6xaEgt8sSuHcOSzo1SnkEVF5jHwD39SJegUlvz8nBLNeJBK6StVPCKzNNxUpOToQojUW304fW5gjniSqWejeBxo6Xtlgb0qIWW4vYoRYIIPRph8YwiW1mSxZ6sahYlfruDA52wtwPw82I9EVnEul7jRMbbFGFD2NDNW3AinEFt5sqMa84tKK0V9JJyRe4FY7yFTOVjSMV41WF2srbI3k0QVGoEaQ7r0tijCBnXil4QVwQ0ya1FW3g","e48856bbdbbb68291a2059fd540961ca213ee5b20b91a7a26bb8b59ae4b052b5");
INSERT INTO user(name, salt, hash) values("JackGoldman56","1jo5OFAVDpC6xaEgt8sSuHcOSzo1SnkEVF5jHwD39SJegUlvz8nBLNeJBK6StVPCKzNNxUpOToQojUW304fW5gjniSqWejeBxo6Xtlgb0qIWW4vYoRYIIPRph8YwiW1mSxZ6sahYlfruDA52wtwPw82I9EVnEul7jRMbbFGFD2NDNW3AinEFt5sqMa84tKK0V9JJyRe4FY7yFTOVjSMV41WF2srbI3k0QVGoEaQ7r0tijCBnXil4QVwQ0ya1FW3g","e48856bbdbbb68291a2059fd540961ca213ee5b20b91a7a26bb8b59ae4b052b5");
INSERT INTO user(name, salt, hash) values("BobSmith57","1jo5OFAVDpC6xaEgt8sSuHcOSzo1SnkEVF5jHwD39SJegUlvz8nBLNeJBK6StVPCKzNNxUpOToQojUW304fW5gjniSqWejeBxo6Xtlgb0qIWW4vYoRYIIPRph8YwiW1mSxZ6sahYlfruDA52wtwPw82I9EVnEul7jRMbbFGFD2NDNW3AinEFt5sqMa84tKK0V9JJyRe4FY7yFTOVjSMV41WF2srbI3k0QVGoEaQ7r0tijCBnXil4QVwQ0ya1FW3g","e48856bbdbbb68291a2059fd540961ca213ee5b20b91a7a26bb8b59ae4b052b5");
INSERT INTO user(name, salt, hash) values("BenReiss58","1jo5OFAVDpC6xaEgt8sSuHcOSzo1SnkEVF5jHwD39SJegUlvz8nBLNeJBK6StVPCKzNNxUpOToQojUW304fW5gjniSqWejeBxo6Xtlgb0qIWW4vYoRYIIPRph8YwiW1mSxZ6sahYlfruDA52wtwPw82I9EVnEul7jRMbbFGFD2NDNW3AinEFt5sqMa84tKK0V9JJyRe4FY7yFTOVjSMV41WF2srbI3k0QVGoEaQ7r0tijCBnXil4QVwQ0ya1FW3g","e48856bbdbbb68291a2059fd540961ca213ee5b20b91a7a26bb8b59ae4b052b5");
INSERT INTO user(name, salt, hash) values("GraceBanbury59","1jo5OFAVDpC6xaEgt8sSuHcOSzo1SnkEVF5jHwD39SJegUlvz8nBLNeJBK6StVPCKzNNxUpOToQojUW304fW5gjniSqWejeBxo6Xtlgb0qIWW4vYoRYIIPRph8YwiW1mSxZ6sahYlfruDA52wtwPw82I9EVnEul7jRMbbFGFD2NDNW3AinEFt5sqMa84tKK0V9JJyRe4FY7yFTOVjSMV41WF2srbI3k0QVGoEaQ7r0tijCBnXil4QVwQ0ya1FW3g","e48856bbdbbb68291a2059fd540961ca213ee5b20b91a7a26bb8b59ae4b052b5");
INSERT INTO user(name, salt, hash) values("AllisonCohen60","1jo5OFAVDpC6xaEgt8sSuHcOSzo1SnkEVF5jHwD39SJegUlvz8nBLNeJBK6StVPCKzNNxUpOToQojUW304fW5gjniSqWejeBxo6Xtlgb0qIWW4vYoRYIIPRph8YwiW1mSxZ6sahYlfruDA52wtwPw82I9EVnEul7jRMbbFGFD2NDNW3AinEFt5sqMa84tKK0V9JJyRe4FY7yFTOVjSMV41WF2srbI3k0QVGoEaQ7r0tijCBnXil4QVwQ0ya1FW3g","e48856bbdbbb68291a2059fd540961ca213ee5b20b91a7a26bb8b59ae4b052b5");
INSERT INTO user(name, salt, hash) values("MaryHansen61","1jo5OFAVDpC6xaEgt8sSuHcOSzo1SnkEVF5jHwD39SJegUlvz8nBLNeJBK6StVPCKzNNxUpOToQojUW304fW5gjniSqWejeBxo6Xtlgb0qIWW4vYoRYIIPRph8YwiW1mSxZ6sahYlfruDA52wtwPw82I9EVnEul7jRMbbFGFD2NDNW3AinEFt5sqMa84tKK0V9JJyRe4FY7yFTOVjSMV41WF2srbI3k0QVGoEaQ7r0tijCBnXil4QVwQ0ya1FW3g","e48856bbdbbb68291a2059fd540961ca213ee5b20b91a7a26bb8b59ae4b052b5");
INSERT INTO user(name, salt, hash) values("JackGoldman62","1jo5OFAVDpC6xaEgt8sSuHcOSzo1SnkEVF5jHwD39SJegUlvz8nBLNeJBK6StVPCKzNNxUpOToQojUW304fW5gjniSqWejeBxo6Xtlgb0qIWW4vYoRYIIPRph8YwiW1mSxZ6sahYlfruDA52wtwPw82I9EVnEul7jRMbbFGFD2NDNW3AinEFt5sqMa84tKK0V9JJyRe4FY7yFTOVjSMV41WF2srbI3k0QVGoEaQ7r0tijCBnXil4QVwQ0ya1FW3g","e48856bbdbbb68291a2059fd540961ca213ee5b20b91a7a26bb8b59ae4b052b5");
INSERT INTO user(name, salt, hash) values("BobHansen63","1jo5OFAVDpC6xaEgt8sSuHcOSzo1SnkEVF5jHwD39SJegUlvz8nBLNeJBK6StVPCKzNNxUpOToQojUW304fW5gjniSqWejeBxo6Xtlgb0qIWW4vYoRYIIPRph8YwiW1mSxZ6sahYlfruDA52wtwPw82I9EVnEul7jRMbbFGFD2NDNW3AinEFt5sqMa84tKK0V9JJyRe4FY7yFTOVjSMV41WF2srbI3k0QVGoEaQ7r0tijCBnXil4QVwQ0ya1FW3g","e48856bbdbbb68291a2059fd540961ca213ee5b20b91a7a26bb8b59ae4b052b5");
INSERT INTO user(name, salt, hash) values("TomKhan64","1jo5OFAVDpC6xaEgt8sSuHcOSzo1SnkEVF5jHwD39SJegUlvz8nBLNeJBK6StVPCKzNNxUpOToQojUW304fW5gjniSqWejeBxo6Xtlgb0qIWW4vYoRYIIPRph8YwiW1mSxZ6sahYlfruDA52wtwPw82I9EVnEul7jRMbbFGFD2NDNW3AinEFt5sqMa84tKK0V9JJyRe4FY7yFTOVjSMV41WF2srbI3k0QVGoEaQ7r0tijCBnXil4QVwQ0ya1FW3g","e48856bbdbbb68291a2059fd540961ca213ee5b20b91a7a26bb8b59ae4b052b5");
INSERT INTO user(name, salt, hash) values("BobGoldman65","1jo5OFAVDpC6xaEgt8sSuHcOSzo1SnkEVF5jHwD39SJegUlvz8nBLNeJBK6StVPCKzNNxUpOToQojUW304fW5gjniSqWejeBxo6Xtlgb0qIWW4vYoRYIIPRph8YwiW1mSxZ6sahYlfruDA52wtwPw82I9EVnEul7jRMbbFGFD2NDNW3AinEFt5sqMa84tKK0V9JJyRe4FY7yFTOVjSMV41WF2srbI3k0QVGoEaQ7r0tijCBnXil4QVwQ0ya1FW3g","e48856bbdbbb68291a2059fd540961ca213ee5b20b91a7a26bb8b59ae4b052b5");
INSERT INTO user(name, salt, hash) values("TimmothyRenninger66","1jo5OFAVDpC6xaEgt8sSuHcOSzo1SnkEVF5jHwD39SJegUlvz8nBLNeJBK6StVPCKzNNxUpOToQojUW304fW5gjniSqWejeBxo6Xtlgb0qIWW4vYoRYIIPRph8YwiW1mSxZ6sahYlfruDA52wtwPw82I9EVnEul7jRMbbFGFD2NDNW3AinEFt5sqMa84tKK0V9JJyRe4FY7yFTOVjSMV41WF2srbI3k0QVGoEaQ7r0tijCBnXil4QVwQ0ya1FW3g","e48856bbdbbb68291a2059fd540961ca213ee5b20b91a7a26bb8b59ae4b052b5");
INSERT INTO user(name, salt, hash) values("IanFontenot67","1jo5OFAVDpC6xaEgt8sSuHcOSzo1SnkEVF5jHwD39SJegUlvz8nBLNeJBK6StVPCKzNNxUpOToQojUW304fW5gjniSqWejeBxo6Xtlgb0qIWW4vYoRYIIPRph8YwiW1mSxZ6sahYlfruDA52wtwPw82I9EVnEul7jRMbbFGFD2NDNW3AinEFt5sqMa84tKK0V9JJyRe4FY7yFTOVjSMV41WF2srbI3k0QVGoEaQ7r0tijCBnXil4QVwQ0ya1FW3g","e48856bbdbbb68291a2059fd540961ca213ee5b20b91a7a26bb8b59ae4b052b5");
INSERT INTO user(name, salt, hash) values("GraceGoldman68","1jo5OFAVDpC6xaEgt8sSuHcOSzo1SnkEVF5jHwD39SJegUlvz8nBLNeJBK6StVPCKzNNxUpOToQojUW304fW5gjniSqWejeBxo6Xtlgb0qIWW4vYoRYIIPRph8YwiW1mSxZ6sahYlfruDA52wtwPw82I9EVnEul7jRMbbFGFD2NDNW3AinEFt5sqMa84tKK0V9JJyRe4FY7yFTOVjSMV41WF2srbI3k0QVGoEaQ7r0tijCBnXil4QVwQ0ya1FW3g","e48856bbdbbb68291a2059fd540961ca213ee5b20b91a7a26bb8b59ae4b052b5");
INSERT INTO user(name, salt, hash) values("TomFontenot69","1jo5OFAVDpC6xaEgt8sSuHcOSzo1SnkEVF5jHwD39SJegUlvz8nBLNeJBK6StVPCKzNNxUpOToQojUW304fW5gjniSqWejeBxo6Xtlgb0qIWW4vYoRYIIPRph8YwiW1mSxZ6sahYlfruDA52wtwPw82I9EVnEul7jRMbbFGFD2NDNW3AinEFt5sqMa84tKK0V9JJyRe4FY7yFTOVjSMV41WF2srbI3k0QVGoEaQ7r0tijCBnXil4QVwQ0ya1FW3g","e48856bbdbbb68291a2059fd540961ca213ee5b20b91a7a26bb8b59ae4b052b5");
INSERT INTO user(name, salt, hash) values("JonathanMitchell70","1jo5OFAVDpC6xaEgt8sSuHcOSzo1SnkEVF5jHwD39SJegUlvz8nBLNeJBK6StVPCKzNNxUpOToQojUW304fW5gjniSqWejeBxo6Xtlgb0qIWW4vYoRYIIPRph8YwiW1mSxZ6sahYlfruDA52wtwPw82I9EVnEul7jRMbbFGFD2NDNW3AinEFt5sqMa84tKK0V9JJyRe4FY7yFTOVjSMV41WF2srbI3k0QVGoEaQ7r0tijCBnXil4QVwQ0ya1FW3g","e48856bbdbbb68291a2059fd540961ca213ee5b20b91a7a26bb8b59ae4b052b5");
INSERT INTO user(name, salt, hash) values("BobMitchell71","1jo5OFAVDpC6xaEgt8sSuHcOSzo1SnkEVF5jHwD39SJegUlvz8nBLNeJBK6StVPCKzNNxUpOToQojUW304fW5gjniSqWejeBxo6Xtlgb0qIWW4vYoRYIIPRph8YwiW1mSxZ6sahYlfruDA52wtwPw82I9EVnEul7jRMbbFGFD2NDNW3AinEFt5sqMa84tKK0V9JJyRe4FY7yFTOVjSMV41WF2srbI3k0QVGoEaQ7r0tijCBnXil4QVwQ0ya1FW3g","e48856bbdbbb68291a2059fd540961ca213ee5b20b91a7a26bb8b59ae4b052b5");
INSERT INTO user(name, salt, hash) values("MattSmith72","1jo5OFAVDpC6xaEgt8sSuHcOSzo1SnkEVF5jHwD39SJegUlvz8nBLNeJBK6StVPCKzNNxUpOToQojUW304fW5gjniSqWejeBxo6Xtlgb0qIWW4vYoRYIIPRph8YwiW1mSxZ6sahYlfruDA52wtwPw82I9EVnEul7jRMbbFGFD2NDNW3AinEFt5sqMa84tKK0V9JJyRe4FY7yFTOVjSMV41WF2srbI3k0QVGoEaQ7r0tijCBnXil4QVwQ0ya1FW3g","e48856bbdbbb68291a2059fd540961ca213ee5b20b91a7a26bb8b59ae4b052b5");
INSERT INTO user(name, salt, hash) values("TomStenbit73","1jo5OFAVDpC6xaEgt8sSuHcOSzo1SnkEVF5jHwD39SJegUlvz8nBLNeJBK6StVPCKzNNxUpOToQojUW304fW5gjniSqWejeBxo6Xtlgb0qIWW4vYoRYIIPRph8YwiW1mSxZ6sahYlfruDA52wtwPw82I9EVnEul7jRMbbFGFD2NDNW3AinEFt5sqMa84tKK0V9JJyRe4FY7yFTOVjSMV41WF2srbI3k0QVGoEaQ7r0tijCBnXil4QVwQ0ya1FW3g","e48856bbdbbb68291a2059fd540961ca213ee5b20b91a7a26bb8b59ae4b052b5");
INSERT INTO user(name, salt, hash) values("BobRenninger74","1jo5OFAVDpC6xaEgt8sSuHcOSzo1SnkEVF5jHwD39SJegUlvz8nBLNeJBK6StVPCKzNNxUpOToQojUW304fW5gjniSqWejeBxo6Xtlgb0qIWW4vYoRYIIPRph8YwiW1mSxZ6sahYlfruDA52wtwPw82I9EVnEul7jRMbbFGFD2NDNW3AinEFt5sqMa84tKK0V9JJyRe4FY7yFTOVjSMV41WF2srbI3k0QVGoEaQ7r0tijCBnXil4QVwQ0ya1FW3g","e48856bbdbbb68291a2059fd540961ca213ee5b20b91a7a26bb8b59ae4b052b5");
INSERT INTO user(name, salt, hash) values("BenRenninger75","1jo5OFAVDpC6xaEgt8sSuHcOSzo1SnkEVF5jHwD39SJegUlvz8nBLNeJBK6StVPCKzNNxUpOToQojUW304fW5gjniSqWejeBxo6Xtlgb0qIWW4vYoRYIIPRph8YwiW1mSxZ6sahYlfruDA52wtwPw82I9EVnEul7jRMbbFGFD2NDNW3AinEFt5sqMa84tKK0V9JJyRe4FY7yFTOVjSMV41WF2srbI3k0QVGoEaQ7r0tijCBnXil4QVwQ0ya1FW3g","e48856bbdbbb68291a2059fd540961ca213ee5b20b91a7a26bb8b59ae4b052b5");
INSERT INTO user(name, salt, hash) values("KatyHansen76","1jo5OFAVDpC6xaEgt8sSuHcOSzo1SnkEVF5jHwD39SJegUlvz8nBLNeJBK6StVPCKzNNxUpOToQojUW304fW5gjniSqWejeBxo6Xtlgb0qIWW4vYoRYIIPRph8YwiW1mSxZ6sahYlfruDA52wtwPw82I9EVnEul7jRMbbFGFD2NDNW3AinEFt5sqMa84tKK0V9JJyRe4FY7yFTOVjSMV41WF2srbI3k0QVGoEaQ7r0tijCBnXil4QVwQ0ya1FW3g","e48856bbdbbb68291a2059fd540961ca213ee5b20b91a7a26bb8b59ae4b052b5");
INSERT INTO user(name, salt, hash) values("TomMitchell77","1jo5OFAVDpC6xaEgt8sSuHcOSzo1SnkEVF5jHwD39SJegUlvz8nBLNeJBK6StVPCKzNNxUpOToQojUW304fW5gjniSqWejeBxo6Xtlgb0qIWW4vYoRYIIPRph8YwiW1mSxZ6sahYlfruDA52wtwPw82I9EVnEul7jRMbbFGFD2NDNW3AinEFt5sqMa84tKK0V9JJyRe4FY7yFTOVjSMV41WF2srbI3k0QVGoEaQ7r0tijCBnXil4QVwQ0ya1FW3g","e48856bbdbbb68291a2059fd540961ca213ee5b20b91a7a26bb8b59ae4b052b5");
INSERT INTO user(name, salt, hash) values("AllisonCohen78","1jo5OFAVDpC6xaEgt8sSuHcOSzo1SnkEVF5jHwD39SJegUlvz8nBLNeJBK6StVPCKzNNxUpOToQojUW304fW5gjniSqWejeBxo6Xtlgb0qIWW4vYoRYIIPRph8YwiW1mSxZ6sahYlfruDA52wtwPw82I9EVnEul7jRMbbFGFD2NDNW3AinEFt5sqMa84tKK0V9JJyRe4FY7yFTOVjSMV41WF2srbI3k0QVGoEaQ7r0tijCBnXil4QVwQ0ya1FW3g","e48856bbdbbb68291a2059fd540961ca213ee5b20b91a7a26bb8b59ae4b052b5");
INSERT INTO user(name, salt, hash) values("TimmothyBanbury79","1jo5OFAVDpC6xaEgt8sSuHcOSzo1SnkEVF5jHwD39SJegUlvz8nBLNeJBK6StVPCKzNNxUpOToQojUW304fW5gjniSqWejeBxo6Xtlgb0qIWW4vYoRYIIPRph8YwiW1mSxZ6sahYlfruDA52wtwPw82I9EVnEul7jRMbbFGFD2NDNW3AinEFt5sqMa84tKK0V9JJyRe4FY7yFTOVjSMV41WF2srbI3k0QVGoEaQ7r0tijCBnXil4QVwQ0ya1FW3g","e48856bbdbbb68291a2059fd540961ca213ee5b20b91a7a26bb8b59ae4b052b5");
INSERT INTO user(name, salt, hash) values("MarkStenbit80","1jo5OFAVDpC6xaEgt8sSuHcOSzo1SnkEVF5jHwD39SJegUlvz8nBLNeJBK6StVPCKzNNxUpOToQojUW304fW5gjniSqWejeBxo6Xtlgb0qIWW4vYoRYIIPRph8YwiW1mSxZ6sahYlfruDA52wtwPw82I9EVnEul7jRMbbFGFD2NDNW3AinEFt5sqMa84tKK0V9JJyRe4FY7yFTOVjSMV41WF2srbI3k0QVGoEaQ7r0tijCBnXil4QVwQ0ya1FW3g","e48856bbdbbb68291a2059fd540961ca213ee5b20b91a7a26bb8b59ae4b052b5");
INSERT INTO user(name, salt, hash) values("BenCarter81","1jo5OFAVDpC6xaEgt8sSuHcOSzo1SnkEVF5jHwD39SJegUlvz8nBLNeJBK6StVPCKzNNxUpOToQojUW304fW5gjniSqWejeBxo6Xtlgb0qIWW4vYoRYIIPRph8YwiW1mSxZ6sahYlfruDA52wtwPw82I9EVnEul7jRMbbFGFD2NDNW3AinEFt5sqMa84tKK0V9JJyRe4FY7yFTOVjSMV41WF2srbI3k0QVGoEaQ7r0tijCBnXil4QVwQ0ya1FW3g","e48856bbdbbb68291a2059fd540961ca213ee5b20b91a7a26bb8b59ae4b052b5");
INSERT INTO user(name, salt, hash) values("MarkSmith82","1jo5OFAVDpC6xaEgt8sSuHcOSzo1SnkEVF5jHwD39SJegUlvz8nBLNeJBK6StVPCKzNNxUpOToQojUW304fW5gjniSqWejeBxo6Xtlgb0qIWW4vYoRYIIPRph8YwiW1mSxZ6sahYlfruDA52wtwPw82I9EVnEul7jRMbbFGFD2NDNW3AinEFt5sqMa84tKK0V9JJyRe4FY7yFTOVjSMV41WF2srbI3k0QVGoEaQ7r0tijCBnXil4QVwQ0ya1FW3g","e48856bbdbbb68291a2059fd540961ca213ee5b20b91a7a26bb8b59ae4b052b5");
INSERT INTO user(name, salt, hash) values("JenniferFontenot83","1jo5OFAVDpC6xaEgt8sSuHcOSzo1SnkEVF5jHwD39SJegUlvz8nBLNeJBK6StVPCKzNNxUpOToQojUW304fW5gjniSqWejeBxo6Xtlgb0qIWW4vYoRYIIPRph8YwiW1mSxZ6sahYlfruDA52wtwPw82I9EVnEul7jRMbbFGFD2NDNW3AinEFt5sqMa84tKK0V9JJyRe4FY7yFTOVjSMV41WF2srbI3k0QVGoEaQ7r0tijCBnXil4QVwQ0ya1FW3g","e48856bbdbbb68291a2059fd540961ca213ee5b20b91a7a26bb8b59ae4b052b5");
INSERT INTO user(name, salt, hash) values("JackJohnson84","1jo5OFAVDpC6xaEgt8sSuHcOSzo1SnkEVF5jHwD39SJegUlvz8nBLNeJBK6StVPCKzNNxUpOToQojUW304fW5gjniSqWejeBxo6Xtlgb0qIWW4vYoRYIIPRph8YwiW1mSxZ6sahYlfruDA52wtwPw82I9EVnEul7jRMbbFGFD2NDNW3AinEFt5sqMa84tKK0V9JJyRe4FY7yFTOVjSMV41WF2srbI3k0QVGoEaQ7r0tijCBnXil4QVwQ0ya1FW3g","e48856bbdbbb68291a2059fd540961ca213ee5b20b91a7a26bb8b59ae4b052b5");
INSERT INTO user(name, salt, hash) values("JonathanCarter85","1jo5OFAVDpC6xaEgt8sSuHcOSzo1SnkEVF5jHwD39SJegUlvz8nBLNeJBK6StVPCKzNNxUpOToQojUW304fW5gjniSqWejeBxo6Xtlgb0qIWW4vYoRYIIPRph8YwiW1mSxZ6sahYlfruDA52wtwPw82I9EVnEul7jRMbbFGFD2NDNW3AinEFt5sqMa84tKK0V9JJyRe4FY7yFTOVjSMV41WF2srbI3k0QVGoEaQ7r0tijCBnXil4QVwQ0ya1FW3g","e48856bbdbbb68291a2059fd540961ca213ee5b20b91a7a26bb8b59ae4b052b5");
INSERT INTO user(name, salt, hash) values("JackRenninger86","1jo5OFAVDpC6xaEgt8sSuHcOSzo1SnkEVF5jHwD39SJegUlvz8nBLNeJBK6StVPCKzNNxUpOToQojUW304fW5gjniSqWejeBxo6Xtlgb0qIWW4vYoRYIIPRph8YwiW1mSxZ6sahYlfruDA52wtwPw82I9EVnEul7jRMbbFGFD2NDNW3AinEFt5sqMa84tKK0V9JJyRe4FY7yFTOVjSMV41WF2srbI3k0QVGoEaQ7r0tijCBnXil4QVwQ0ya1FW3g","e48856bbdbbb68291a2059fd540961ca213ee5b20b91a7a26bb8b59ae4b052b5");
INSERT INTO user(name, salt, hash) values("SarahFontenot87","1jo5OFAVDpC6xaEgt8sSuHcOSzo1SnkEVF5jHwD39SJegUlvz8nBLNeJBK6StVPCKzNNxUpOToQojUW304fW5gjniSqWejeBxo6Xtlgb0qIWW4vYoRYIIPRph8YwiW1mSxZ6sahYlfruDA52wtwPw82I9EVnEul7jRMbbFGFD2NDNW3AinEFt5sqMa84tKK0V9JJyRe4FY7yFTOVjSMV41WF2srbI3k0QVGoEaQ7r0tijCBnXil4QVwQ0ya1FW3g","e48856bbdbbb68291a2059fd540961ca213ee5b20b91a7a26bb8b59ae4b052b5");
INSERT INTO user(name, salt, hash) values("SarahStenbit88","1jo5OFAVDpC6xaEgt8sSuHcOSzo1SnkEVF5jHwD39SJegUlvz8nBLNeJBK6StVPCKzNNxUpOToQojUW304fW5gjniSqWejeBxo6Xtlgb0qIWW4vYoRYIIPRph8YwiW1mSxZ6sahYlfruDA52wtwPw82I9EVnEul7jRMbbFGFD2NDNW3AinEFt5sqMa84tKK0V9JJyRe4FY7yFTOVjSMV41WF2srbI3k0QVGoEaQ7r0tijCBnXil4QVwQ0ya1FW3g","e48856bbdbbb68291a2059fd540961ca213ee5b20b91a7a26bb8b59ae4b052b5");
INSERT INTO user(name, salt, hash) values("TomSmith89","1jo5OFAVDpC6xaEgt8sSuHcOSzo1SnkEVF5jHwD39SJegUlvz8nBLNeJBK6StVPCKzNNxUpOToQojUW304fW5gjniSqWejeBxo6Xtlgb0qIWW4vYoRYIIPRph8YwiW1mSxZ6sahYlfruDA52wtwPw82I9EVnEul7jRMbbFGFD2NDNW3AinEFt5sqMa84tKK0V9JJyRe4FY7yFTOVjSMV41WF2srbI3k0QVGoEaQ7r0tijCBnXil4QVwQ0ya1FW3g","e48856bbdbbb68291a2059fd540961ca213ee5b20b91a7a26bb8b59ae4b052b5");
INSERT INTO user(name, salt, hash) values("JackCarter90","1jo5OFAVDpC6xaEgt8sSuHcOSzo1SnkEVF5jHwD39SJegUlvz8nBLNeJBK6StVPCKzNNxUpOToQojUW304fW5gjniSqWejeBxo6Xtlgb0qIWW4vYoRYIIPRph8YwiW1mSxZ6sahYlfruDA52wtwPw82I9EVnEul7jRMbbFGFD2NDNW3AinEFt5sqMa84tKK0V9JJyRe4FY7yFTOVjSMV41WF2srbI3k0QVGoEaQ7r0tijCBnXil4QVwQ0ya1FW3g","e48856bbdbbb68291a2059fd540961ca213ee5b20b91a7a26bb8b59ae4b052b5");
INSERT INTO user(name, salt, hash) values("BenStenbit91","1jo5OFAVDpC6xaEgt8sSuHcOSzo1SnkEVF5jHwD39SJegUlvz8nBLNeJBK6StVPCKzNNxUpOToQojUW304fW5gjniSqWejeBxo6Xtlgb0qIWW4vYoRYIIPRph8YwiW1mSxZ6sahYlfruDA52wtwPw82I9EVnEul7jRMbbFGFD2NDNW3AinEFt5sqMa84tKK0V9JJyRe4FY7yFTOVjSMV41WF2srbI3k0QVGoEaQ7r0tijCBnXil4QVwQ0ya1FW3g","e48856bbdbbb68291a2059fd540961ca213ee5b20b91a7a26bb8b59ae4b052b5");
INSERT INTO user(name, salt, hash) values("MaryBanbury92","1jo5OFAVDpC6xaEgt8sSuHcOSzo1SnkEVF5jHwD39SJegUlvz8nBLNeJBK6StVPCKzNNxUpOToQojUW304fW5gjniSqWejeBxo6Xtlgb0qIWW4vYoRYIIPRph8YwiW1mSxZ6sahYlfruDA52wtwPw82I9EVnEul7jRMbbFGFD2NDNW3AinEFt5sqMa84tKK0V9JJyRe4FY7yFTOVjSMV41WF2srbI3k0QVGoEaQ7r0tijCBnXil4QVwQ0ya1FW3g","e48856bbdbbb68291a2059fd540961ca213ee5b20b91a7a26bb8b59ae4b052b5");
INSERT INTO user(name, salt, hash) values("GraceReiss93","1jo5OFAVDpC6xaEgt8sSuHcOSzo1SnkEVF5jHwD39SJegUlvz8nBLNeJBK6StVPCKzNNxUpOToQojUW304fW5gjniSqWejeBxo6Xtlgb0qIWW4vYoRYIIPRph8YwiW1mSxZ6sahYlfruDA52wtwPw82I9EVnEul7jRMbbFGFD2NDNW3AinEFt5sqMa84tKK0V9JJyRe4FY7yFTOVjSMV41WF2srbI3k0QVGoEaQ7r0tijCBnXil4QVwQ0ya1FW3g","e48856bbdbbb68291a2059fd540961ca213ee5b20b91a7a26bb8b59ae4b052b5");
INSERT INTO user(name, salt, hash) values("TomCohen94","1jo5OFAVDpC6xaEgt8sSuHcOSzo1SnkEVF5jHwD39SJegUlvz8nBLNeJBK6StVPCKzNNxUpOToQojUW304fW5gjniSqWejeBxo6Xtlgb0qIWW4vYoRYIIPRph8YwiW1mSxZ6sahYlfruDA52wtwPw82I9EVnEul7jRMbbFGFD2NDNW3AinEFt5sqMa84tKK0V9JJyRe4FY7yFTOVjSMV41WF2srbI3k0QVGoEaQ7r0tijCBnXil4QVwQ0ya1FW3g","e48856bbdbbb68291a2059fd540961ca213ee5b20b91a7a26bb8b59ae4b052b5");
INSERT INTO user(name, salt, hash) values("JackBanbury95","1jo5OFAVDpC6xaEgt8sSuHcOSzo1SnkEVF5jHwD39SJegUlvz8nBLNeJBK6StVPCKzNNxUpOToQojUW304fW5gjniSqWejeBxo6Xtlgb0qIWW4vYoRYIIPRph8YwiW1mSxZ6sahYlfruDA52wtwPw82I9EVnEul7jRMbbFGFD2NDNW3AinEFt5sqMa84tKK0V9JJyRe4FY7yFTOVjSMV41WF2srbI3k0QVGoEaQ7r0tijCBnXil4QVwQ0ya1FW3g","e48856bbdbbb68291a2059fd540961ca213ee5b20b91a7a26bb8b59ae4b052b5");
INSERT INTO user(name, salt, hash) values("GraceGabrielson96","1jo5OFAVDpC6xaEgt8sSuHcOSzo1SnkEVF5jHwD39SJegUlvz8nBLNeJBK6StVPCKzNNxUpOToQojUW304fW5gjniSqWejeBxo6Xtlgb0qIWW4vYoRYIIPRph8YwiW1mSxZ6sahYlfruDA52wtwPw82I9EVnEul7jRMbbFGFD2NDNW3AinEFt5sqMa84tKK0V9JJyRe4FY7yFTOVjSMV41WF2srbI3k0QVGoEaQ7r0tijCBnXil4QVwQ0ya1FW3g","e48856bbdbbb68291a2059fd540961ca213ee5b20b91a7a26bb8b59ae4b052b5");
INSERT INTO user(name, salt, hash) values("MaryGabrielson97","1jo5OFAVDpC6xaEgt8sSuHcOSzo1SnkEVF5jHwD39SJegUlvz8nBLNeJBK6StVPCKzNNxUpOToQojUW304fW5gjniSqWejeBxo6Xtlgb0qIWW4vYoRYIIPRph8YwiW1mSxZ6sahYlfruDA52wtwPw82I9EVnEul7jRMbbFGFD2NDNW3AinEFt5sqMa84tKK0V9JJyRe4FY7yFTOVjSMV41WF2srbI3k0QVGoEaQ7r0tijCBnXil4QVwQ0ya1FW3g","e48856bbdbbb68291a2059fd540961ca213ee5b20b91a7a26bb8b59ae4b052b5");
INSERT INTO user(name, salt, hash) values("GraceGabrielson98","1jo5OFAVDpC6xaEgt8sSuHcOSzo1SnkEVF5jHwD39SJegUlvz8nBLNeJBK6StVPCKzNNxUpOToQojUW304fW5gjniSqWejeBxo6Xtlgb0qIWW4vYoRYIIPRph8YwiW1mSxZ6sahYlfruDA52wtwPw82I9EVnEul7jRMbbFGFD2NDNW3AinEFt5sqMa84tKK0V9JJyRe4FY7yFTOVjSMV41WF2srbI3k0QVGoEaQ7r0tijCBnXil4QVwQ0ya1FW3g","e48856bbdbbb68291a2059fd540961ca213ee5b20b91a7a26bb8b59ae4b052b5");
INSERT INTO user(name, salt, hash) values("JackMitchell99","1jo5OFAVDpC6xaEgt8sSuHcOSzo1SnkEVF5jHwD39SJegUlvz8nBLNeJBK6StVPCKzNNxUpOToQojUW304fW5gjniSqWejeBxo6Xtlgb0qIWW4vYoRYIIPRph8YwiW1mSxZ6sahYlfruDA52wtwPw82I9EVnEul7jRMbbFGFD2NDNW3AinEFt5sqMa84tKK0V9JJyRe4FY7yFTOVjSMV41WF2srbI3k0QVGoEaQ7r0tijCBnXil4QVwQ0ya1FW3g","e48856bbdbbb68291a2059fd540961ca213ee5b20b91a7a26bb8b59ae4b052b5");





INSERT INTO game(sport, time, date, playerCount, location, full) values("ultimate frisbee","16:40:00", "2016-5-12" , 10 , "Wescott Field" , FALSE);
INSERT INTO game(sport, time, date, playerCount, location, full) values("basketball","13:25:00", "2016-5-18" , 8 , "Some Park" , FALSE);
INSERT INTO game(sport, time, date, playerCount, location, full) values("football","09:30:00", "2016-4-14" , 6 , "Intramural Fields" , FALSE);
INSERT INTO game(sport, time, date, playerCount, location, full) values("indoor soccer","21:05:00", "2016-7-11" , 5 , "Wescott Field" , FALSE);
INSERT INTO game(sport, time, date, playerCount, location, full) values("indoor soccer","21:05:00", "2016-4-11" , 10 , "Moody Colliseum" , FALSE);
INSERT INTO game(sport, time, date, playerCount, location, full) values("football","16:40:00", "2016-4-14" , 4 , "Intramural Fields" , FALSE);
INSERT INTO game(sport, time, date, playerCount, location, full) values("ultimate frisbee","08:00:00", "2016-3-14" , 15 , "Some Park" , FALSE);
INSERT INTO game(sport, time, date, playerCount, location, full) values("pool","12:30:00", "2016-7-11" , 15 , "Some Park" , FALSE);
INSERT INTO game(sport, time, date, playerCount, location, full) values("basketball","21:05:00", "2016-4-14" , 10 , "Dedman" , TRUE);
INSERT INTO game(sport, time, date, playerCount, location, full) values("indoor soccer","21:05:00", "2016-7-11" , 6 , "Wescott Field" , FALSE);
INSERT INTO game(sport, time, date, playerCount, location, full) values("squash","22:00:00", "2016-3-28" , 5 , "Intramural Fields" , FALSE);
INSERT INTO game(sport, time, date, playerCount, location, full) values("indoor soccer","08:00:00", "2016-4-28" , 6 , "Intramural Fields" , FALSE);
INSERT INTO game(sport, time, date, playerCount, location, full) values("football","09:30:00", "2016-4-11" , 8 , "Wescott Field" , FALSE);
INSERT INTO game(sport, time, date, playerCount, location, full) values("basketball","08:00:00", "2016-4-11" , 8 , "Dedman" , FALSE);
INSERT INTO game(sport, time, date, playerCount, location, full) values("tennis","09:30:00", "2016-3-14" , 15 , "Intramural Fields" , FALSE);
INSERT INTO game(sport, time, date, playerCount, location, full) values("ping pong","09:30:00", "2016-5-12" , 8 , "Some Park" , FALSE);
INSERT INTO game(sport, time, date, playerCount, location, full) values("ultimate frisbee","12:30:00", "2016-4-11" , 6 , "Some Park" , FALSE);
INSERT INTO game(sport, time, date, playerCount, location, full) values("indoor soccer","12:30:00", "2016-4-11" , 5 , "Some Park" , FALSE);
INSERT INTO game(sport, time, date, playerCount, location, full) values("squash","13:25:00", "2016-3-14" , 10 , "Moody Colliseum" , FALSE);
INSERT INTO game(sport, time, date, playerCount, location, full) values("indoor soccer","12:30:00", "2016-4-14" , 4 , "Moody Colliseum" , TRUE);
INSERT INTO game(sport, time, date, playerCount, location, full) values("indoor soccer","12:30:00", "2016-5-18" , 2 , "Wescott Field" , FALSE);
INSERT INTO game(sport, time, date, playerCount, location, full) values("ping pong","18:15:00", "2016-5-12" , 8 , "Moody Colliseum" , FALSE);
INSERT INTO game(sport, time, date, playerCount, location, full) values("ping pong","12:30:00", "2016-4-28" , 4 , "Dedman" , FALSE);
INSERT INTO game(sport, time, date, playerCount, location, full) values("ping pong","22:00:00", "2016-3-14" , 8 , "Wescott Field" , FALSE);
INSERT INTO game(sport, time, date, playerCount, location, full) values("ping pong","09:30:00", "2016-5-12" , 15 , "Dedman" , FALSE);
INSERT INTO game(sport, time, date, playerCount, location, full) values("basketball","16:40:00", "2016-5-18" , 5 , "Wescott Field" , FALSE);
INSERT INTO game(sport, time, date, playerCount, location, full) values("pool","21:05:00", "2016-3-14" , 10 , "Intramural Fields" , TRUE);
INSERT INTO game(sport, time, date, playerCount, location, full) values("soccer","12:30:00", "2016-4-28" , 4 , "Moody Colliseum" , FALSE);
INSERT INTO game(sport, time, date, playerCount, location, full) values("soccer","18:15:00", "2016-7-11" , 2 , "Dedman" , FALSE);
INSERT INTO game(sport, time, date, playerCount, location, full) values("football","14:20:00", "2016-3-14" , 4 , "Wescott Field" , FALSE);
INSERT INTO game(sport, time, date, playerCount, location, full) values("tennis","08:00:00", "2016-4-28" , 2 , "Some Park" , FALSE);
INSERT INTO game(sport, time, date, playerCount, location, full) values("football","12:30:00", "2016-7-11" , 4 , "Dedman" , FALSE);
INSERT INTO game(sport, time, date, playerCount, location, full) values("squash","16:40:00", "2016-3-14" , 2 , "Dedman" , FALSE);
INSERT INTO game(sport, time, date, playerCount, location, full) values("pool","14:20:00", "2016-5-18" , 10 , "Intramural Fields" , FALSE);
INSERT INTO game(sport, time, date, playerCount, location, full) values("football","12:30:00", "2016-4-11" , 10 , "Dedman" , TRUE);
INSERT INTO game(sport, time, date, playerCount, location, full) values("ping pong","21:05:00", "2016-5-18" , 15 , "Dedman" , TRUE);
INSERT INTO game(sport, time, date, playerCount, location, full) values("squash","13:25:00", "2016-4-28" , 10 , "Moody Colliseum" , FALSE);
INSERT INTO game(sport, time, date, playerCount, location, full) values("ping pong","21:05:00", "2016-3-28" , 6 , "Wescott Field" , FALSE);
INSERT INTO game(sport, time, date, playerCount, location, full) values("football","09:30:00", "2016-7-11" , 5 , "Some Park" , FALSE);
INSERT INTO game(sport, time, date, playerCount, location, full) values("football","12:30:00", "2016-4-14" , 5 , "Moody Colliseum" , FALSE);
INSERT INTO game(sport, time, date, playerCount, location, full) values("tennis","16:40:00", "2016-5-12" , 4 , "Dedman" , FALSE);
INSERT INTO game(sport, time, date, playerCount, location, full) values("pool","09:30:00", "2016-5-12" , 15 , "Dedman" , FALSE);
INSERT INTO game(sport, time, date, playerCount, location, full) values("football","22:00:00", "2016-3-14" , 8 , "Dedman" , TRUE);
INSERT INTO game(sport, time, date, playerCount, location, full) values("tennis","21:05:00", "2016-4-28" , 4 , "Wescott Field" , FALSE);
INSERT INTO game(sport, time, date, playerCount, location, full) values("ping pong","08:00:00", "2016-4-11" , 4 , "Some Park" , FALSE);
INSERT INTO game(sport, time, date, playerCount, location, full) values("ultimate frisbee","13:25:00", "2016-4-14" , 10 , "Wescott Field" , FALSE);
INSERT INTO game(sport, time, date, playerCount, location, full) values("soccer","13:25:00", "2016-5-18" , 8 , "Moody Colliseum" , FALSE);
INSERT INTO game(sport, time, date, playerCount, location, full) values("tennis","13:25:00", "2016-7-11" , 5 , "Moody Colliseum" , FALSE);
INSERT INTO game(sport, time, date, playerCount, location, full) values("ping pong","13:25:00", "2016-3-14" , 15 , "Wescott Field" , FALSE);
INSERT INTO game(sport, time, date, playerCount, location, full) values("pool","14:20:00", "2016-4-28" , 4 , "Dedman" , FALSE);





INSERT INTO enlist values("BobSmith57", 1 );
INSERT INTO enlist values("JenniferFontenot83", 1 );
INSERT INTO enlist values("JackFontenot0", 1 );
INSERT INTO enlist values("TomKhan64", 1 );
INSERT INTO enlist values("JackFontenot10", 1 );
INSERT INTO enlist values("AllisonSmith18", 1 );
INSERT INTO enlist values("TimmothyGoldman43", 1 );
INSERT INTO enlist values("JohnBanbury3", 2 );
INSERT INTO enlist values("IanRenninger29", 2 );
INSERT INTO enlist values("IanGabrielson40", 2 );
INSERT INTO enlist values("GraceGabrielson96", 2 );
INSERT INTO enlist values("MaryGabrielson97", 2 );
INSERT INTO enlist values("TomMitchell77", 3 );
INSERT INTO enlist values("TomCohen94", 3 );
INSERT INTO enlist values("BobGoldman65", 3 );
INSERT INTO enlist values("BenReiss58", 4 );
INSERT INTO enlist values("JenniferGabrielson54", 4 );
INSERT INTO enlist values("JackGoldman56", 5 );
INSERT INTO enlist values("TimmothyGoldman43", 5 );
INSERT INTO enlist values("GraceJohnson47", 5 );
INSERT INTO enlist values("TomSmith8", 5 );
INSERT INTO enlist values("AllisonStenbit25", 5 );
INSERT INTO enlist values("AllisonRenninger33", 5 );
INSERT INTO enlist values("TomHansen48", 5 );
INSERT INTO enlist values("BobRenninger74", 6 );
INSERT INTO enlist values("JenniferHansen39", 7 );
INSERT INTO enlist values("BenStenbit91", 7 );
INSERT INTO enlist values("BenRenninger75", 7 );
INSERT INTO enlist values("MaryRenninger27", 7 );
INSERT INTO enlist values("JonathanRenninger20", 7 );
INSERT INTO enlist values("TimmothyRenninger66", 7 );
INSERT INTO enlist values("TimmothyCarter31", 7 );
INSERT INTO enlist values("JackFontenot0", 7 );
INSERT INTO enlist values("BobGoldman65", 7 );
INSERT INTO enlist values("JonathanMitchell70", 7 );
INSERT INTO enlist values("TimmothyGoldman43", 7 );
INSERT INTO enlist values("TomFontenot69", 7 );
INSERT INTO enlist values("GraceBanbury26", 8 );
INSERT INTO enlist values("SarahStenbit88", 8 );
INSERT INTO enlist values("TomSmith89", 8 );
INSERT INTO enlist values("BenReiss58", 8 );
INSERT INTO enlist values("TimmothyRenninger66", 8 );
INSERT INTO enlist values("MaryBanbury92", 8 );
INSERT INTO enlist values("JackRenninger86", 8 );
INSERT INTO enlist values("AllisonHansen2", 8 );
INSERT INTO enlist values("KatyJohnson41", 8 );
INSERT INTO enlist values("IanCohen32", 8 );
INSERT INTO enlist values("AllisonRenninger33", 8 );
INSERT INTO enlist values("MaryCohen7", 8 );
INSERT INTO enlist values("MattMitchell30", 9 );
INSERT INTO enlist values("MattCohen28", 9 );
INSERT INTO enlist values("GraceGabrielson98", 9 );
INSERT INTO enlist values("BenCarter19", 9 );
INSERT INTO enlist values("TimmothyCarter31", 9 );
INSERT INTO enlist values("BobSmith21", 9 );
INSERT INTO enlist values("GraceFontenot16", 9 );
INSERT INTO enlist values("BobGoldman65", 9 );
INSERT INTO enlist values("TimmothyGoldman43", 9 );
INSERT INTO enlist values("MattBanbury12", 9 );
INSERT INTO enlist values("TomBanbury45", 10 );
INSERT INTO enlist values("JohnKhan5", 10 );
INSERT INTO enlist values("MattCohen28", 10 );
INSERT INTO enlist values("JackCohen13", 11 );
INSERT INTO enlist values("AllisonHansen2", 11 );
INSERT INTO enlist values("TimmothyCarter31", 12 );
INSERT INTO enlist values("GraceBanbury26", 12 );
INSERT INTO enlist values("BenCarter19", 12 );
INSERT INTO enlist values("TomFontenot69", 13 );
INSERT INTO enlist values("GraceBanbury26", 13 );
INSERT INTO enlist values("KatyJohnson41", 13 );
INSERT INTO enlist values("MaryGabrielson97", 13 );
INSERT INTO enlist values("MaryRenninger27", 13 );
INSERT INTO enlist values("BenRenninger75", 14 );
INSERT INTO enlist values("GraceGoldman68", 14 );
INSERT INTO enlist values("TomSmith8", 14 );
INSERT INTO enlist values("BenCarter81", 14 );
INSERT INTO enlist values("MattCohen28", 14 );
INSERT INTO enlist values("JackGoldman56", 15 );
INSERT INTO enlist values("BobSmith21", 15 );
INSERT INTO enlist values("GraceGabrielson98", 15 );
INSERT INTO enlist values("JackJohnson84", 15 );
INSERT INTO enlist values("BenCarter81", 15 );
INSERT INTO enlist values("TomSmith8", 15 );
INSERT INTO enlist values("JenniferFontenot83", 15 );
INSERT INTO enlist values("IanRenninger29", 15 );
INSERT INTO enlist values("TomHansen48", 15 );
INSERT INTO enlist values("MattBanbury49", 15 );
INSERT INTO enlist values("GraceGoldman68", 15 );
INSERT INTO enlist values("JenniferGabrielson54", 15 );
INSERT INTO enlist values("AllisonRenninger33", 16 );
INSERT INTO enlist values("AllisonCohen60", 16 );
INSERT INTO enlist values("KatyJohnson41", 16 );
INSERT INTO enlist values("JonathanRenninger20", 16 );
INSERT INTO enlist values("GraceBanbury59", 16 );
INSERT INTO enlist values("BobRenninger74", 17 );
INSERT INTO enlist values("IanFontenot67", 17 );
INSERT INTO enlist values("IanRenninger29", 17 );
INSERT INTO enlist values("TimmothyRenninger66", 18 );
INSERT INTO enlist values("SarahFontenot87", 18 );
INSERT INTO enlist values("KatyHansen76", 19 );
INSERT INTO enlist values("MaryRenninger27", 19 );
INSERT INTO enlist values("AllisonCohen78", 19 );
INSERT INTO enlist values("JonathanCarter85", 19 );
INSERT INTO enlist values("BobGoldman65", 19 );
INSERT INTO enlist values("MarkSmith82", 19 );
INSERT INTO enlist values("GraceGabrielson96", 19 );
INSERT INTO enlist values("KatyJohnson41", 20 );
INSERT INTO enlist values("BobSmith21", 20 );
INSERT INTO enlist values("IanGoldman14", 20 );
INSERT INTO enlist values("TomKhan64", 20 );
INSERT INTO enlist values("GraceBanbury26", 22 );
INSERT INTO enlist values("SarahStenbit88", 22 );
INSERT INTO enlist values("TomBanbury50", 22 );
INSERT INTO enlist values("MarkHansen36", 22 );
INSERT INTO enlist values("TomFontenot69", 22 );
INSERT INTO enlist values("TomBanbury50", 23 );
INSERT INTO enlist values("SarahStenbit88", 24 );
INSERT INTO enlist values("JenniferHansen39", 24 );
INSERT INTO enlist values("AllisonSmith18", 24 );
INSERT INTO enlist values("JenniferGabrielson54", 24 );
INSERT INTO enlist values("JackMitchell53", 24 );
INSERT INTO enlist values("JonathanStenbit15", 25 );
INSERT INTO enlist values("KatyJohnson41", 25 );
INSERT INTO enlist values("KatyHansen76", 25 );
INSERT INTO enlist values("TomBanbury45", 25 );
INSERT INTO enlist values("MattCohen28", 25 );
INSERT INTO enlist values("IanCohen32", 25 );
INSERT INTO enlist values("GraceGabrielson96", 25 );
INSERT INTO enlist values("AllisonRenninger52", 25 );
INSERT INTO enlist values("IanGoldman14", 25 );
INSERT INTO enlist values("JackCarter90", 25 );
INSERT INTO enlist values("IanRenninger29", 25 );
INSERT INTO enlist values("BenRenninger75", 25 );
INSERT INTO enlist values("TomCohen94", 26 );
INSERT INTO enlist values("JackJohnson84", 26 );
INSERT INTO enlist values("JohnKhan5", 27 );
INSERT INTO enlist values("JackBanbury37", 27 );
INSERT INTO enlist values("BobSmith57", 27 );
INSERT INTO enlist values("TomMitchell77", 27 );
INSERT INTO enlist values("AllisonCohen60", 27 );
INSERT INTO enlist values("MarkHansen36", 27 );
INSERT INTO enlist values("TimmothyBanbury79", 27 );
INSERT INTO enlist values("JackMitchell53", 27 );
INSERT INTO enlist values("MattSmith72", 27 );
INSERT INTO enlist values("AllisonHansen2", 27 );
INSERT INTO enlist values("JonathanBanbury4", 28 );
INSERT INTO enlist values("JackCarter22", 30 );
INSERT INTO enlist values("JackFontenot10", 32 );
INSERT INTO enlist values("JonathanMitchell70", 34 );
INSERT INTO enlist values("BobRenninger74", 34 );
INSERT INTO enlist values("MattBanbury49", 34 );
INSERT INTO enlist values("TimmothyBanbury79", 34 );
INSERT INTO enlist values("MattSmith72", 34 );
INSERT INTO enlist values("TimmothyGoldman43", 34 );
INSERT INTO enlist values("AllisonRenninger52", 34 );
INSERT INTO enlist values("JackSmith55", 35 );
INSERT INTO enlist values("JohnKhan5", 35 );
INSERT INTO enlist values("MaryGabrielson97", 35 );
INSERT INTO enlist values("AllisonRenninger33", 35 );
INSERT INTO enlist values("IanRenninger29", 35 );
INSERT INTO enlist values("JackGoldman56", 35 );
INSERT INTO enlist values("JackMitchell53", 35 );
INSERT INTO enlist values("AllisonSmith18", 35 );
INSERT INTO enlist values("SarahFontenot87", 35 );
INSERT INTO enlist values("GraceFontenot9", 35 );
INSERT INTO enlist values("KatyJohnson41", 36 );
INSERT INTO enlist values("JonathanMitchell70", 36 );
INSERT INTO enlist values("TimmothyGoldman43", 36 );
INSERT INTO enlist values("GraceFontenot9", 36 );
INSERT INTO enlist values("GraceKhan1", 36 );
INSERT INTO enlist values("GraceBanbury59", 36 );
INSERT INTO enlist values("MaryBanbury92", 36 );
INSERT INTO enlist values("MarkStenbit80", 36 );
INSERT INTO enlist values("JenniferHansen39", 36 );
INSERT INTO enlist values("JenniferGabrielson54", 36 );
INSERT INTO enlist values("SarahFontenot87", 36 );
INSERT INTO enlist values("GraceGoldman68", 36 );
INSERT INTO enlist values("GraceGabrielson96", 36 );
INSERT INTO enlist values("BobGoldman65", 36 );
INSERT INTO enlist values("IanCohen32", 36 );
INSERT INTO enlist values("TimmothyCarter44", 37 );
INSERT INTO enlist values("SarahMitchell17", 37 );
INSERT INTO enlist values("JackCohen13", 37 );
INSERT INTO enlist values("JohnBanbury3", 37 );
INSERT INTO enlist values("SarahReiss23", 37 );
INSERT INTO enlist values("MarkReiss24", 37 );
INSERT INTO enlist values("IanFontenot67", 37 );
INSERT INTO enlist values("JackBanbury95", 38 );
INSERT INTO enlist values("GraceGabrielson96", 38 );
INSERT INTO enlist values("AllisonRenninger33", 38 );
INSERT INTO enlist values("IanGabrielson40", 39 );
INSERT INTO enlist values("JonathanGoldman11", 39 );
INSERT INTO enlist values("GraceKhan6", 40 );
INSERT INTO enlist values("AllisonSmith18", 40 );
INSERT INTO enlist values("TomKhan64", 41 );
INSERT INTO enlist values("KatyJohnson41", 42 );
INSERT INTO enlist values("GraceJohnson47", 42 );
INSERT INTO enlist values("GraceKhan1", 42 );
INSERT INTO enlist values("BenReiss58", 42 );
INSERT INTO enlist values("MaryRenninger27", 42 );
INSERT INTO enlist values("TimmothyBanbury79", 42 );
INSERT INTO enlist values("JonathanMitchell70", 42 );
INSERT INTO enlist values("MaryHansen61", 42 );
INSERT INTO enlist values("TomSmith89", 42 );
INSERT INTO enlist values("JackCarter22", 42 );
INSERT INTO enlist values("MaryCohen7", 42 );
INSERT INTO enlist values("SarahFontenot87", 42 );
INSERT INTO enlist values("IanGabrielson40", 43 );
INSERT INTO enlist values("BobRenninger74", 43 );
INSERT INTO enlist values("IanFontenot67", 43 );
INSERT INTO enlist values("JenniferFontenot83", 43 );
INSERT INTO enlist values("GraceGabrielson96", 43 );
INSERT INTO enlist values("MarkReiss24", 43 );
INSERT INTO enlist values("MarkHansen36", 43 );
INSERT INTO enlist values("MaryBanbury92", 43 );
INSERT INTO enlist values("JackGoldman62", 44 );
INSERT INTO enlist values("JackBanbury95", 45 );
INSERT INTO enlist values("MaryBanbury92", 46 );
INSERT INTO enlist values("TimmothyRenninger66", 46 );
INSERT INTO enlist values("MaryCohen7", 46 );
INSERT INTO enlist values("IanGabrielson40", 46 );
INSERT INTO enlist values("GraceReiss93", 46 );
INSERT INTO enlist values("MaryGabrielson97", 46 );
INSERT INTO enlist values("JackBanbury95", 46 );
INSERT INTO enlist values("JackMitchell99", 47 );
INSERT INTO enlist values("MarkFontenot42", 47 );
INSERT INTO enlist values("JackFontenot10", 47 );
INSERT INTO enlist values("TomStenbit73", 47 );
INSERT INTO enlist values("JackFontenot0", 47 );
INSERT INTO enlist values("IanRenninger29", 48 );
INSERT INTO enlist values("MarkFontenot42", 48 );
INSERT INTO enlist values("JackCohen13", 49 );
INSERT INTO enlist values("TomBanbury45", 49 );
INSERT INTO enlist values("TomStenbit73", 49 );
INSERT INTO enlist values("JackCarter22", 49 );
INSERT INTO enlist values("MaryRenninger27", 49 );
INSERT INTO enlist values("MaryGabrielson97", 49 );
INSERT INTO enlist values("GraceBanbury59", 49 );
INSERT INTO enlist values("SarahFontenot87", 49 );
INSERT INTO enlist values("BenRenninger75", 49 );
INSERT INTO enlist values("MattSmith72", 49 );
INSERT INTO enlist values("BenStenbit91", 49 );
INSERT INTO enlist values("IanCohen32", 49 );
INSERT INTO enlist values("GraceBanbury26", 50 );
INSERT INTO sportPreference(username, sport) values("JackFontenot0", "ping pong");
INSERT INTO sportPreference(username, sport) values("JackFontenot0", "football");
INSERT INTO sportPreference(username, sport) values("JackFontenot0", "ultimate frisbee");
INSERT INTO sportPreference(username, sport) values("JackFontenot0", "basketball");
INSERT INTO sportPreference(username, sport) values("GraceKhan1", "basketball");
INSERT INTO sportPreference(username, sport) values("GraceKhan1", "ultimate frisbee");
INSERT INTO sportPreference(username, sport) values("GraceKhan1", "football");
INSERT INTO sportPreference(username, sport) values("GraceKhan1", "tennis");
INSERT INTO sportPreference(username, sport) values("AllisonHansen2", "squash");
INSERT INTO sportPreference(username, sport) values("AllisonHansen2", "basketball");
INSERT INTO sportPreference(username, sport) values("JohnBanbury3", "football");
INSERT INTO sportPreference(username, sport) values("JohnBanbury3", "soccer");
INSERT INTO sportPreference(username, sport) values("JohnBanbury3", "basketball");
INSERT INTO sportPreference(username, sport) values("JohnBanbury3", "pool");
INSERT INTO sportPreference(username, sport) values("JonathanBanbury4", "ultimate frisbee");
INSERT INTO sportPreference(username, sport) values("JohnKhan5", "soccer");
INSERT INTO sportPreference(username, sport) values("JohnKhan5", "football");
INSERT INTO sportPreference(username, sport) values("JohnKhan5", "indoor soccer");
INSERT INTO sportPreference(username, sport) values("JohnKhan5", "squash");
INSERT INTO sportPreference(username, sport) values("GraceKhan6", "basketball");
INSERT INTO sportPreference(username, sport) values("MaryCohen7", "indoor soccer");
INSERT INTO sportPreference(username, sport) values("MaryCohen7", "pool");
INSERT INTO sportPreference(username, sport) values("MaryCohen7", "tennis");
INSERT INTO sportPreference(username, sport) values("TomSmith8", "squash");
INSERT INTO sportPreference(username, sport) values("TomSmith8", "football");
INSERT INTO sportPreference(username, sport) values("GraceFontenot9", "pool");
INSERT INTO sportPreference(username, sport) values("JackFontenot10", "tennis");
INSERT INTO sportPreference(username, sport) values("JonathanGoldman11", "tennis");
INSERT INTO sportPreference(username, sport) values("JonathanGoldman11", "indoor soccer");
INSERT INTO sportPreference(username, sport) values("MattBanbury12", "football");
INSERT INTO sportPreference(username, sport) values("MattBanbury12", "squash");
INSERT INTO sportPreference(username, sport) values("MattBanbury12", "indoor soccer");
INSERT INTO sportPreference(username, sport) values("MattBanbury12", "soccer");
INSERT INTO sportPreference(username, sport) values("JackCohen13", "ultimate frisbee");
INSERT INTO sportPreference(username, sport) values("IanGoldman14", "indoor soccer");
INSERT INTO sportPreference(username, sport) values("JonathanStenbit15", "pool");
INSERT INTO sportPreference(username, sport) values("JonathanStenbit15", "squash");
INSERT INTO sportPreference(username, sport) values("JonathanStenbit15", "soccer");
INSERT INTO sportPreference(username, sport) values("GraceFontenot16", "squash");
INSERT INTO sportPreference(username, sport) values("SarahMitchell17", "soccer");
INSERT INTO sportPreference(username, sport) values("AllisonSmith18", "ultimate frisbee");
INSERT INTO sportPreference(username, sport) values("AllisonSmith18", "squash");
INSERT INTO sportPreference(username, sport) values("AllisonSmith18", "ping pong");
INSERT INTO sportPreference(username, sport) values("BenCarter19", "football");
INSERT INTO sportPreference(username, sport) values("JonathanRenninger20", "basketball");
INSERT INTO sportPreference(username, sport) values("JonathanRenninger20", "squash");
INSERT INTO sportPreference(username, sport) values("JonathanRenninger20", "ping pong");
INSERT INTO sportPreference(username, sport) values("BobSmith21", "ping pong");
INSERT INTO sportPreference(username, sport) values("BobSmith21", "soccer");
INSERT INTO sportPreference(username, sport) values("BobSmith21", "indoor soccer");
INSERT INTO sportPreference(username, sport) values("BobSmith21", "squash");
INSERT INTO sportPreference(username, sport) values("JackCarter22", "basketball");
INSERT INTO sportPreference(username, sport) values("JackCarter22", "football");
INSERT INTO sportPreference(username, sport) values("SarahReiss23", "ultimate frisbee");
INSERT INTO sportPreference(username, sport) values("SarahReiss23", "soccer");
INSERT INTO sportPreference(username, sport) values("SarahReiss23", "basketball");
INSERT INTO sportPreference(username, sport) values("MarkReiss24", "ping pong");
INSERT INTO sportPreference(username, sport) values("AllisonStenbit25", "basketball");
INSERT INTO sportPreference(username, sport) values("AllisonStenbit25", "football");
INSERT INTO sportPreference(username, sport) values("AllisonStenbit25", "pool");
INSERT INTO sportPreference(username, sport) values("AllisonStenbit25", "ping pong");
INSERT INTO sportPreference(username, sport) values("GraceBanbury26", "indoor soccer");
INSERT INTO sportPreference(username, sport) values("MaryRenninger27", "indoor soccer");
INSERT INTO sportPreference(username, sport) values("MaryRenninger27", "squash");
INSERT INTO sportPreference(username, sport) values("MaryRenninger27", "football");
INSERT INTO sportPreference(username, sport) values("MattCohen28", "tennis");
INSERT INTO sportPreference(username, sport) values("IanRenninger29", "tennis");
INSERT INTO sportPreference(username, sport) values("IanRenninger29", "squash");
INSERT INTO sportPreference(username, sport) values("MattMitchell30", "squash");
INSERT INTO sportPreference(username, sport) values("MattMitchell30", "tennis");
INSERT INTO sportPreference(username, sport) values("MattMitchell30", "basketball");
INSERT INTO sportPreference(username, sport) values("MattMitchell30", "pool");
INSERT INTO sportPreference(username, sport) values("TimmothyCarter31", "squash");
INSERT INTO sportPreference(username, sport) values("TimmothyCarter31", "pool");
INSERT INTO sportPreference(username, sport) values("TimmothyCarter31", "ultimate frisbee");
INSERT INTO sportPreference(username, sport) values("TimmothyCarter31", "soccer");
INSERT INTO sportPreference(username, sport) values("IanCohen32", "squash");
INSERT INTO sportPreference(username, sport) values("IanCohen32", "soccer");
INSERT INTO sportPreference(username, sport) values("IanCohen32", "ultimate frisbee");
INSERT INTO sportPreference(username, sport) values("AllisonRenninger33", "tennis");
INSERT INTO sportPreference(username, sport) values("BobCarter34", "pool");
INSERT INTO sportPreference(username, sport) values("BobCarter34", "squash");
INSERT INTO sportPreference(username, sport) values("BobCarter34", "basketball");
INSERT INTO sportPreference(username, sport) values("GraceMitchell35", "football");
INSERT INTO sportPreference(username, sport) values("GraceMitchell35", "pool");
INSERT INTO sportPreference(username, sport) values("MarkHansen36", "tennis");
INSERT INTO sportPreference(username, sport) values("JackBanbury37", "tennis");
INSERT INTO sportPreference(username, sport) values("JackBanbury37", "indoor soccer");
INSERT INTO sportPreference(username, sport) values("JackBanbury37", "ping pong");
INSERT INTO sportPreference(username, sport) values("JackBanbury37", "basketball");
INSERT INTO sportPreference(username, sport) values("TimmothyStenbit38", "ultimate frisbee");
INSERT INTO sportPreference(username, sport) values("TimmothyStenbit38", "basketball");
INSERT INTO sportPreference(username, sport) values("TimmothyStenbit38", "pool");
INSERT INTO sportPreference(username, sport) values("TimmothyStenbit38", "tennis");
INSERT INTO sportPreference(username, sport) values("JenniferHansen39", "pool");
INSERT INTO sportPreference(username, sport) values("JenniferHansen39", "football");
INSERT INTO sportPreference(username, sport) values("IanGabrielson40", "indoor soccer");
INSERT INTO sportPreference(username, sport) values("IanGabrielson40", "tennis");
INSERT INTO sportPreference(username, sport) values("IanGabrielson40", "basketball");
INSERT INTO sportPreference(username, sport) values("KatyJohnson41", "tennis");
INSERT INTO sportPreference(username, sport) values("KatyJohnson41", "basketball");
INSERT INTO sportPreference(username, sport) values("KatyJohnson41", "football");
INSERT INTO sportPreference(username, sport) values("KatyJohnson41", "ultimate frisbee");
INSERT INTO sportPreference(username, sport) values("MarkFontenot42", "ultimate frisbee");
INSERT INTO sportPreference(username, sport) values("TimmothyGoldman43", "pool");
INSERT INTO sportPreference(username, sport) values("TimmothyGoldman43", "soccer");
INSERT INTO sportPreference(username, sport) values("TimmothyGoldman43", "indoor soccer");
INSERT INTO sportPreference(username, sport) values("TimmothyCarter44", "pool");
INSERT INTO sportPreference(username, sport) values("TimmothyCarter44", "squash");
INSERT INTO sportPreference(username, sport) values("TimmothyCarter44", "ultimate frisbee");
INSERT INTO sportPreference(username, sport) values("TimmothyCarter44", "indoor soccer");
INSERT INTO sportPreference(username, sport) values("TomBanbury45", "pool");
INSERT INTO sportPreference(username, sport) values("TomBanbury45", "squash");
INSERT INTO sportPreference(username, sport) values("TomBanbury45", "ping pong");
INSERT INTO sportPreference(username, sport) values("MattFontenot46", "pool");
INSERT INTO sportPreference(username, sport) values("MattFontenot46", "ping pong");
INSERT INTO sportPreference(username, sport) values("MattFontenot46", "basketball");
INSERT INTO sportPreference(username, sport) values("GraceJohnson47", "soccer");
INSERT INTO sportPreference(username, sport) values("TomHansen48", "ultimate frisbee");
INSERT INTO sportPreference(username, sport) values("TomHansen48", "squash");
INSERT INTO sportPreference(username, sport) values("MattBanbury49", "pool");
INSERT INTO sportPreference(username, sport) values("MattBanbury49", "squash");
INSERT INTO sportPreference(username, sport) values("MattBanbury49", "basketball");
INSERT INTO sportPreference(username, sport) values("TomBanbury50", "pool");
INSERT INTO sportPreference(username, sport) values("TomBanbury50", "squash");
INSERT INTO sportPreference(username, sport) values("TomBanbury50", "tennis");
INSERT INTO sportPreference(username, sport) values("TomBanbury50", "ping pong");
INSERT INTO sportPreference(username, sport) values("JohnFontenot51", "football");
INSERT INTO sportPreference(username, sport) values("JohnFontenot51", "ping pong");
INSERT INTO sportPreference(username, sport) values("AllisonRenninger52", "soccer");
INSERT INTO sportPreference(username, sport) values("AllisonRenninger52", "indoor soccer");
INSERT INTO sportPreference(username, sport) values("AllisonRenninger52", "ultimate frisbee");
INSERT INTO sportPreference(username, sport) values("AllisonRenninger52", "tennis");
INSERT INTO sportPreference(username, sport) values("JackMitchell53", "football");
INSERT INTO sportPreference(username, sport) values("JackMitchell53", "indoor soccer");
INSERT INTO sportPreference(username, sport) values("JackMitchell53", "soccer");
INSERT INTO sportPreference(username, sport) values("JenniferGabrielson54", "soccer");
INSERT INTO sportPreference(username, sport) values("JenniferGabrielson54", "football");
INSERT INTO sportPreference(username, sport) values("JackSmith55", "basketball");
INSERT INTO sportPreference(username, sport) values("JackGoldman56", "tennis");
INSERT INTO sportPreference(username, sport) values("JackGoldman56", "squash");
INSERT INTO sportPreference(username, sport) values("JackGoldman56", "indoor soccer");
INSERT INTO sportPreference(username, sport) values("BobSmith57", "pool");
INSERT INTO sportPreference(username, sport) values("BenReiss58", "ping pong");
INSERT INTO sportPreference(username, sport) values("GraceBanbury59", "ultimate frisbee");
INSERT INTO sportPreference(username, sport) values("GraceBanbury59", "pool");
INSERT INTO sportPreference(username, sport) values("AllisonCohen60", "indoor soccer");
INSERT INTO sportPreference(username, sport) values("MaryHansen61", "pool");
INSERT INTO sportPreference(username, sport) values("MaryHansen61", "ping pong");
INSERT INTO sportPreference(username, sport) values("JackGoldman62", "soccer");
INSERT INTO sportPreference(username, sport) values("JackGoldman62", "tennis");
INSERT INTO sportPreference(username, sport) values("BobHansen63", "ping pong");
INSERT INTO sportPreference(username, sport) values("BobHansen63", "squash");
INSERT INTO sportPreference(username, sport) values("BobHansen63", "football");
INSERT INTO sportPreference(username, sport) values("BobHansen63", "tennis");
INSERT INTO sportPreference(username, sport) values("TomKhan64", "squash");
INSERT INTO sportPreference(username, sport) values("BobGoldman65", "football");
INSERT INTO sportPreference(username, sport) values("BobGoldman65", "ultimate frisbee");
INSERT INTO sportPreference(username, sport) values("BobGoldman65", "ping pong");
INSERT INTO sportPreference(username, sport) values("BobGoldman65", "soccer");
INSERT INTO sportPreference(username, sport) values("TimmothyRenninger66", "indoor soccer");
INSERT INTO sportPreference(username, sport) values("TimmothyRenninger66", "pool");
INSERT INTO sportPreference(username, sport) values("IanFontenot67", "tennis");
INSERT INTO sportPreference(username, sport) values("GraceGoldman68", "ping pong");
INSERT INTO sportPreference(username, sport) values("GraceGoldman68", "basketball");
INSERT INTO sportPreference(username, sport) values("GraceGoldman68", "indoor soccer");
INSERT INTO sportPreference(username, sport) values("TomFontenot69", "squash");
INSERT INTO sportPreference(username, sport) values("TomFontenot69", "ultimate frisbee");
INSERT INTO sportPreference(username, sport) values("TomFontenot69", "basketball");
INSERT INTO sportPreference(username, sport) values("JonathanMitchell70", "tennis");
INSERT INTO sportPreference(username, sport) values("JonathanMitchell70", "ping pong");
INSERT INTO sportPreference(username, sport) values("JonathanMitchell70", "squash");
INSERT INTO sportPreference(username, sport) values("BobMitchell71", "soccer");
INSERT INTO sportPreference(username, sport) values("BobMitchell71", "squash");
INSERT INTO sportPreference(username, sport) values("BobMitchell71", "indoor soccer");
INSERT INTO sportPreference(username, sport) values("MattSmith72", "football");
INSERT INTO sportPreference(username, sport) values("TomStenbit73", "pool");
INSERT INTO sportPreference(username, sport) values("BobRenninger74", "basketball");
INSERT INTO sportPreference(username, sport) values("BobRenninger74", "soccer");
INSERT INTO sportPreference(username, sport) values("BobRenninger74", "tennis");
INSERT INTO sportPreference(username, sport) values("BobRenninger74", "football");
INSERT INTO sportPreference(username, sport) values("BenRenninger75", "soccer");
INSERT INTO sportPreference(username, sport) values("BenRenninger75", "indoor soccer");
INSERT INTO sportPreference(username, sport) values("BenRenninger75", "basketball");
INSERT INTO sportPreference(username, sport) values("BenRenninger75", "football");
INSERT INTO sportPreference(username, sport) values("KatyHansen76", "ultimate frisbee");
INSERT INTO sportPreference(username, sport) values("KatyHansen76", "basketball");
INSERT INTO sportPreference(username, sport) values("KatyHansen76", "soccer");
INSERT INTO sportPreference(username, sport) values("TomMitchell77", "basketball");
INSERT INTO sportPreference(username, sport) values("TomMitchell77", "tennis");
INSERT INTO sportPreference(username, sport) values("TomMitchell77", "indoor soccer");
INSERT INTO sportPreference(username, sport) values("AllisonCohen78", "pool");
INSERT INTO sportPreference(username, sport) values("AllisonCohen78", "basketball");
INSERT INTO sportPreference(username, sport) values("AllisonCohen78", "indoor soccer");
INSERT INTO sportPreference(username, sport) values("TimmothyBanbury79", "soccer");
INSERT INTO sportPreference(username, sport) values("TimmothyBanbury79", "tennis");
INSERT INTO sportPreference(username, sport) values("TimmothyBanbury79", "pool");
INSERT INTO sportPreference(username, sport) values("MarkStenbit80", "soccer");
INSERT INTO sportPreference(username, sport) values("MarkStenbit80", "ultimate frisbee");
INSERT INTO sportPreference(username, sport) values("MarkStenbit80", "ping pong");
INSERT INTO sportPreference(username, sport) values("MarkStenbit80", "pool");
INSERT INTO sportPreference(username, sport) values("BenCarter81", "ultimate frisbee");
INSERT INTO sportPreference(username, sport) values("BenCarter81", "soccer");
INSERT INTO sportPreference(username, sport) values("BenCarter81", "indoor soccer");
INSERT INTO sportPreference(username, sport) values("BenCarter81", "football");
INSERT INTO sportPreference(username, sport) values("MarkSmith82", "soccer");
INSERT INTO sportPreference(username, sport) values("MarkSmith82", "ping pong");
INSERT INTO sportPreference(username, sport) values("MarkSmith82", "ultimate frisbee");
INSERT INTO sportPreference(username, sport) values("JenniferFontenot83", "ultimate frisbee");
INSERT INTO sportPreference(username, sport) values("JenniferFontenot83", "football");
INSERT INTO sportPreference(username, sport) values("JenniferFontenot83", "pool");
INSERT INTO sportPreference(username, sport) values("JenniferFontenot83", "ping pong");
INSERT INTO sportPreference(username, sport) values("JackJohnson84", "squash");
INSERT INTO sportPreference(username, sport) values("JonathanCarter85", "tennis");
INSERT INTO sportPreference(username, sport) values("JonathanCarter85", "basketball");
INSERT INTO sportPreference(username, sport) values("JonathanCarter85", "pool");
INSERT INTO sportPreference(username, sport) values("JackRenninger86", "pool");
INSERT INTO sportPreference(username, sport) values("JackRenninger86", "soccer");
INSERT INTO sportPreference(username, sport) values("JackRenninger86", "basketball");
INSERT INTO sportPreference(username, sport) values("SarahFontenot87", "squash");
INSERT INTO sportPreference(username, sport) values("SarahFontenot87", "soccer");
INSERT INTO sportPreference(username, sport) values("SarahFontenot87", "tennis");
INSERT INTO sportPreference(username, sport) values("SarahFontenot87", "pool");
INSERT INTO sportPreference(username, sport) values("SarahStenbit88", "squash");
INSERT INTO sportPreference(username, sport) values("SarahStenbit88", "pool");
INSERT INTO sportPreference(username, sport) values("SarahStenbit88", "tennis");
INSERT INTO sportPreference(username, sport) values("TomSmith89", "ultimate frisbee");
INSERT INTO sportPreference(username, sport) values("TomSmith89", "squash");
INSERT INTO sportPreference(username, sport) values("TomSmith89", "indoor soccer");
INSERT INTO sportPreference(username, sport) values("TomSmith89", "football");
INSERT INTO sportPreference(username, sport) values("JackCarter90", "football");
INSERT INTO sportPreference(username, sport) values("BenStenbit91", "squash");
INSERT INTO sportPreference(username, sport) values("BenStenbit91", "football");
INSERT INTO sportPreference(username, sport) values("MaryBanbury92", "tennis");
INSERT INTO sportPreference(username, sport) values("MaryBanbury92", "squash");
INSERT INTO sportPreference(username, sport) values("MaryBanbury92", "soccer");
INSERT INTO sportPreference(username, sport) values("GraceReiss93", "ultimate frisbee");
INSERT INTO sportPreference(username, sport) values("GraceReiss93", "pool");
INSERT INTO sportPreference(username, sport) values("TomCohen94", "squash");
INSERT INTO sportPreference(username, sport) values("TomCohen94", "pool");
INSERT INTO sportPreference(username, sport) values("TomCohen94", "soccer");
INSERT INTO sportPreference(username, sport) values("JackBanbury95", "squash");
INSERT INTO sportPreference(username, sport) values("JackBanbury95", "indoor soccer");
INSERT INTO sportPreference(username, sport) values("GraceGabrielson96", "football");
INSERT INTO sportPreference(username, sport) values("GraceGabrielson96", "ultimate frisbee");
INSERT INTO sportPreference(username, sport) values("GraceGabrielson96", "pool");
INSERT INTO sportPreference(username, sport) values("MaryGabrielson97", "football");
INSERT INTO sportPreference(username, sport) values("MaryGabrielson97", "ping pong");
INSERT INTO sportPreference(username, sport) values("MaryGabrielson97", "soccer");
INSERT INTO sportPreference(username, sport) values("MaryGabrielson97", "indoor soccer");
INSERT INTO sportPreference(username, sport) values("GraceGabrielson98", "pool");
INSERT INTO sportPreference(username, sport) values("JackMitchell99", "indoor soccer");
INSERT INTO sportPreference(username, sport) values("JackMitchell99", "soccer");
INSERT INTO sportPreference(username, sport) values("JackMitchell99", "ping pong");





INSERT INTO chat(username, gameID, message) values("JackCarter22", 1, "Just got here and its busy so we can't play. Sorry!0");
INSERT INTO chat(username, gameID, message) values("BobGoldman65", 1, "Just realized it's raining, so let's cancel?1");
INSERT INTO chat(username, gameID, message) values("AllisonRenninger33", 1, "Just realized it's raining, so let's cancel?2");
INSERT INTO chat(username, gameID, message) values("GraceMitchell35", 1, "See you all in 10.3");
INSERT INTO chat(username, gameID, message) values("MattBanbury49", 2, "Just got here and its busy so we can't play. Sorry!0");
INSERT INTO chat(username, gameID, message) values("SarahMitchell17", 2, "Just realized it's raining, so let's cancel?1");
INSERT INTO chat(username, gameID, message) values("JonathanMitchell70", 2, "Hey, I'll bring a ball!2");
INSERT INTO chat(username, gameID, message) values("IanGoldman14", 2, "We still on?3");
INSERT INTO chat(username, gameID, message) values("GraceGabrielson98", 2, "Hey, I'll bring a ball!4");
INSERT INTO chat(username, gameID, message) values("BobRenninger74", 2, "Yo we should totally listen to some dank beats while we sports5");
INSERT INTO chat(username, gameID, message) values("MarkFontenot42", 3, "I'll bring some snacks!0");
INSERT INTO chat(username, gameID, message) values("AllisonCohen60", 3, "Hey, I'll bring a ball!1");
INSERT INTO chat(username, gameID, message) values("MaryHansen61", 3, "See you all in 10.2");
INSERT INTO chat(username, gameID, message) values("IanFontenot67", 3, "Hey, I'll bring a ball!3");
INSERT INTO chat(username, gameID, message) values("MarkFontenot42", 3, "See you all in 10.4");
INSERT INTO chat(username, gameID, message) values("JonathanCarter85", 3, "Just realized it's raining, so let's cancel?5");
INSERT INTO chat(username, gameID, message) values("JohnFontenot51", 3, "Yo we should totally listen to some dank beats while we sports6");
INSERT INTO chat(username, gameID, message) values("IanRenninger29", 3, "Hey, I'll bring a ball!7");
INSERT INTO chat(username, gameID, message) values("BenRenninger75", 3, "Just got here and its busy so we can't play. Sorry!8");
INSERT INTO chat(username, gameID, message) values("MaryBanbury92", 3, "I'll bring some snacks!9");
INSERT INTO chat(username, gameID, message) values("GraceGabrielson98", 3, "We still on?10");
INSERT INTO chat(username, gameID, message) values("MarkReiss24", 3, "I'll bring some snacks!11");
INSERT INTO chat(username, gameID, message) values("AllisonRenninger52", 3, "Hey, I'll bring a ball!12");
INSERT INTO chat(username, gameID, message) values("TimmothyStenbit38", 3, "Yo we should totally listen to some dank beats while we sports13");
INSERT INTO chat(username, gameID, message) values("MarkReiss24", 3, "We still on?14");
INSERT INTO chat(username, gameID, message) values("JonathanRenninger20", 4, "Just got here and its busy so we can't play. Sorry!0");
INSERT INTO chat(username, gameID, message) values("TomSmith89", 4, "Yo we should totally listen to some dank beats while we sports1");
INSERT INTO chat(username, gameID, message) values("JohnKhan5", 5, "Ay where the dank memes at?0");
INSERT INTO chat(username, gameID, message) values("AllisonRenninger52", 5, "Ay where the dank memes at?1");
INSERT INTO chat(username, gameID, message) values("TimmothyGoldman43", 5, "We still on?2");
INSERT INTO chat(username, gameID, message) values("JohnFontenot51", 5, "Hey, I'll bring a ball!3");
INSERT INTO chat(username, gameID, message) values("GraceKhan6", 5, "Just realized it's raining, so let's cancel?4");
INSERT INTO chat(username, gameID, message) values("SarahMitchell17", 6, "I'll bring some snacks!0");
INSERT INTO chat(username, gameID, message) values("JonathanRenninger20", 6, "Just got here and its busy so we can't play. Sorry!1");
INSERT INTO chat(username, gameID, message) values("BobGoldman65", 6, "Just got here and its busy so we can't play. Sorry!2");
INSERT INTO chat(username, gameID, message) values("AllisonSmith18", 6, "Just got here and its busy so we can't play. Sorry!3");
INSERT INTO chat(username, gameID, message) values("MarkHansen36", 6, "Hey, I'll bring a ball!4");
INSERT INTO chat(username, gameID, message) values("TimmothyRenninger66", 6, "See you all in 10.5");
INSERT INTO chat(username, gameID, message) values("JenniferGabrielson54", 6, "Ay where the dank memes at?6");
INSERT INTO chat(username, gameID, message) values("IanGabrielson40", 6, "Ay where the dank memes at?7");
INSERT INTO chat(username, gameID, message) values("JohnFontenot51", 7, "Hey, I'll bring a ball!0");
INSERT INTO chat(username, gameID, message) values("JonathanGoldman11", 7, "See you all in 10.1");
INSERT INTO chat(username, gameID, message) values("MarkHansen36", 7, "Ay where the dank memes at?2");
INSERT INTO chat(username, gameID, message) values("BobRenninger74", 7, "Ay where the dank memes at?3");
INSERT INTO chat(username, gameID, message) values("TomFontenot69", 7, "Ay where the dank memes at?4");
INSERT INTO chat(username, gameID, message) values("TomKhan64", 7, "Hey, I'll bring a ball!5");
INSERT INTO chat(username, gameID, message) values("IanFontenot67", 8, "See you all in 10.0");
INSERT INTO chat(username, gameID, message) values("KatyHansen76", 8, "Yo we should totally listen to some dank beats while we sports1");
INSERT INTO chat(username, gameID, message) values("BobSmith57", 8, "Just realized it's raining, so let's cancel?2");
INSERT INTO chat(username, gameID, message) values("GraceFontenot9", 8, "I'll bring some snacks!3");
INSERT INTO chat(username, gameID, message) values("MarkStenbit80", 9, "Yo we should totally listen to some dank beats while we sports0");
INSERT INTO chat(username, gameID, message) values("GraceFontenot16", 9, "Ay where the dank memes at?1");
INSERT INTO chat(username, gameID, message) values("AllisonCohen60", 9, "Ay where the dank memes at?2");
INSERT INTO chat(username, gameID, message) values("TomBanbury50", 9, "Yo we should totally listen to some dank beats while we sports3");
INSERT INTO chat(username, gameID, message) values("BenStenbit91", 9, "We still on?4");
INSERT INTO chat(username, gameID, message) values("AllisonRenninger52", 9, "Hey, I'll bring a ball!5");
INSERT INTO chat(username, gameID, message) values("SarahFontenot87", 9, "Yo we should totally listen to some dank beats while we sports6");
INSERT INTO chat(username, gameID, message) values("JackCarter90", 9, "See you all in 10.7");
INSERT INTO chat(username, gameID, message) values("TomHansen48", 9, "Just got here and its busy so we can't play. Sorry!8");
INSERT INTO chat(username, gameID, message) values("IanGoldman14", 9, "Ay where the dank memes at?9");
INSERT INTO chat(username, gameID, message) values("IanGabrielson40", 10, "We still on?0");
INSERT INTO chat(username, gameID, message) values("JonathanMitchell70", 10, "See you all in 10.1");
INSERT INTO chat(username, gameID, message) values("TomBanbury50", 10, "Yo we should totally listen to some dank beats while we sports2");
INSERT INTO chat(username, gameID, message) values("TimmothyCarter44", 10, "Just got here and its busy so we can't play. Sorry!3");
INSERT INTO chat(username, gameID, message) values("MattBanbury12", 10, "I'll bring some snacks!4");
INSERT INTO chat(username, gameID, message) values("IanCohen32", 10, "Ay where the dank memes at?5");
INSERT INTO chat(username, gameID, message) values("JackBanbury95", 11, "We still on?0");
INSERT INTO chat(username, gameID, message) values("JenniferGabrielson54", 11, "See you all in 10.1");
INSERT INTO chat(username, gameID, message) values("JenniferGabrielson54", 11, "I'll bring some snacks!2");
INSERT INTO chat(username, gameID, message) values("TomStenbit73", 11, "Yo we should totally listen to some dank beats while we sports3");
INSERT INTO chat(username, gameID, message) values("SarahFontenot87", 12, "We still on?0");
INSERT INTO chat(username, gameID, message) values("JackBanbury37", 12, "Hey, I'll bring a ball!1");
INSERT INTO chat(username, gameID, message) values("MarkStenbit80", 12, "Just realized it's raining, so let's cancel?2");
INSERT INTO chat(username, gameID, message) values("JackBanbury37", 12, "I'll bring some snacks!3");
INSERT INTO chat(username, gameID, message) values("IanFontenot67", 12, "We still on?4");
INSERT INTO chat(username, gameID, message) values("TomFontenot69", 12, "I'll bring some snacks!5");
INSERT INTO chat(username, gameID, message) values("JackBanbury95", 12, "Ay where the dank memes at?6");
INSERT INTO chat(username, gameID, message) values("AllisonStenbit25", 12, "Ay where the dank memes at?7");
INSERT INTO chat(username, gameID, message) values("BenCarter81", 12, "I'll bring some snacks!8");
INSERT INTO chat(username, gameID, message) values("KatyJohnson41", 12, "See you all in 10.9");
INSERT INTO chat(username, gameID, message) values("JonathanRenninger20", 13, "We still on?0");
INSERT INTO chat(username, gameID, message) values("MaryHansen61", 13, "Ay where the dank memes at?1");
INSERT INTO chat(username, gameID, message) values("JonathanCarter85", 14, "See you all in 10.0");
INSERT INTO chat(username, gameID, message) values("MarkFontenot42", 14, "Hey, I'll bring a ball!1");
INSERT INTO chat(username, gameID, message) values("JackGoldman56", 14, "Just got here and its busy so we can't play. Sorry!2");
INSERT INTO chat(username, gameID, message) values("GraceGabrielson98", 14, "See you all in 10.3");
INSERT INTO chat(username, gameID, message) values("MarkReiss24", 14, "Just realized it's raining, so let's cancel?4");
INSERT INTO chat(username, gameID, message) values("IanGabrielson40", 14, "I'll bring some snacks!5");
INSERT INTO chat(username, gameID, message) values("GraceKhan1", 14, "Yo we should totally listen to some dank beats while we sports6");
INSERT INTO chat(username, gameID, message) values("BenStenbit91", 14, "Just got here and its busy so we can't play. Sorry!7");
INSERT INTO chat(username, gameID, message) values("IanGoldman14", 14, "Just got here and its busy so we can't play. Sorry!8");
INSERT INTO chat(username, gameID, message) values("GraceJohnson47", 14, "We still on?9");
INSERT INTO chat(username, gameID, message) values("BenCarter81", 15, "Ay where the dank memes at?0");
INSERT INTO chat(username, gameID, message) values("KatyJohnson41", 15, "Hey, I'll bring a ball!1");
INSERT INTO chat(username, gameID, message) values("JohnKhan5", 16, "Just realized it's raining, so let's cancel?0");
INSERT INTO chat(username, gameID, message) values("AllisonCohen78", 16, "Hey, I'll bring a ball!1");
INSERT INTO chat(username, gameID, message) values("BenReiss58", 16, "Ay where the dank memes at?2");
INSERT INTO chat(username, gameID, message) values("MaryGabrielson97", 16, "Ay where the dank memes at?3");
INSERT INTO chat(username, gameID, message) values("MarkSmith82", 17, "Just realized it's raining, so let's cancel?0");
INSERT INTO chat(username, gameID, message) values("MaryRenninger27", 17, "Just got here and its busy so we can't play. Sorry!1");
INSERT INTO chat(username, gameID, message) values("JackMitchell99", 17, "I'll bring some snacks!2");
INSERT INTO chat(username, gameID, message) values("JonathanGoldman11", 17, "Just got here and its busy so we can't play. Sorry!3");
INSERT INTO chat(username, gameID, message) values("JackBanbury95", 18, "Ay where the dank memes at?0");
INSERT INTO chat(username, gameID, message) values("JackCarter22", 18, "Just realized it's raining, so let's cancel?1");
INSERT INTO chat(username, gameID, message) values("GraceKhan1", 18, "Just realized it's raining, so let's cancel?2");
INSERT INTO chat(username, gameID, message) values("JonathanBanbury4", 18, "Just realized it's raining, so let's cancel?3");
INSERT INTO chat(username, gameID, message) values("KatyJohnson41", 18, "Just realized it's raining, so let's cancel?4");
INSERT INTO chat(username, gameID, message) values("TimmothyStenbit38", 18, "Yo we should totally listen to some dank beats while we sports5");
INSERT INTO chat(username, gameID, message) values("MaryHansen61", 19, "See you all in 10.0");
INSERT INTO chat(username, gameID, message) values("IanRenninger29", 19, "See you all in 10.1");
INSERT INTO chat(username, gameID, message) values("MattBanbury12", 19, "I'll bring some snacks!2");
INSERT INTO chat(username, gameID, message) values("JonathanBanbury4", 19, "See you all in 10.3");
INSERT INTO chat(username, gameID, message) values("AllisonStenbit25", 19, "Just realized it's raining, so let's cancel?4");
INSERT INTO chat(username, gameID, message) values("JonathanMitchell70", 19, "Ay where the dank memes at?5");
INSERT INTO chat(username, gameID, message) values("AllisonCohen78", 19, "Ay where the dank memes at?6");
INSERT INTO chat(username, gameID, message) values("JonathanBanbury4", 19, "Just got here and its busy so we can't play. Sorry!7");
INSERT INTO chat(username, gameID, message) values("JackMitchell99", 20, "Just realized it's raining, so let's cancel?0");
INSERT INTO chat(username, gameID, message) values("GraceJohnson47", 20, "Just got here and its busy so we can't play. Sorry!1");
INSERT INTO chat(username, gameID, message) values("BobSmith21", 20, "Hey, I'll bring a ball!2");
INSERT INTO chat(username, gameID, message) values("IanCohen32", 20, "See you all in 10.3");
INSERT INTO chat(username, gameID, message) values("JonathanBanbury4", 20, "Just got here and its busy so we can't play. Sorry!4");
INSERT INTO chat(username, gameID, message) values("AllisonHansen2", 20, "I'll bring some snacks!5");
INSERT INTO chat(username, gameID, message) values("TomBanbury45", 20, "Hey, I'll bring a ball!6");
INSERT INTO chat(username, gameID, message) values("MarkStenbit80", 20, "Ay where the dank memes at?7");
INSERT INTO chat(username, gameID, message) values("SarahReiss23", 21, "I'll bring some snacks!0");
INSERT INTO chat(username, gameID, message) values("TomSmith89", 21, "Yo we should totally listen to some dank beats while we sports1");
INSERT INTO chat(username, gameID, message) values("AllisonRenninger52", 21, "Hey, I'll bring a ball!2");
INSERT INTO chat(username, gameID, message) values("JackCarter90", 21, "Yo we should totally listen to some dank beats while we sports3");
INSERT INTO chat(username, gameID, message) values("TomHansen48", 21, "See you all in 10.4");
INSERT INTO chat(username, gameID, message) values("MarkSmith82", 21, "Yo we should totally listen to some dank beats while we sports5");
INSERT INTO chat(username, gameID, message) values("JackBanbury95", 21, "We still on?6");
INSERT INTO chat(username, gameID, message) values("BenStenbit91", 21, "I'll bring some snacks!7");
INSERT INTO chat(username, gameID, message) values("BobMitchell71", 22, "I'll bring some snacks!0");
INSERT INTO chat(username, gameID, message) values("AllisonCohen60", 22, "See you all in 10.1");
INSERT INTO chat(username, gameID, message) values("JonathanMitchell70", 22, "I'll bring some snacks!2");
INSERT INTO chat(username, gameID, message) values("MarkReiss24", 22, "Ay where the dank memes at?3");
INSERT INTO chat(username, gameID, message) values("BenCarter19", 22, "Ay where the dank memes at?4");
INSERT INTO chat(username, gameID, message) values("JenniferGabrielson54", 22, "See you all in 10.5");
INSERT INTO chat(username, gameID, message) values("JackMitchell99", 22, "I'll bring some snacks!6");
INSERT INTO chat(username, gameID, message) values("BenCarter19", 22, "We still on?7");
INSERT INTO chat(username, gameID, message) values("JackCarter22", 22, "Ay where the dank memes at?8");
INSERT INTO chat(username, gameID, message) values("SarahFontenot87", 22, "Hey, I'll bring a ball!9");
INSERT INTO chat(username, gameID, message) values("MattMitchell30", 22, "I'll bring some snacks!10");
INSERT INTO chat(username, gameID, message) values("MarkStenbit80", 22, "Yo we should totally listen to some dank beats while we sports11");
INSERT INTO chat(username, gameID, message) values("KatyJohnson41", 22, "Yo we should totally listen to some dank beats while we sports12");
INSERT INTO chat(username, gameID, message) values("JackFontenot0", 22, "Just got here and its busy so we can't play. Sorry!13");
INSERT INTO chat(username, gameID, message) values("JackRenninger86", 22, "Yo we should totally listen to some dank beats while we sports14");
INSERT INTO chat(username, gameID, message) values("TomBanbury50", 23, "Ay where the dank memes at?0");
INSERT INTO chat(username, gameID, message) values("SarahFontenot87", 23, "Hey, I'll bring a ball!1");
INSERT INTO chat(username, gameID, message) values("BenReiss58", 23, "Just realized it's raining, so let's cancel?2");
INSERT INTO chat(username, gameID, message) values("GraceReiss93", 23, "Just realized it's raining, so let's cancel?3");
INSERT INTO chat(username, gameID, message) values("MarkStenbit80", 23, "Just realized it's raining, so let's cancel?4");
INSERT INTO chat(username, gameID, message) values("TomBanbury50", 23, "Just got here and its busy so we can't play. Sorry!5");
INSERT INTO chat(username, gameID, message) values("GraceGabrielson96", 23, "Hey, I'll bring a ball!6");
INSERT INTO chat(username, gameID, message) values("TomFontenot69", 23, "Ay where the dank memes at?7");
INSERT INTO chat(username, gameID, message) values("MattBanbury49", 23, "Ay where the dank memes at?8");
INSERT INTO chat(username, gameID, message) values("MaryRenninger27", 23, "Just got here and its busy so we can't play. Sorry!9");
INSERT INTO chat(username, gameID, message) values("MaryHansen61", 23, "Ay where the dank memes at?10");
INSERT INTO chat(username, gameID, message) values("GraceGoldman68", 23, "Ay where the dank memes at?11");
INSERT INTO chat(username, gameID, message) values("GraceMitchell35", 23, "Just realized it's raining, so let's cancel?12");
INSERT INTO chat(username, gameID, message) values("GraceGoldman68", 23, "Hey, I'll bring a ball!13");
INSERT INTO chat(username, gameID, message) values("MaryHansen61", 23, "See you all in 10.14");
INSERT INTO chat(username, gameID, message) values("AllisonSmith18", 24, "Yo we should totally listen to some dank beats while we sports0");
INSERT INTO chat(username, gameID, message) values("AllisonHansen2", 24, "Hey, I'll bring a ball!1");
INSERT INTO chat(username, gameID, message) values("AllisonRenninger52", 24, "Yo we should totally listen to some dank beats while we sports2");
INSERT INTO chat(username, gameID, message) values("GraceGoldman68", 24, "Hey, I'll bring a ball!3");
INSERT INTO chat(username, gameID, message) values("JohnBanbury3", 24, "See you all in 10.4");
INSERT INTO chat(username, gameID, message) values("IanCohen32", 24, "Just realized it's raining, so let's cancel?5");
INSERT INTO chat(username, gameID, message) values("JackCarter90", 24, "Just got here and its busy so we can't play. Sorry!6");
INSERT INTO chat(username, gameID, message) values("TomCohen94", 24, "Just got here and its busy so we can't play. Sorry!7");
INSERT INTO chat(username, gameID, message) values("MaryCohen7", 25, "Just realized it's raining, so let's cancel?0");
INSERT INTO chat(username, gameID, message) values("TomMitchell77", 25, "Just got here and its busy so we can't play. Sorry!1");
INSERT INTO chat(username, gameID, message) values("JonathanGoldman11", 25, "I'll bring some snacks!2");
INSERT INTO chat(username, gameID, message) values("IanGabrielson40", 25, "Hey, I'll bring a ball!3");
INSERT INTO chat(username, gameID, message) values("JonathanGoldman11", 25, "See you all in 10.4");
INSERT INTO chat(username, gameID, message) values("GraceBanbury26", 25, "See you all in 10.5");
INSERT INTO chat(username, gameID, message) values("AllisonStenbit25", 25, "Yo we should totally listen to some dank beats while we sports6");
INSERT INTO chat(username, gameID, message) values("JackSmith55", 25, "Hey, I'll bring a ball!7");
INSERT INTO chat(username, gameID, message) values("AllisonCohen78", 25, "Just got here and its busy so we can't play. Sorry!8");
INSERT INTO chat(username, gameID, message) values("MattBanbury49", 25, "Hey, I'll bring a ball!9");
INSERT INTO chat(username, gameID, message) values("KatyJohnson41", 25, "See you all in 10.10");
INSERT INTO chat(username, gameID, message) values("BenStenbit91", 25, "Ay where the dank memes at?11");
INSERT INTO chat(username, gameID, message) values("JackJohnson84", 25, "Yo we should totally listen to some dank beats while we sports12");
INSERT INTO chat(username, gameID, message) values("GraceKhan1", 25, "I'll bring some snacks!13");
INSERT INTO chat(username, gameID, message) values("BenCarter81", 25, "We still on?14");
INSERT INTO chat(username, gameID, message) values("JonathanMitchell70", 26, "Just realized it's raining, so let's cancel?0");
INSERT INTO chat(username, gameID, message) values("BobRenninger74", 26, "See you all in 10.1");
INSERT INTO chat(username, gameID, message) values("BenRenninger75", 26, "See you all in 10.2");
INSERT INTO chat(username, gameID, message) values("GraceFontenot16", 26, "Just got here and its busy so we can't play. Sorry!3");
INSERT INTO chat(username, gameID, message) values("BenRenninger75", 26, "Just realized it's raining, so let's cancel?4");
INSERT INTO chat(username, gameID, message) values("MattMitchell30", 26, "Just got here and its busy so we can't play. Sorry!5");
INSERT INTO chat(username, gameID, message) values("TomBanbury45", 27, "Ay where the dank memes at?0");
INSERT INTO chat(username, gameID, message) values("MarkReiss24", 27, "We still on?1");
INSERT INTO chat(username, gameID, message) values("TomSmith89", 27, "Just got here and its busy so we can't play. Sorry!2");
INSERT INTO chat(username, gameID, message) values("JackCohen13", 27, "Hey, I'll bring a ball!3");
INSERT INTO chat(username, gameID, message) values("KatyJohnson41", 28, "Yo we should totally listen to some dank beats while we sports0");
INSERT INTO chat(username, gameID, message) values("JenniferGabrielson54", 28, "Hey, I'll bring a ball!1");
INSERT INTO chat(username, gameID, message) values("TomStenbit73", 29, "Just got here and its busy so we can't play. Sorry!0");
INSERT INTO chat(username, gameID, message) values("BobMitchell71", 29, "We still on?1");
INSERT INTO chat(username, gameID, message) values("MarkHansen36", 29, "Hey, I'll bring a ball!2");
INSERT INTO chat(username, gameID, message) values("AllisonHansen2", 29, "Yo we should totally listen to some dank beats while we sports3");
INSERT INTO chat(username, gameID, message) values("GraceReiss93", 29, "Ay where the dank memes at?4");
INSERT INTO chat(username, gameID, message) values("MattFontenot46", 29, "See you all in 10.5");
INSERT INTO chat(username, gameID, message) values("TomHansen48", 29, "Just got here and its busy so we can't play. Sorry!6");
INSERT INTO chat(username, gameID, message) values("MarkStenbit80", 29, "Just got here and its busy so we can't play. Sorry!7");
INSERT INTO chat(username, gameID, message) values("IanCohen32", 29, "I'll bring some snacks!8");
INSERT INTO chat(username, gameID, message) values("BobSmith21", 29, "I'll bring some snacks!9");
INSERT INTO chat(username, gameID, message) values("GraceBanbury59", 29, "Yo we should totally listen to some dank beats while we sports10");
INSERT INTO chat(username, gameID, message) values("JackFontenot0", 29, "We still on?11");
INSERT INTO chat(username, gameID, message) values("KatyJohnson41", 29, "Yo we should totally listen to some dank beats while we sports12");
INSERT INTO chat(username, gameID, message) values("JackCarter22", 29, "We still on?13");
INSERT INTO chat(username, gameID, message) values("IanGoldman14", 29, "Just realized it's raining, so let's cancel?14");
INSERT INTO chat(username, gameID, message) values("AllisonCohen60", 30, "Ay where the dank memes at?0");
INSERT INTO chat(username, gameID, message) values("IanGoldman14", 30, "Yo we should totally listen to some dank beats while we sports1");
INSERT INTO chat(username, gameID, message) values("TomSmith89", 31, "See you all in 10.0");
INSERT INTO chat(username, gameID, message) values("MattFontenot46", 31, "Yo we should totally listen to some dank beats while we sports1");
INSERT INTO chat(username, gameID, message) values("MarkStenbit80", 32, "Ay where the dank memes at?0");
INSERT INTO chat(username, gameID, message) values("SarahReiss23", 32, "See you all in 10.1");
INSERT INTO chat(username, gameID, message) values("MattFontenot46", 32, "Yo we should totally listen to some dank beats while we sports2");
INSERT INTO chat(username, gameID, message) values("MattSmith72", 32, "Just got here and its busy so we can't play. Sorry!3");
INSERT INTO chat(username, gameID, message) values("GraceBanbury59", 33, "We still on?0");
INSERT INTO chat(username, gameID, message) values("BobGoldman65", 33, "Just got here and its busy so we can't play. Sorry!1");
INSERT INTO chat(username, gameID, message) values("GraceGabrielson96", 33, "Ay where the dank memes at?2");
INSERT INTO chat(username, gameID, message) values("GraceReiss93", 33, "See you all in 10.3");
INSERT INTO chat(username, gameID, message) values("JohnFontenot51", 33, "I'll bring some snacks!4");
INSERT INTO chat(username, gameID, message) values("SarahReiss23", 33, "Just got here and its busy so we can't play. Sorry!5");
INSERT INTO chat(username, gameID, message) values("TomSmith89", 33, "We still on?6");
INSERT INTO chat(username, gameID, message) values("MaryCohen7", 33, "Ay where the dank memes at?7");
INSERT INTO chat(username, gameID, message) values("BobGoldman65", 33, "See you all in 10.8");
INSERT INTO chat(username, gameID, message) values("GraceBanbury59", 33, "I'll bring some snacks!9");
INSERT INTO chat(username, gameID, message) values("GraceKhan6", 33, "Hey, I'll bring a ball!10");
INSERT INTO chat(username, gameID, message) values("JackCarter22", 33, "I'll bring some snacks!11");
INSERT INTO chat(username, gameID, message) values("IanGoldman14", 33, "Yo we should totally listen to some dank beats while we sports12");
INSERT INTO chat(username, gameID, message) values("TimmothyGoldman43", 33, "Yo we should totally listen to some dank beats while we sports13");
INSERT INTO chat(username, gameID, message) values("SarahReiss23", 33, "See you all in 10.14");
INSERT INTO chat(username, gameID, message) values("SarahFontenot87", 34, "Just got here and its busy so we can't play. Sorry!0");
INSERT INTO chat(username, gameID, message) values("BobRenninger74", 34, "I'll bring some snacks!1");
INSERT INTO chat(username, gameID, message) values("JackJohnson84", 34, "See you all in 10.2");
INSERT INTO chat(username, gameID, message) values("MarkHansen36", 34, "I'll bring some snacks!3");
INSERT INTO chat(username, gameID, message) values("TomSmith8", 34, "Ay where the dank memes at?4");
INSERT INTO chat(username, gameID, message) values("GraceGabrielson98", 34, "See you all in 10.5");
INSERT INTO chat(username, gameID, message) values("GraceKhan6", 34, "Ay where the dank memes at?6");
INSERT INTO chat(username, gameID, message) values("MaryCohen7", 34, "We still on?7");
INSERT INTO chat(username, gameID, message) values("GraceBanbury26", 35, "Yo we should totally listen to some dank beats while we sports0");
INSERT INTO chat(username, gameID, message) values("JackFontenot10", 35, "Just got here and its busy so we can't play. Sorry!1");
INSERT INTO chat(username, gameID, message) values("TomKhan64", 35, "Just realized it's raining, so let's cancel?2");
INSERT INTO chat(username, gameID, message) values("BobCarter34", 35, "Yo we should totally listen to some dank beats while we sports3");
INSERT INTO chat(username, gameID, message) values("BenRenninger75", 35, "See you all in 10.4");
INSERT INTO chat(username, gameID, message) values("JonathanRenninger20", 36, "Just realized it's raining, so let's cancel?0");
INSERT INTO chat(username, gameID, message) values("TimmothyCarter31", 36, "I'll bring some snacks!1");
INSERT INTO chat(username, gameID, message) values("MattCohen28", 36, "Just realized it's raining, so let's cancel?2");
INSERT INTO chat(username, gameID, message) values("TomMitchell77", 36, "See you all in 10.3");
INSERT INTO chat(username, gameID, message) values("MaryHansen61", 37, "Just realized it's raining, so let's cancel?0");
INSERT INTO chat(username, gameID, message) values("JackJohnson84", 37, "We still on?1");
INSERT INTO chat(username, gameID, message) values("TimmothyRenninger66", 37, "We still on?2");
INSERT INTO chat(username, gameID, message) values("BenRenninger75", 37, "Ay where the dank memes at?3");
INSERT INTO chat(username, gameID, message) values("IanGoldman14", 37, "I'll bring some snacks!4");
INSERT INTO chat(username, gameID, message) values("JonathanRenninger20", 37, "Ay where the dank memes at?5");
INSERT INTO chat(username, gameID, message) values("BenCarter19", 38, "I'll bring some snacks!0");
INSERT INTO chat(username, gameID, message) values("JonathanGoldman11", 38, "See you all in 10.1");
INSERT INTO chat(username, gameID, message) values("JackCarter22", 38, "Yo we should totally listen to some dank beats while we sports2");
INSERT INTO chat(username, gameID, message) values("JackMitchell99", 38, "Yo we should totally listen to some dank beats while we sports3");
INSERT INTO chat(username, gameID, message) values("MaryCohen7", 38, "I'll bring some snacks!4");
INSERT INTO chat(username, gameID, message) values("BobRenninger74", 39, "Just realized it's raining, so let's cancel?0");
INSERT INTO chat(username, gameID, message) values("JackCarter90", 39, "Yo we should totally listen to some dank beats while we sports1");
INSERT INTO chat(username, gameID, message) values("JackFontenot10", 40, "I'll bring some snacks!0");
INSERT INTO chat(username, gameID, message) values("JackFontenot0", 40, "Just realized it's raining, so let's cancel?1");
INSERT INTO chat(username, gameID, message) values("TomHansen48", 40, "We still on?2");
INSERT INTO chat(username, gameID, message) values("GraceKhan1", 40, "Just got here and its busy so we can't play. Sorry!3");
INSERT INTO chat(username, gameID, message) values("TomSmith89", 40, "Ay where the dank memes at?4");
INSERT INTO chat(username, gameID, message) values("IanFontenot67", 41, "See you all in 10.0");
INSERT INTO chat(username, gameID, message) values("SarahFontenot87", 41, "Yo we should totally listen to some dank beats while we sports1");
INSERT INTO chat(username, gameID, message) values("AllisonCohen78", 41, "Just realized it's raining, so let's cancel?2");
INSERT INTO chat(username, gameID, message) values("JackCarter90", 41, "Just realized it's raining, so let's cancel?3");
INSERT INTO chat(username, gameID, message) values("MaryGabrielson97", 42, "Ay where the dank memes at?0");
INSERT INTO chat(username, gameID, message) values("BobMitchell71", 42, "See you all in 10.1");
INSERT INTO chat(username, gameID, message) values("MaryRenninger27", 43, "I'll bring some snacks!0");
INSERT INTO chat(username, gameID, message) values("MaryHansen61", 43, "I'll bring some snacks!1");
INSERT INTO chat(username, gameID, message) values("GraceBanbury59", 43, "Yo we should totally listen to some dank beats while we sports2");
INSERT INTO chat(username, gameID, message) values("JackBanbury95", 43, "I'll bring some snacks!3");
INSERT INTO chat(username, gameID, message) values("GraceKhan1", 44, "I'll bring some snacks!0");
INSERT INTO chat(username, gameID, message) values("JackMitchell53", 44, "Just got here and its busy so we can't play. Sorry!1");
INSERT INTO chat(username, gameID, message) values("KatyJohnson41", 44, "See you all in 10.2");
INSERT INTO chat(username, gameID, message) values("JackRenninger86", 44, "See you all in 10.3");
INSERT INTO chat(username, gameID, message) values("AllisonRenninger33", 44, "Just realized it's raining, so let's cancel?4");
INSERT INTO chat(username, gameID, message) values("JackRenninger86", 44, "We still on?5");
INSERT INTO chat(username, gameID, message) values("TomSmith8", 44, "I'll bring some snacks!6");
INSERT INTO chat(username, gameID, message) values("JohnKhan5", 44, "Just realized it's raining, so let's cancel?7");
INSERT INTO chat(username, gameID, message) values("AllisonHansen2", 44, "Yo we should totally listen to some dank beats while we sports8");
INSERT INTO chat(username, gameID, message) values("JackRenninger86", 44, "Yo we should totally listen to some dank beats while we sports9");
INSERT INTO chat(username, gameID, message) values("MaryBanbury92", 45, "See you all in 10.0");
INSERT INTO chat(username, gameID, message) values("GraceGoldman68", 45, "I'll bring some snacks!1");
INSERT INTO chat(username, gameID, message) values("KatyHansen76", 45, "We still on?2");
INSERT INTO chat(username, gameID, message) values("TimmothyCarter31", 45, "See you all in 10.3");
INSERT INTO chat(username, gameID, message) values("BobMitchell71", 45, "See you all in 10.4");
INSERT INTO chat(username, gameID, message) values("BenRenninger75", 45, "See you all in 10.5");
INSERT INTO chat(username, gameID, message) values("TomSmith8", 45, "See you all in 10.6");
INSERT INTO chat(username, gameID, message) values("JackGoldman56", 45, "Hey, I'll bring a ball!7");
INSERT INTO chat(username, gameID, message) values("JenniferFontenot83", 45, "Ay where the dank memes at?8");
INSERT INTO chat(username, gameID, message) values("JackCarter90", 45, "Ay where the dank memes at?9");
INSERT INTO chat(username, gameID, message) values("MattSmith72", 45, "Just realized it's raining, so let's cancel?10");
INSERT INTO chat(username, gameID, message) values("TomKhan64", 45, "Yo we should totally listen to some dank beats while we sports11");
INSERT INTO chat(username, gameID, message) values("KatyJohnson41", 45, "I'll bring some snacks!12");
INSERT INTO chat(username, gameID, message) values("JackJohnson84", 45, "I'll bring some snacks!13");
INSERT INTO chat(username, gameID, message) values("TomStenbit73", 45, "Ay where the dank memes at?14");
INSERT INTO chat(username, gameID, message) values("MattBanbury12", 46, "Just realized it's raining, so let's cancel?0");
INSERT INTO chat(username, gameID, message) values("MaryHansen61", 46, "I'll bring some snacks!1");
INSERT INTO chat(username, gameID, message) values("GraceKhan6", 47, "Just got here and its busy so we can't play. Sorry!0");
INSERT INTO chat(username, gameID, message) values("GraceGoldman68", 47, "Ay where the dank memes at?1");
INSERT INTO chat(username, gameID, message) values("IanFontenot67", 47, "I'll bring some snacks!2");
INSERT INTO chat(username, gameID, message) values("BobSmith57", 47, "Yo we should totally listen to some dank beats while we sports3");
INSERT INTO chat(username, gameID, message) values("GraceBanbury59", 48, "Yo we should totally listen to some dank beats while we sports0");
INSERT INTO chat(username, gameID, message) values("GraceGabrielson96", 48, "Hey, I'll bring a ball!1");
INSERT INTO chat(username, gameID, message) values("JohnFontenot51", 48, "See you all in 10.2");
INSERT INTO chat(username, gameID, message) values("JackBanbury95", 48, "Just got here and its busy so we can't play. Sorry!3");
INSERT INTO chat(username, gameID, message) values("IanFontenot67", 48, "Yo we should totally listen to some dank beats while we sports4");
INSERT INTO chat(username, gameID, message) values("JackBanbury37", 49, "Ay where the dank memes at?0");
INSERT INTO chat(username, gameID, message) values("MaryCohen7", 49, "Just got here and its busy so we can't play. Sorry!1");
INSERT INTO chat(username, gameID, message) values("MarkFontenot42", 49, "See you all in 10.2");
INSERT INTO chat(username, gameID, message) values("IanGoldman14", 49, "Just realized it's raining, so let's cancel?3");
INSERT INTO chat(username, gameID, message) values("MattFontenot46", 49, "I'll bring some snacks!4");
INSERT INTO chat(username, gameID, message) values("MattSmith72", 49, "See you all in 10.5");
INSERT INTO chat(username, gameID, message) values("JohnFontenot51", 49, "Just realized it's raining, so let's cancel?6");
INSERT INTO chat(username, gameID, message) values("AllisonCohen60", 49, "I'll bring some snacks!7");
INSERT INTO chat(username, gameID, message) values("TomStenbit73", 49, "Hey, I'll bring a ball!8");
INSERT INTO chat(username, gameID, message) values("MarkReiss24", 49, "Yo we should totally listen to some dank beats while we sports9");
INSERT INTO chat(username, gameID, message) values("JackJohnson84", 49, "I'll bring some snacks!10");
INSERT INTO chat(username, gameID, message) values("JohnKhan5", 49, "See you all in 10.11");
INSERT INTO chat(username, gameID, message) values("JackSmith55", 49, "Yo we should totally listen to some dank beats while we sports12");
INSERT INTO chat(username, gameID, message) values("JackGoldman62", 49, "Ay where the dank memes at?13");
INSERT INTO chat(username, gameID, message) values("BobCarter34", 49, "I'll bring some snacks!14");
INSERT INTO chat(username, gameID, message) values("BobGoldman65", 50, "See you all in 10.0");
INSERT INTO chat(username, gameID, message) values("GraceBanbury26", 50, "I'll bring some snacks!1");
INSERT INTO chat(username, gameID, message) values("IanGoldman14", 50, "We still on?2");
INSERT INTO chat(username, gameID, message) values("KatyJohnson41", 50, "I'll bring some snacks!3");
INSERT INTO chat(username, gameID, message) values("GraceReiss93", 50, "We still on?4");
INSERT INTO chat(username, gameID, message) values("MattBanbury12", 50, "Just got here and its busy so we can't play. Sorry!5");
