DROP DATABASE IF EXISTS pickup;

CREATE DATABASE pickup;

USE pickup;

CREATE TABLE user(
name VARCHAR(100),
id INT auto_increment PRIMARY KEY,
salt VARCHAR(256),
hash VARCHAR(64),
email VARCHAR(100)
);

CREATE TABLE login(
login DATETIME,
username VARCHAR(100),
PRIMARY KEY(login, username)
);

CREATE TABLE session(
username VARCHAR(100),
sessionKey VARCHAR(256)
);

CREATE TABLE chat(
username VARCHAR(100),
gameID INT,
message VARCHAR(1000),
time TIME,
PRIMARY KEY(username, gameID, time)
);

CREATE TABLE friend(
friender VARCHAR(100),
friendee VARCHAR(100),
PRIMARY KEY(friender, friendee)
);

CREATE TABLE sportPreference(
username VARCHAR(100),
sport VARCHAR(100),
PRIMARY KEY(username, sport)
);

CREATE TABLE game(
id INT PRIMARY KEY auto_increment,
sport VARCHAR(100),
time TIME,
date DATE,
playerCount INT,
location VARCHAR(100),
full TINYINT
);

CREATE TABLE enlist(
playerName VARCHAR(100),
gameID INT,
PRIMARY KEY(playerName, gameID)
);



INSERT INTO user(name, salt, hash) values("AllisonCarter0","1jo5OFAVDpC6xaEgt8sSuHcOSzo1SnkEVF5jHwD39SJegUlvz8nBLNeJBK6StVPCKzNNxUpOToQojUW304fW5gjniSqWejeBxo6Xtlgb0qIWW4vYoRYIIPRph8YwiW1mSxZ6sahYlfruDA52wtwPw82I9EVnEul7jRMbbFGFD2NDNW3AinEFt5sqMa84tKK0V9JJyRe4FY7yFTOVjSMV41WF2srbI3k0QVGoEaQ7r0tijCBnXil4QVwQ0ya1FW3g","e48856bbdbbb68291a2059fd540961ca213ee5b20b91a7a26bb8b59ae4b052b5");
INSERT INTO user(name, salt, hash) values("JohnCarter1","1jo5OFAVDpC6xaEgt8sSuHcOSzo1SnkEVF5jHwD39SJegUlvz8nBLNeJBK6StVPCKzNNxUpOToQojUW304fW5gjniSqWejeBxo6Xtlgb0qIWW4vYoRYIIPRph8YwiW1mSxZ6sahYlfruDA52wtwPw82I9EVnEul7jRMbbFGFD2NDNW3AinEFt5sqMa84tKK0V9JJyRe4FY7yFTOVjSMV41WF2srbI3k0QVGoEaQ7r0tijCBnXil4QVwQ0ya1FW3g","e48856bbdbbb68291a2059fd540961ca213ee5b20b91a7a26bb8b59ae4b052b5");
INSERT INTO user(name, salt, hash) values("GraceHansen2","1jo5OFAVDpC6xaEgt8sSuHcOSzo1SnkEVF5jHwD39SJegUlvz8nBLNeJBK6StVPCKzNNxUpOToQojUW304fW5gjniSqWejeBxo6Xtlgb0qIWW4vYoRYIIPRph8YwiW1mSxZ6sahYlfruDA52wtwPw82I9EVnEul7jRMbbFGFD2NDNW3AinEFt5sqMa84tKK0V9JJyRe4FY7yFTOVjSMV41WF2srbI3k0QVGoEaQ7r0tijCBnXil4QVwQ0ya1FW3g","e48856bbdbbb68291a2059fd540961ca213ee5b20b91a7a26bb8b59ae4b052b5");
INSERT INTO user(name, salt, hash) values("BenBanbury3","1jo5OFAVDpC6xaEgt8sSuHcOSzo1SnkEVF5jHwD39SJegUlvz8nBLNeJBK6StVPCKzNNxUpOToQojUW304fW5gjniSqWejeBxo6Xtlgb0qIWW4vYoRYIIPRph8YwiW1mSxZ6sahYlfruDA52wtwPw82I9EVnEul7jRMbbFGFD2NDNW3AinEFt5sqMa84tKK0V9JJyRe4FY7yFTOVjSMV41WF2srbI3k0QVGoEaQ7r0tijCBnXil4QVwQ0ya1FW3g","e48856bbdbbb68291a2059fd540961ca213ee5b20b91a7a26bb8b59ae4b052b5");
INSERT INTO user(name, salt, hash) values("JonathanCohen4","1jo5OFAVDpC6xaEgt8sSuHcOSzo1SnkEVF5jHwD39SJegUlvz8nBLNeJBK6StVPCKzNNxUpOToQojUW304fW5gjniSqWejeBxo6Xtlgb0qIWW4vYoRYIIPRph8YwiW1mSxZ6sahYlfruDA52wtwPw82I9EVnEul7jRMbbFGFD2NDNW3AinEFt5sqMa84tKK0V9JJyRe4FY7yFTOVjSMV41WF2srbI3k0QVGoEaQ7r0tijCBnXil4QVwQ0ya1FW3g","e48856bbdbbb68291a2059fd540961ca213ee5b20b91a7a26bb8b59ae4b052b5");
INSERT INTO user(name, salt, hash) values("KatyRenninger5","1jo5OFAVDpC6xaEgt8sSuHcOSzo1SnkEVF5jHwD39SJegUlvz8nBLNeJBK6StVPCKzNNxUpOToQojUW304fW5gjniSqWejeBxo6Xtlgb0qIWW4vYoRYIIPRph8YwiW1mSxZ6sahYlfruDA52wtwPw82I9EVnEul7jRMbbFGFD2NDNW3AinEFt5sqMa84tKK0V9JJyRe4FY7yFTOVjSMV41WF2srbI3k0QVGoEaQ7r0tijCBnXil4QVwQ0ya1FW3g","e48856bbdbbb68291a2059fd540961ca213ee5b20b91a7a26bb8b59ae4b052b5");
INSERT INTO user(name, salt, hash) values("JackJohnson6","1jo5OFAVDpC6xaEgt8sSuHcOSzo1SnkEVF5jHwD39SJegUlvz8nBLNeJBK6StVPCKzNNxUpOToQojUW304fW5gjniSqWejeBxo6Xtlgb0qIWW4vYoRYIIPRph8YwiW1mSxZ6sahYlfruDA52wtwPw82I9EVnEul7jRMbbFGFD2NDNW3AinEFt5sqMa84tKK0V9JJyRe4FY7yFTOVjSMV41WF2srbI3k0QVGoEaQ7r0tijCBnXil4QVwQ0ya1FW3g","e48856bbdbbb68291a2059fd540961ca213ee5b20b91a7a26bb8b59ae4b052b5");
INSERT INTO user(name, salt, hash) values("TomFontenot7","1jo5OFAVDpC6xaEgt8sSuHcOSzo1SnkEVF5jHwD39SJegUlvz8nBLNeJBK6StVPCKzNNxUpOToQojUW304fW5gjniSqWejeBxo6Xtlgb0qIWW4vYoRYIIPRph8YwiW1mSxZ6sahYlfruDA52wtwPw82I9EVnEul7jRMbbFGFD2NDNW3AinEFt5sqMa84tKK0V9JJyRe4FY7yFTOVjSMV41WF2srbI3k0QVGoEaQ7r0tijCBnXil4QVwQ0ya1FW3g","e48856bbdbbb68291a2059fd540961ca213ee5b20b91a7a26bb8b59ae4b052b5");
INSERT INTO user(name, salt, hash) values("AllisonMitchell8","1jo5OFAVDpC6xaEgt8sSuHcOSzo1SnkEVF5jHwD39SJegUlvz8nBLNeJBK6StVPCKzNNxUpOToQojUW304fW5gjniSqWejeBxo6Xtlgb0qIWW4vYoRYIIPRph8YwiW1mSxZ6sahYlfruDA52wtwPw82I9EVnEul7jRMbbFGFD2NDNW3AinEFt5sqMa84tKK0V9JJyRe4FY7yFTOVjSMV41WF2srbI3k0QVGoEaQ7r0tijCBnXil4QVwQ0ya1FW3g","e48856bbdbbb68291a2059fd540961ca213ee5b20b91a7a26bb8b59ae4b052b5");
INSERT INTO user(name, salt, hash) values("JohnFontenot9","1jo5OFAVDpC6xaEgt8sSuHcOSzo1SnkEVF5jHwD39SJegUlvz8nBLNeJBK6StVPCKzNNxUpOToQojUW304fW5gjniSqWejeBxo6Xtlgb0qIWW4vYoRYIIPRph8YwiW1mSxZ6sahYlfruDA52wtwPw82I9EVnEul7jRMbbFGFD2NDNW3AinEFt5sqMa84tKK0V9JJyRe4FY7yFTOVjSMV41WF2srbI3k0QVGoEaQ7r0tijCBnXil4QVwQ0ya1FW3g","e48856bbdbbb68291a2059fd540961ca213ee5b20b91a7a26bb8b59ae4b052b5");
INSERT INTO user(name, salt, hash) values("IanReiss10","1jo5OFAVDpC6xaEgt8sSuHcOSzo1SnkEVF5jHwD39SJegUlvz8nBLNeJBK6StVPCKzNNxUpOToQojUW304fW5gjniSqWejeBxo6Xtlgb0qIWW4vYoRYIIPRph8YwiW1mSxZ6sahYlfruDA52wtwPw82I9EVnEul7jRMbbFGFD2NDNW3AinEFt5sqMa84tKK0V9JJyRe4FY7yFTOVjSMV41WF2srbI3k0QVGoEaQ7r0tijCBnXil4QVwQ0ya1FW3g","e48856bbdbbb68291a2059fd540961ca213ee5b20b91a7a26bb8b59ae4b052b5");
INSERT INTO user(name, salt, hash) values("MarkKhan11","1jo5OFAVDpC6xaEgt8sSuHcOSzo1SnkEVF5jHwD39SJegUlvz8nBLNeJBK6StVPCKzNNxUpOToQojUW304fW5gjniSqWejeBxo6Xtlgb0qIWW4vYoRYIIPRph8YwiW1mSxZ6sahYlfruDA52wtwPw82I9EVnEul7jRMbbFGFD2NDNW3AinEFt5sqMa84tKK0V9JJyRe4FY7yFTOVjSMV41WF2srbI3k0QVGoEaQ7r0tijCBnXil4QVwQ0ya1FW3g","e48856bbdbbb68291a2059fd540961ca213ee5b20b91a7a26bb8b59ae4b052b5");
INSERT INTO user(name, salt, hash) values("MarkGoldman12","1jo5OFAVDpC6xaEgt8sSuHcOSzo1SnkEVF5jHwD39SJegUlvz8nBLNeJBK6StVPCKzNNxUpOToQojUW304fW5gjniSqWejeBxo6Xtlgb0qIWW4vYoRYIIPRph8YwiW1mSxZ6sahYlfruDA52wtwPw82I9EVnEul7jRMbbFGFD2NDNW3AinEFt5sqMa84tKK0V9JJyRe4FY7yFTOVjSMV41WF2srbI3k0QVGoEaQ7r0tijCBnXil4QVwQ0ya1FW3g","e48856bbdbbb68291a2059fd540961ca213ee5b20b91a7a26bb8b59ae4b052b5");
INSERT INTO user(name, salt, hash) values("SarahRenninger13","1jo5OFAVDpC6xaEgt8sSuHcOSzo1SnkEVF5jHwD39SJegUlvz8nBLNeJBK6StVPCKzNNxUpOToQojUW304fW5gjniSqWejeBxo6Xtlgb0qIWW4vYoRYIIPRph8YwiW1mSxZ6sahYlfruDA52wtwPw82I9EVnEul7jRMbbFGFD2NDNW3AinEFt5sqMa84tKK0V9JJyRe4FY7yFTOVjSMV41WF2srbI3k0QVGoEaQ7r0tijCBnXil4QVwQ0ya1FW3g","e48856bbdbbb68291a2059fd540961ca213ee5b20b91a7a26bb8b59ae4b052b5");
INSERT INTO user(name, salt, hash) values("IanMitchell14","1jo5OFAVDpC6xaEgt8sSuHcOSzo1SnkEVF5jHwD39SJegUlvz8nBLNeJBK6StVPCKzNNxUpOToQojUW304fW5gjniSqWejeBxo6Xtlgb0qIWW4vYoRYIIPRph8YwiW1mSxZ6sahYlfruDA52wtwPw82I9EVnEul7jRMbbFGFD2NDNW3AinEFt5sqMa84tKK0V9JJyRe4FY7yFTOVjSMV41WF2srbI3k0QVGoEaQ7r0tijCBnXil4QVwQ0ya1FW3g","e48856bbdbbb68291a2059fd540961ca213ee5b20b91a7a26bb8b59ae4b052b5");
INSERT INTO user(name, salt, hash) values("BenCarter15","1jo5OFAVDpC6xaEgt8sSuHcOSzo1SnkEVF5jHwD39SJegUlvz8nBLNeJBK6StVPCKzNNxUpOToQojUW304fW5gjniSqWejeBxo6Xtlgb0qIWW4vYoRYIIPRph8YwiW1mSxZ6sahYlfruDA52wtwPw82I9EVnEul7jRMbbFGFD2NDNW3AinEFt5sqMa84tKK0V9JJyRe4FY7yFTOVjSMV41WF2srbI3k0QVGoEaQ7r0tijCBnXil4QVwQ0ya1FW3g","e48856bbdbbb68291a2059fd540961ca213ee5b20b91a7a26bb8b59ae4b052b5");
INSERT INTO user(name, salt, hash) values("MaryCohen16","1jo5OFAVDpC6xaEgt8sSuHcOSzo1SnkEVF5jHwD39SJegUlvz8nBLNeJBK6StVPCKzNNxUpOToQojUW304fW5gjniSqWejeBxo6Xtlgb0qIWW4vYoRYIIPRph8YwiW1mSxZ6sahYlfruDA52wtwPw82I9EVnEul7jRMbbFGFD2NDNW3AinEFt5sqMa84tKK0V9JJyRe4FY7yFTOVjSMV41WF2srbI3k0QVGoEaQ7r0tijCBnXil4QVwQ0ya1FW3g","e48856bbdbbb68291a2059fd540961ca213ee5b20b91a7a26bb8b59ae4b052b5");
INSERT INTO user(name, salt, hash) values("IanHansen17","1jo5OFAVDpC6xaEgt8sSuHcOSzo1SnkEVF5jHwD39SJegUlvz8nBLNeJBK6StVPCKzNNxUpOToQojUW304fW5gjniSqWejeBxo6Xtlgb0qIWW4vYoRYIIPRph8YwiW1mSxZ6sahYlfruDA52wtwPw82I9EVnEul7jRMbbFGFD2NDNW3AinEFt5sqMa84tKK0V9JJyRe4FY7yFTOVjSMV41WF2srbI3k0QVGoEaQ7r0tijCBnXil4QVwQ0ya1FW3g","e48856bbdbbb68291a2059fd540961ca213ee5b20b91a7a26bb8b59ae4b052b5");
INSERT INTO user(name, salt, hash) values("BobGabrielson18","1jo5OFAVDpC6xaEgt8sSuHcOSzo1SnkEVF5jHwD39SJegUlvz8nBLNeJBK6StVPCKzNNxUpOToQojUW304fW5gjniSqWejeBxo6Xtlgb0qIWW4vYoRYIIPRph8YwiW1mSxZ6sahYlfruDA52wtwPw82I9EVnEul7jRMbbFGFD2NDNW3AinEFt5sqMa84tKK0V9JJyRe4FY7yFTOVjSMV41WF2srbI3k0QVGoEaQ7r0tijCBnXil4QVwQ0ya1FW3g","e48856bbdbbb68291a2059fd540961ca213ee5b20b91a7a26bb8b59ae4b052b5");
INSERT INTO user(name, salt, hash) values("IanGabrielson19","1jo5OFAVDpC6xaEgt8sSuHcOSzo1SnkEVF5jHwD39SJegUlvz8nBLNeJBK6StVPCKzNNxUpOToQojUW304fW5gjniSqWejeBxo6Xtlgb0qIWW4vYoRYIIPRph8YwiW1mSxZ6sahYlfruDA52wtwPw82I9EVnEul7jRMbbFGFD2NDNW3AinEFt5sqMa84tKK0V9JJyRe4FY7yFTOVjSMV41WF2srbI3k0QVGoEaQ7r0tijCBnXil4QVwQ0ya1FW3g","e48856bbdbbb68291a2059fd540961ca213ee5b20b91a7a26bb8b59ae4b052b5");
INSERT INTO user(name, salt, hash) values("MaryJohnson20","1jo5OFAVDpC6xaEgt8sSuHcOSzo1SnkEVF5jHwD39SJegUlvz8nBLNeJBK6StVPCKzNNxUpOToQojUW304fW5gjniSqWejeBxo6Xtlgb0qIWW4vYoRYIIPRph8YwiW1mSxZ6sahYlfruDA52wtwPw82I9EVnEul7jRMbbFGFD2NDNW3AinEFt5sqMa84tKK0V9JJyRe4FY7yFTOVjSMV41WF2srbI3k0QVGoEaQ7r0tijCBnXil4QVwQ0ya1FW3g","e48856bbdbbb68291a2059fd540961ca213ee5b20b91a7a26bb8b59ae4b052b5");
INSERT INTO user(name, salt, hash) values("JackFontenot21","1jo5OFAVDpC6xaEgt8sSuHcOSzo1SnkEVF5jHwD39SJegUlvz8nBLNeJBK6StVPCKzNNxUpOToQojUW304fW5gjniSqWejeBxo6Xtlgb0qIWW4vYoRYIIPRph8YwiW1mSxZ6sahYlfruDA52wtwPw82I9EVnEul7jRMbbFGFD2NDNW3AinEFt5sqMa84tKK0V9JJyRe4FY7yFTOVjSMV41WF2srbI3k0QVGoEaQ7r0tijCBnXil4QVwQ0ya1FW3g","e48856bbdbbb68291a2059fd540961ca213ee5b20b91a7a26bb8b59ae4b052b5");
INSERT INTO user(name, salt, hash) values("BobCohen22","1jo5OFAVDpC6xaEgt8sSuHcOSzo1SnkEVF5jHwD39SJegUlvz8nBLNeJBK6StVPCKzNNxUpOToQojUW304fW5gjniSqWejeBxo6Xtlgb0qIWW4vYoRYIIPRph8YwiW1mSxZ6sahYlfruDA52wtwPw82I9EVnEul7jRMbbFGFD2NDNW3AinEFt5sqMa84tKK0V9JJyRe4FY7yFTOVjSMV41WF2srbI3k0QVGoEaQ7r0tijCBnXil4QVwQ0ya1FW3g","e48856bbdbbb68291a2059fd540961ca213ee5b20b91a7a26bb8b59ae4b052b5");
INSERT INTO user(name, salt, hash) values("JonathanCohen23","1jo5OFAVDpC6xaEgt8sSuHcOSzo1SnkEVF5jHwD39SJegUlvz8nBLNeJBK6StVPCKzNNxUpOToQojUW304fW5gjniSqWejeBxo6Xtlgb0qIWW4vYoRYIIPRph8YwiW1mSxZ6sahYlfruDA52wtwPw82I9EVnEul7jRMbbFGFD2NDNW3AinEFt5sqMa84tKK0V9JJyRe4FY7yFTOVjSMV41WF2srbI3k0QVGoEaQ7r0tijCBnXil4QVwQ0ya1FW3g","e48856bbdbbb68291a2059fd540961ca213ee5b20b91a7a26bb8b59ae4b052b5");
INSERT INTO user(name, salt, hash) values("TomCarter24","1jo5OFAVDpC6xaEgt8sSuHcOSzo1SnkEVF5jHwD39SJegUlvz8nBLNeJBK6StVPCKzNNxUpOToQojUW304fW5gjniSqWejeBxo6Xtlgb0qIWW4vYoRYIIPRph8YwiW1mSxZ6sahYlfruDA52wtwPw82I9EVnEul7jRMbbFGFD2NDNW3AinEFt5sqMa84tKK0V9JJyRe4FY7yFTOVjSMV41WF2srbI3k0QVGoEaQ7r0tijCBnXil4QVwQ0ya1FW3g","e48856bbdbbb68291a2059fd540961ca213ee5b20b91a7a26bb8b59ae4b052b5");
INSERT INTO user(name, salt, hash) values("BobHansen25","1jo5OFAVDpC6xaEgt8sSuHcOSzo1SnkEVF5jHwD39SJegUlvz8nBLNeJBK6StVPCKzNNxUpOToQojUW304fW5gjniSqWejeBxo6Xtlgb0qIWW4vYoRYIIPRph8YwiW1mSxZ6sahYlfruDA52wtwPw82I9EVnEul7jRMbbFGFD2NDNW3AinEFt5sqMa84tKK0V9JJyRe4FY7yFTOVjSMV41WF2srbI3k0QVGoEaQ7r0tijCBnXil4QVwQ0ya1FW3g","e48856bbdbbb68291a2059fd540961ca213ee5b20b91a7a26bb8b59ae4b052b5");
INSERT INTO user(name, salt, hash) values("JohnMitchell26","1jo5OFAVDpC6xaEgt8sSuHcOSzo1SnkEVF5jHwD39SJegUlvz8nBLNeJBK6StVPCKzNNxUpOToQojUW304fW5gjniSqWejeBxo6Xtlgb0qIWW4vYoRYIIPRph8YwiW1mSxZ6sahYlfruDA52wtwPw82I9EVnEul7jRMbbFGFD2NDNW3AinEFt5sqMa84tKK0V9JJyRe4FY7yFTOVjSMV41WF2srbI3k0QVGoEaQ7r0tijCBnXil4QVwQ0ya1FW3g","e48856bbdbbb68291a2059fd540961ca213ee5b20b91a7a26bb8b59ae4b052b5");
INSERT INTO user(name, salt, hash) values("SarahSmith27","1jo5OFAVDpC6xaEgt8sSuHcOSzo1SnkEVF5jHwD39SJegUlvz8nBLNeJBK6StVPCKzNNxUpOToQojUW304fW5gjniSqWejeBxo6Xtlgb0qIWW4vYoRYIIPRph8YwiW1mSxZ6sahYlfruDA52wtwPw82I9EVnEul7jRMbbFGFD2NDNW3AinEFt5sqMa84tKK0V9JJyRe4FY7yFTOVjSMV41WF2srbI3k0QVGoEaQ7r0tijCBnXil4QVwQ0ya1FW3g","e48856bbdbbb68291a2059fd540961ca213ee5b20b91a7a26bb8b59ae4b052b5");
INSERT INTO user(name, salt, hash) values("MaryRenninger28","1jo5OFAVDpC6xaEgt8sSuHcOSzo1SnkEVF5jHwD39SJegUlvz8nBLNeJBK6StVPCKzNNxUpOToQojUW304fW5gjniSqWejeBxo6Xtlgb0qIWW4vYoRYIIPRph8YwiW1mSxZ6sahYlfruDA52wtwPw82I9EVnEul7jRMbbFGFD2NDNW3AinEFt5sqMa84tKK0V9JJyRe4FY7yFTOVjSMV41WF2srbI3k0QVGoEaQ7r0tijCBnXil4QVwQ0ya1FW3g","e48856bbdbbb68291a2059fd540961ca213ee5b20b91a7a26bb8b59ae4b052b5");
INSERT INTO user(name, salt, hash) values("GraceJohnson29","1jo5OFAVDpC6xaEgt8sSuHcOSzo1SnkEVF5jHwD39SJegUlvz8nBLNeJBK6StVPCKzNNxUpOToQojUW304fW5gjniSqWejeBxo6Xtlgb0qIWW4vYoRYIIPRph8YwiW1mSxZ6sahYlfruDA52wtwPw82I9EVnEul7jRMbbFGFD2NDNW3AinEFt5sqMa84tKK0V9JJyRe4FY7yFTOVjSMV41WF2srbI3k0QVGoEaQ7r0tijCBnXil4QVwQ0ya1FW3g","e48856bbdbbb68291a2059fd540961ca213ee5b20b91a7a26bb8b59ae4b052b5");
INSERT INTO user(name, salt, hash) values("SarahFontenot30","1jo5OFAVDpC6xaEgt8sSuHcOSzo1SnkEVF5jHwD39SJegUlvz8nBLNeJBK6StVPCKzNNxUpOToQojUW304fW5gjniSqWejeBxo6Xtlgb0qIWW4vYoRYIIPRph8YwiW1mSxZ6sahYlfruDA52wtwPw82I9EVnEul7jRMbbFGFD2NDNW3AinEFt5sqMa84tKK0V9JJyRe4FY7yFTOVjSMV41WF2srbI3k0QVGoEaQ7r0tijCBnXil4QVwQ0ya1FW3g","e48856bbdbbb68291a2059fd540961ca213ee5b20b91a7a26bb8b59ae4b052b5");
INSERT INTO user(name, salt, hash) values("AllisonBanbury31","1jo5OFAVDpC6xaEgt8sSuHcOSzo1SnkEVF5jHwD39SJegUlvz8nBLNeJBK6StVPCKzNNxUpOToQojUW304fW5gjniSqWejeBxo6Xtlgb0qIWW4vYoRYIIPRph8YwiW1mSxZ6sahYlfruDA52wtwPw82I9EVnEul7jRMbbFGFD2NDNW3AinEFt5sqMa84tKK0V9JJyRe4FY7yFTOVjSMV41WF2srbI3k0QVGoEaQ7r0tijCBnXil4QVwQ0ya1FW3g","e48856bbdbbb68291a2059fd540961ca213ee5b20b91a7a26bb8b59ae4b052b5");
INSERT INTO user(name, salt, hash) values("MarySmith32","1jo5OFAVDpC6xaEgt8sSuHcOSzo1SnkEVF5jHwD39SJegUlvz8nBLNeJBK6StVPCKzNNxUpOToQojUW304fW5gjniSqWejeBxo6Xtlgb0qIWW4vYoRYIIPRph8YwiW1mSxZ6sahYlfruDA52wtwPw82I9EVnEul7jRMbbFGFD2NDNW3AinEFt5sqMa84tKK0V9JJyRe4FY7yFTOVjSMV41WF2srbI3k0QVGoEaQ7r0tijCBnXil4QVwQ0ya1FW3g","e48856bbdbbb68291a2059fd540961ca213ee5b20b91a7a26bb8b59ae4b052b5");
INSERT INTO user(name, salt, hash) values("MaryKhan33","1jo5OFAVDpC6xaEgt8sSuHcOSzo1SnkEVF5jHwD39SJegUlvz8nBLNeJBK6StVPCKzNNxUpOToQojUW304fW5gjniSqWejeBxo6Xtlgb0qIWW4vYoRYIIPRph8YwiW1mSxZ6sahYlfruDA52wtwPw82I9EVnEul7jRMbbFGFD2NDNW3AinEFt5sqMa84tKK0V9JJyRe4FY7yFTOVjSMV41WF2srbI3k0QVGoEaQ7r0tijCBnXil4QVwQ0ya1FW3g","e48856bbdbbb68291a2059fd540961ca213ee5b20b91a7a26bb8b59ae4b052b5");
INSERT INTO user(name, salt, hash) values("JackReiss34","1jo5OFAVDpC6xaEgt8sSuHcOSzo1SnkEVF5jHwD39SJegUlvz8nBLNeJBK6StVPCKzNNxUpOToQojUW304fW5gjniSqWejeBxo6Xtlgb0qIWW4vYoRYIIPRph8YwiW1mSxZ6sahYlfruDA52wtwPw82I9EVnEul7jRMbbFGFD2NDNW3AinEFt5sqMa84tKK0V9JJyRe4FY7yFTOVjSMV41WF2srbI3k0QVGoEaQ7r0tijCBnXil4QVwQ0ya1FW3g","e48856bbdbbb68291a2059fd540961ca213ee5b20b91a7a26bb8b59ae4b052b5");
INSERT INTO user(name, salt, hash) values("TimmothyCohen35","1jo5OFAVDpC6xaEgt8sSuHcOSzo1SnkEVF5jHwD39SJegUlvz8nBLNeJBK6StVPCKzNNxUpOToQojUW304fW5gjniSqWejeBxo6Xtlgb0qIWW4vYoRYIIPRph8YwiW1mSxZ6sahYlfruDA52wtwPw82I9EVnEul7jRMbbFGFD2NDNW3AinEFt5sqMa84tKK0V9JJyRe4FY7yFTOVjSMV41WF2srbI3k0QVGoEaQ7r0tijCBnXil4QVwQ0ya1FW3g","e48856bbdbbb68291a2059fd540961ca213ee5b20b91a7a26bb8b59ae4b052b5");
INSERT INTO user(name, salt, hash) values("JonathanFontenot36","1jo5OFAVDpC6xaEgt8sSuHcOSzo1SnkEVF5jHwD39SJegUlvz8nBLNeJBK6StVPCKzNNxUpOToQojUW304fW5gjniSqWejeBxo6Xtlgb0qIWW4vYoRYIIPRph8YwiW1mSxZ6sahYlfruDA52wtwPw82I9EVnEul7jRMbbFGFD2NDNW3AinEFt5sqMa84tKK0V9JJyRe4FY7yFTOVjSMV41WF2srbI3k0QVGoEaQ7r0tijCBnXil4QVwQ0ya1FW3g","e48856bbdbbb68291a2059fd540961ca213ee5b20b91a7a26bb8b59ae4b052b5");
INSERT INTO user(name, salt, hash) values("MaryCarter37","1jo5OFAVDpC6xaEgt8sSuHcOSzo1SnkEVF5jHwD39SJegUlvz8nBLNeJBK6StVPCKzNNxUpOToQojUW304fW5gjniSqWejeBxo6Xtlgb0qIWW4vYoRYIIPRph8YwiW1mSxZ6sahYlfruDA52wtwPw82I9EVnEul7jRMbbFGFD2NDNW3AinEFt5sqMa84tKK0V9JJyRe4FY7yFTOVjSMV41WF2srbI3k0QVGoEaQ7r0tijCBnXil4QVwQ0ya1FW3g","e48856bbdbbb68291a2059fd540961ca213ee5b20b91a7a26bb8b59ae4b052b5");
INSERT INTO user(name, salt, hash) values("MattCohen38","1jo5OFAVDpC6xaEgt8sSuHcOSzo1SnkEVF5jHwD39SJegUlvz8nBLNeJBK6StVPCKzNNxUpOToQojUW304fW5gjniSqWejeBxo6Xtlgb0qIWW4vYoRYIIPRph8YwiW1mSxZ6sahYlfruDA52wtwPw82I9EVnEul7jRMbbFGFD2NDNW3AinEFt5sqMa84tKK0V9JJyRe4FY7yFTOVjSMV41WF2srbI3k0QVGoEaQ7r0tijCBnXil4QVwQ0ya1FW3g","e48856bbdbbb68291a2059fd540961ca213ee5b20b91a7a26bb8b59ae4b052b5");
INSERT INTO user(name, salt, hash) values("MattRenninger39","1jo5OFAVDpC6xaEgt8sSuHcOSzo1SnkEVF5jHwD39SJegUlvz8nBLNeJBK6StVPCKzNNxUpOToQojUW304fW5gjniSqWejeBxo6Xtlgb0qIWW4vYoRYIIPRph8YwiW1mSxZ6sahYlfruDA52wtwPw82I9EVnEul7jRMbbFGFD2NDNW3AinEFt5sqMa84tKK0V9JJyRe4FY7yFTOVjSMV41WF2srbI3k0QVGoEaQ7r0tijCBnXil4QVwQ0ya1FW3g","e48856bbdbbb68291a2059fd540961ca213ee5b20b91a7a26bb8b59ae4b052b5");
INSERT INTO user(name, salt, hash) values("MarkSmith40","1jo5OFAVDpC6xaEgt8sSuHcOSzo1SnkEVF5jHwD39SJegUlvz8nBLNeJBK6StVPCKzNNxUpOToQojUW304fW5gjniSqWejeBxo6Xtlgb0qIWW4vYoRYIIPRph8YwiW1mSxZ6sahYlfruDA52wtwPw82I9EVnEul7jRMbbFGFD2NDNW3AinEFt5sqMa84tKK0V9JJyRe4FY7yFTOVjSMV41WF2srbI3k0QVGoEaQ7r0tijCBnXil4QVwQ0ya1FW3g","e48856bbdbbb68291a2059fd540961ca213ee5b20b91a7a26bb8b59ae4b052b5");
INSERT INTO user(name, salt, hash) values("JonathanCarter41","1jo5OFAVDpC6xaEgt8sSuHcOSzo1SnkEVF5jHwD39SJegUlvz8nBLNeJBK6StVPCKzNNxUpOToQojUW304fW5gjniSqWejeBxo6Xtlgb0qIWW4vYoRYIIPRph8YwiW1mSxZ6sahYlfruDA52wtwPw82I9EVnEul7jRMbbFGFD2NDNW3AinEFt5sqMa84tKK0V9JJyRe4FY7yFTOVjSMV41WF2srbI3k0QVGoEaQ7r0tijCBnXil4QVwQ0ya1FW3g","e48856bbdbbb68291a2059fd540961ca213ee5b20b91a7a26bb8b59ae4b052b5");
INSERT INTO user(name, salt, hash) values("IanSmith42","1jo5OFAVDpC6xaEgt8sSuHcOSzo1SnkEVF5jHwD39SJegUlvz8nBLNeJBK6StVPCKzNNxUpOToQojUW304fW5gjniSqWejeBxo6Xtlgb0qIWW4vYoRYIIPRph8YwiW1mSxZ6sahYlfruDA52wtwPw82I9EVnEul7jRMbbFGFD2NDNW3AinEFt5sqMa84tKK0V9JJyRe4FY7yFTOVjSMV41WF2srbI3k0QVGoEaQ7r0tijCBnXil4QVwQ0ya1FW3g","e48856bbdbbb68291a2059fd540961ca213ee5b20b91a7a26bb8b59ae4b052b5");
INSERT INTO user(name, salt, hash) values("GraceKhan43","1jo5OFAVDpC6xaEgt8sSuHcOSzo1SnkEVF5jHwD39SJegUlvz8nBLNeJBK6StVPCKzNNxUpOToQojUW304fW5gjniSqWejeBxo6Xtlgb0qIWW4vYoRYIIPRph8YwiW1mSxZ6sahYlfruDA52wtwPw82I9EVnEul7jRMbbFGFD2NDNW3AinEFt5sqMa84tKK0V9JJyRe4FY7yFTOVjSMV41WF2srbI3k0QVGoEaQ7r0tijCBnXil4QVwQ0ya1FW3g","e48856bbdbbb68291a2059fd540961ca213ee5b20b91a7a26bb8b59ae4b052b5");
INSERT INTO user(name, salt, hash) values("TomReiss44","1jo5OFAVDpC6xaEgt8sSuHcOSzo1SnkEVF5jHwD39SJegUlvz8nBLNeJBK6StVPCKzNNxUpOToQojUW304fW5gjniSqWejeBxo6Xtlgb0qIWW4vYoRYIIPRph8YwiW1mSxZ6sahYlfruDA52wtwPw82I9EVnEul7jRMbbFGFD2NDNW3AinEFt5sqMa84tKK0V9JJyRe4FY7yFTOVjSMV41WF2srbI3k0QVGoEaQ7r0tijCBnXil4QVwQ0ya1FW3g","e48856bbdbbb68291a2059fd540961ca213ee5b20b91a7a26bb8b59ae4b052b5");
INSERT INTO user(name, salt, hash) values("JonathanReiss45","1jo5OFAVDpC6xaEgt8sSuHcOSzo1SnkEVF5jHwD39SJegUlvz8nBLNeJBK6StVPCKzNNxUpOToQojUW304fW5gjniSqWejeBxo6Xtlgb0qIWW4vYoRYIIPRph8YwiW1mSxZ6sahYlfruDA52wtwPw82I9EVnEul7jRMbbFGFD2NDNW3AinEFt5sqMa84tKK0V9JJyRe4FY7yFTOVjSMV41WF2srbI3k0QVGoEaQ7r0tijCBnXil4QVwQ0ya1FW3g","e48856bbdbbb68291a2059fd540961ca213ee5b20b91a7a26bb8b59ae4b052b5");
INSERT INTO user(name, salt, hash) values("BenKhan46","1jo5OFAVDpC6xaEgt8sSuHcOSzo1SnkEVF5jHwD39SJegUlvz8nBLNeJBK6StVPCKzNNxUpOToQojUW304fW5gjniSqWejeBxo6Xtlgb0qIWW4vYoRYIIPRph8YwiW1mSxZ6sahYlfruDA52wtwPw82I9EVnEul7jRMbbFGFD2NDNW3AinEFt5sqMa84tKK0V9JJyRe4FY7yFTOVjSMV41WF2srbI3k0QVGoEaQ7r0tijCBnXil4QVwQ0ya1FW3g","e48856bbdbbb68291a2059fd540961ca213ee5b20b91a7a26bb8b59ae4b052b5");
INSERT INTO user(name, salt, hash) values("MattGabrielson47","1jo5OFAVDpC6xaEgt8sSuHcOSzo1SnkEVF5jHwD39SJegUlvz8nBLNeJBK6StVPCKzNNxUpOToQojUW304fW5gjniSqWejeBxo6Xtlgb0qIWW4vYoRYIIPRph8YwiW1mSxZ6sahYlfruDA52wtwPw82I9EVnEul7jRMbbFGFD2NDNW3AinEFt5sqMa84tKK0V9JJyRe4FY7yFTOVjSMV41WF2srbI3k0QVGoEaQ7r0tijCBnXil4QVwQ0ya1FW3g","e48856bbdbbb68291a2059fd540961ca213ee5b20b91a7a26bb8b59ae4b052b5");
INSERT INTO user(name, salt, hash) values("BenFontenot48","1jo5OFAVDpC6xaEgt8sSuHcOSzo1SnkEVF5jHwD39SJegUlvz8nBLNeJBK6StVPCKzNNxUpOToQojUW304fW5gjniSqWejeBxo6Xtlgb0qIWW4vYoRYIIPRph8YwiW1mSxZ6sahYlfruDA52wtwPw82I9EVnEul7jRMbbFGFD2NDNW3AinEFt5sqMa84tKK0V9JJyRe4FY7yFTOVjSMV41WF2srbI3k0QVGoEaQ7r0tijCBnXil4QVwQ0ya1FW3g","e48856bbdbbb68291a2059fd540961ca213ee5b20b91a7a26bb8b59ae4b052b5");
INSERT INTO user(name, salt, hash) values("AllisonCohen49","1jo5OFAVDpC6xaEgt8sSuHcOSzo1SnkEVF5jHwD39SJegUlvz8nBLNeJBK6StVPCKzNNxUpOToQojUW304fW5gjniSqWejeBxo6Xtlgb0qIWW4vYoRYIIPRph8YwiW1mSxZ6sahYlfruDA52wtwPw82I9EVnEul7jRMbbFGFD2NDNW3AinEFt5sqMa84tKK0V9JJyRe4FY7yFTOVjSMV41WF2srbI3k0QVGoEaQ7r0tijCBnXil4QVwQ0ya1FW3g","e48856bbdbbb68291a2059fd540961ca213ee5b20b91a7a26bb8b59ae4b052b5");
INSERT INTO user(name, salt, hash) values("MarkMitchell50","1jo5OFAVDpC6xaEgt8sSuHcOSzo1SnkEVF5jHwD39SJegUlvz8nBLNeJBK6StVPCKzNNxUpOToQojUW304fW5gjniSqWejeBxo6Xtlgb0qIWW4vYoRYIIPRph8YwiW1mSxZ6sahYlfruDA52wtwPw82I9EVnEul7jRMbbFGFD2NDNW3AinEFt5sqMa84tKK0V9JJyRe4FY7yFTOVjSMV41WF2srbI3k0QVGoEaQ7r0tijCBnXil4QVwQ0ya1FW3g","e48856bbdbbb68291a2059fd540961ca213ee5b20b91a7a26bb8b59ae4b052b5");
INSERT INTO user(name, salt, hash) values("TomReiss51","1jo5OFAVDpC6xaEgt8sSuHcOSzo1SnkEVF5jHwD39SJegUlvz8nBLNeJBK6StVPCKzNNxUpOToQojUW304fW5gjniSqWejeBxo6Xtlgb0qIWW4vYoRYIIPRph8YwiW1mSxZ6sahYlfruDA52wtwPw82I9EVnEul7jRMbbFGFD2NDNW3AinEFt5sqMa84tKK0V9JJyRe4FY7yFTOVjSMV41WF2srbI3k0QVGoEaQ7r0tijCBnXil4QVwQ0ya1FW3g","e48856bbdbbb68291a2059fd540961ca213ee5b20b91a7a26bb8b59ae4b052b5");
INSERT INTO user(name, salt, hash) values("JackGoldman52","1jo5OFAVDpC6xaEgt8sSuHcOSzo1SnkEVF5jHwD39SJegUlvz8nBLNeJBK6StVPCKzNNxUpOToQojUW304fW5gjniSqWejeBxo6Xtlgb0qIWW4vYoRYIIPRph8YwiW1mSxZ6sahYlfruDA52wtwPw82I9EVnEul7jRMbbFGFD2NDNW3AinEFt5sqMa84tKK0V9JJyRe4FY7yFTOVjSMV41WF2srbI3k0QVGoEaQ7r0tijCBnXil4QVwQ0ya1FW3g","e48856bbdbbb68291a2059fd540961ca213ee5b20b91a7a26bb8b59ae4b052b5");
INSERT INTO user(name, salt, hash) values("JackSmith53","1jo5OFAVDpC6xaEgt8sSuHcOSzo1SnkEVF5jHwD39SJegUlvz8nBLNeJBK6StVPCKzNNxUpOToQojUW304fW5gjniSqWejeBxo6Xtlgb0qIWW4vYoRYIIPRph8YwiW1mSxZ6sahYlfruDA52wtwPw82I9EVnEul7jRMbbFGFD2NDNW3AinEFt5sqMa84tKK0V9JJyRe4FY7yFTOVjSMV41WF2srbI3k0QVGoEaQ7r0tijCBnXil4QVwQ0ya1FW3g","e48856bbdbbb68291a2059fd540961ca213ee5b20b91a7a26bb8b59ae4b052b5");
INSERT INTO user(name, salt, hash) values("GraceGabrielson54","1jo5OFAVDpC6xaEgt8sSuHcOSzo1SnkEVF5jHwD39SJegUlvz8nBLNeJBK6StVPCKzNNxUpOToQojUW304fW5gjniSqWejeBxo6Xtlgb0qIWW4vYoRYIIPRph8YwiW1mSxZ6sahYlfruDA52wtwPw82I9EVnEul7jRMbbFGFD2NDNW3AinEFt5sqMa84tKK0V9JJyRe4FY7yFTOVjSMV41WF2srbI3k0QVGoEaQ7r0tijCBnXil4QVwQ0ya1FW3g","e48856bbdbbb68291a2059fd540961ca213ee5b20b91a7a26bb8b59ae4b052b5");
INSERT INTO user(name, salt, hash) values("JohnHansen55","1jo5OFAVDpC6xaEgt8sSuHcOSzo1SnkEVF5jHwD39SJegUlvz8nBLNeJBK6StVPCKzNNxUpOToQojUW304fW5gjniSqWejeBxo6Xtlgb0qIWW4vYoRYIIPRph8YwiW1mSxZ6sahYlfruDA52wtwPw82I9EVnEul7jRMbbFGFD2NDNW3AinEFt5sqMa84tKK0V9JJyRe4FY7yFTOVjSMV41WF2srbI3k0QVGoEaQ7r0tijCBnXil4QVwQ0ya1FW3g","e48856bbdbbb68291a2059fd540961ca213ee5b20b91a7a26bb8b59ae4b052b5");
INSERT INTO user(name, salt, hash) values("TomMitchell56","1jo5OFAVDpC6xaEgt8sSuHcOSzo1SnkEVF5jHwD39SJegUlvz8nBLNeJBK6StVPCKzNNxUpOToQojUW304fW5gjniSqWejeBxo6Xtlgb0qIWW4vYoRYIIPRph8YwiW1mSxZ6sahYlfruDA52wtwPw82I9EVnEul7jRMbbFGFD2NDNW3AinEFt5sqMa84tKK0V9JJyRe4FY7yFTOVjSMV41WF2srbI3k0QVGoEaQ7r0tijCBnXil4QVwQ0ya1FW3g","e48856bbdbbb68291a2059fd540961ca213ee5b20b91a7a26bb8b59ae4b052b5");
INSERT INTO user(name, salt, hash) values("SarahGoldman57","1jo5OFAVDpC6xaEgt8sSuHcOSzo1SnkEVF5jHwD39SJegUlvz8nBLNeJBK6StVPCKzNNxUpOToQojUW304fW5gjniSqWejeBxo6Xtlgb0qIWW4vYoRYIIPRph8YwiW1mSxZ6sahYlfruDA52wtwPw82I9EVnEul7jRMbbFGFD2NDNW3AinEFt5sqMa84tKK0V9JJyRe4FY7yFTOVjSMV41WF2srbI3k0QVGoEaQ7r0tijCBnXil4QVwQ0ya1FW3g","e48856bbdbbb68291a2059fd540961ca213ee5b20b91a7a26bb8b59ae4b052b5");
INSERT INTO user(name, salt, hash) values("JackStenbit58","1jo5OFAVDpC6xaEgt8sSuHcOSzo1SnkEVF5jHwD39SJegUlvz8nBLNeJBK6StVPCKzNNxUpOToQojUW304fW5gjniSqWejeBxo6Xtlgb0qIWW4vYoRYIIPRph8YwiW1mSxZ6sahYlfruDA52wtwPw82I9EVnEul7jRMbbFGFD2NDNW3AinEFt5sqMa84tKK0V9JJyRe4FY7yFTOVjSMV41WF2srbI3k0QVGoEaQ7r0tijCBnXil4QVwQ0ya1FW3g","e48856bbdbbb68291a2059fd540961ca213ee5b20b91a7a26bb8b59ae4b052b5");
INSERT INTO user(name, salt, hash) values("AllisonSmith59","1jo5OFAVDpC6xaEgt8sSuHcOSzo1SnkEVF5jHwD39SJegUlvz8nBLNeJBK6StVPCKzNNxUpOToQojUW304fW5gjniSqWejeBxo6Xtlgb0qIWW4vYoRYIIPRph8YwiW1mSxZ6sahYlfruDA52wtwPw82I9EVnEul7jRMbbFGFD2NDNW3AinEFt5sqMa84tKK0V9JJyRe4FY7yFTOVjSMV41WF2srbI3k0QVGoEaQ7r0tijCBnXil4QVwQ0ya1FW3g","e48856bbdbbb68291a2059fd540961ca213ee5b20b91a7a26bb8b59ae4b052b5");
INSERT INTO user(name, salt, hash) values("MattKhan60","1jo5OFAVDpC6xaEgt8sSuHcOSzo1SnkEVF5jHwD39SJegUlvz8nBLNeJBK6StVPCKzNNxUpOToQojUW304fW5gjniSqWejeBxo6Xtlgb0qIWW4vYoRYIIPRph8YwiW1mSxZ6sahYlfruDA52wtwPw82I9EVnEul7jRMbbFGFD2NDNW3AinEFt5sqMa84tKK0V9JJyRe4FY7yFTOVjSMV41WF2srbI3k0QVGoEaQ7r0tijCBnXil4QVwQ0ya1FW3g","e48856bbdbbb68291a2059fd540961ca213ee5b20b91a7a26bb8b59ae4b052b5");
INSERT INTO user(name, salt, hash) values("JackHansen61","1jo5OFAVDpC6xaEgt8sSuHcOSzo1SnkEVF5jHwD39SJegUlvz8nBLNeJBK6StVPCKzNNxUpOToQojUW304fW5gjniSqWejeBxo6Xtlgb0qIWW4vYoRYIIPRph8YwiW1mSxZ6sahYlfruDA52wtwPw82I9EVnEul7jRMbbFGFD2NDNW3AinEFt5sqMa84tKK0V9JJyRe4FY7yFTOVjSMV41WF2srbI3k0QVGoEaQ7r0tijCBnXil4QVwQ0ya1FW3g","e48856bbdbbb68291a2059fd540961ca213ee5b20b91a7a26bb8b59ae4b052b5");
INSERT INTO user(name, salt, hash) values("JenniferMitchell62","1jo5OFAVDpC6xaEgt8sSuHcOSzo1SnkEVF5jHwD39SJegUlvz8nBLNeJBK6StVPCKzNNxUpOToQojUW304fW5gjniSqWejeBxo6Xtlgb0qIWW4vYoRYIIPRph8YwiW1mSxZ6sahYlfruDA52wtwPw82I9EVnEul7jRMbbFGFD2NDNW3AinEFt5sqMa84tKK0V9JJyRe4FY7yFTOVjSMV41WF2srbI3k0QVGoEaQ7r0tijCBnXil4QVwQ0ya1FW3g","e48856bbdbbb68291a2059fd540961ca213ee5b20b91a7a26bb8b59ae4b052b5");
INSERT INTO user(name, salt, hash) values("BenBanbury63","1jo5OFAVDpC6xaEgt8sSuHcOSzo1SnkEVF5jHwD39SJegUlvz8nBLNeJBK6StVPCKzNNxUpOToQojUW304fW5gjniSqWejeBxo6Xtlgb0qIWW4vYoRYIIPRph8YwiW1mSxZ6sahYlfruDA52wtwPw82I9EVnEul7jRMbbFGFD2NDNW3AinEFt5sqMa84tKK0V9JJyRe4FY7yFTOVjSMV41WF2srbI3k0QVGoEaQ7r0tijCBnXil4QVwQ0ya1FW3g","e48856bbdbbb68291a2059fd540961ca213ee5b20b91a7a26bb8b59ae4b052b5");
INSERT INTO user(name, salt, hash) values("JackRenninger64","1jo5OFAVDpC6xaEgt8sSuHcOSzo1SnkEVF5jHwD39SJegUlvz8nBLNeJBK6StVPCKzNNxUpOToQojUW304fW5gjniSqWejeBxo6Xtlgb0qIWW4vYoRYIIPRph8YwiW1mSxZ6sahYlfruDA52wtwPw82I9EVnEul7jRMbbFGFD2NDNW3AinEFt5sqMa84tKK0V9JJyRe4FY7yFTOVjSMV41WF2srbI3k0QVGoEaQ7r0tijCBnXil4QVwQ0ya1FW3g","e48856bbdbbb68291a2059fd540961ca213ee5b20b91a7a26bb8b59ae4b052b5");
INSERT INTO user(name, salt, hash) values("IanSmith65","1jo5OFAVDpC6xaEgt8sSuHcOSzo1SnkEVF5jHwD39SJegUlvz8nBLNeJBK6StVPCKzNNxUpOToQojUW304fW5gjniSqWejeBxo6Xtlgb0qIWW4vYoRYIIPRph8YwiW1mSxZ6sahYlfruDA52wtwPw82I9EVnEul7jRMbbFGFD2NDNW3AinEFt5sqMa84tKK0V9JJyRe4FY7yFTOVjSMV41WF2srbI3k0QVGoEaQ7r0tijCBnXil4QVwQ0ya1FW3g","e48856bbdbbb68291a2059fd540961ca213ee5b20b91a7a26bb8b59ae4b052b5");
INSERT INTO user(name, salt, hash) values("KatyJohnson66","1jo5OFAVDpC6xaEgt8sSuHcOSzo1SnkEVF5jHwD39SJegUlvz8nBLNeJBK6StVPCKzNNxUpOToQojUW304fW5gjniSqWejeBxo6Xtlgb0qIWW4vYoRYIIPRph8YwiW1mSxZ6sahYlfruDA52wtwPw82I9EVnEul7jRMbbFGFD2NDNW3AinEFt5sqMa84tKK0V9JJyRe4FY7yFTOVjSMV41WF2srbI3k0QVGoEaQ7r0tijCBnXil4QVwQ0ya1FW3g","e48856bbdbbb68291a2059fd540961ca213ee5b20b91a7a26bb8b59ae4b052b5");
INSERT INTO user(name, salt, hash) values("MarkHansen67","1jo5OFAVDpC6xaEgt8sSuHcOSzo1SnkEVF5jHwD39SJegUlvz8nBLNeJBK6StVPCKzNNxUpOToQojUW304fW5gjniSqWejeBxo6Xtlgb0qIWW4vYoRYIIPRph8YwiW1mSxZ6sahYlfruDA52wtwPw82I9EVnEul7jRMbbFGFD2NDNW3AinEFt5sqMa84tKK0V9JJyRe4FY7yFTOVjSMV41WF2srbI3k0QVGoEaQ7r0tijCBnXil4QVwQ0ya1FW3g","e48856bbdbbb68291a2059fd540961ca213ee5b20b91a7a26bb8b59ae4b052b5");
INSERT INTO user(name, salt, hash) values("IanKhan68","1jo5OFAVDpC6xaEgt8sSuHcOSzo1SnkEVF5jHwD39SJegUlvz8nBLNeJBK6StVPCKzNNxUpOToQojUW304fW5gjniSqWejeBxo6Xtlgb0qIWW4vYoRYIIPRph8YwiW1mSxZ6sahYlfruDA52wtwPw82I9EVnEul7jRMbbFGFD2NDNW3AinEFt5sqMa84tKK0V9JJyRe4FY7yFTOVjSMV41WF2srbI3k0QVGoEaQ7r0tijCBnXil4QVwQ0ya1FW3g","e48856bbdbbb68291a2059fd540961ca213ee5b20b91a7a26bb8b59ae4b052b5");
INSERT INTO user(name, salt, hash) values("JonathanMitchell69","1jo5OFAVDpC6xaEgt8sSuHcOSzo1SnkEVF5jHwD39SJegUlvz8nBLNeJBK6StVPCKzNNxUpOToQojUW304fW5gjniSqWejeBxo6Xtlgb0qIWW4vYoRYIIPRph8YwiW1mSxZ6sahYlfruDA52wtwPw82I9EVnEul7jRMbbFGFD2NDNW3AinEFt5sqMa84tKK0V9JJyRe4FY7yFTOVjSMV41WF2srbI3k0QVGoEaQ7r0tijCBnXil4QVwQ0ya1FW3g","e48856bbdbbb68291a2059fd540961ca213ee5b20b91a7a26bb8b59ae4b052b5");
INSERT INTO user(name, salt, hash) values("BobRenninger70","1jo5OFAVDpC6xaEgt8sSuHcOSzo1SnkEVF5jHwD39SJegUlvz8nBLNeJBK6StVPCKzNNxUpOToQojUW304fW5gjniSqWejeBxo6Xtlgb0qIWW4vYoRYIIPRph8YwiW1mSxZ6sahYlfruDA52wtwPw82I9EVnEul7jRMbbFGFD2NDNW3AinEFt5sqMa84tKK0V9JJyRe4FY7yFTOVjSMV41WF2srbI3k0QVGoEaQ7r0tijCBnXil4QVwQ0ya1FW3g","e48856bbdbbb68291a2059fd540961ca213ee5b20b91a7a26bb8b59ae4b052b5");
INSERT INTO user(name, salt, hash) values("GraceCarter71","1jo5OFAVDpC6xaEgt8sSuHcOSzo1SnkEVF5jHwD39SJegUlvz8nBLNeJBK6StVPCKzNNxUpOToQojUW304fW5gjniSqWejeBxo6Xtlgb0qIWW4vYoRYIIPRph8YwiW1mSxZ6sahYlfruDA52wtwPw82I9EVnEul7jRMbbFGFD2NDNW3AinEFt5sqMa84tKK0V9JJyRe4FY7yFTOVjSMV41WF2srbI3k0QVGoEaQ7r0tijCBnXil4QVwQ0ya1FW3g","e48856bbdbbb68291a2059fd540961ca213ee5b20b91a7a26bb8b59ae4b052b5");
INSERT INTO user(name, salt, hash) values("JonathanCohen72","1jo5OFAVDpC6xaEgt8sSuHcOSzo1SnkEVF5jHwD39SJegUlvz8nBLNeJBK6StVPCKzNNxUpOToQojUW304fW5gjniSqWejeBxo6Xtlgb0qIWW4vYoRYIIPRph8YwiW1mSxZ6sahYlfruDA52wtwPw82I9EVnEul7jRMbbFGFD2NDNW3AinEFt5sqMa84tKK0V9JJyRe4FY7yFTOVjSMV41WF2srbI3k0QVGoEaQ7r0tijCBnXil4QVwQ0ya1FW3g","e48856bbdbbb68291a2059fd540961ca213ee5b20b91a7a26bb8b59ae4b052b5");
INSERT INTO user(name, salt, hash) values("MattCohen73","1jo5OFAVDpC6xaEgt8sSuHcOSzo1SnkEVF5jHwD39SJegUlvz8nBLNeJBK6StVPCKzNNxUpOToQojUW304fW5gjniSqWejeBxo6Xtlgb0qIWW4vYoRYIIPRph8YwiW1mSxZ6sahYlfruDA52wtwPw82I9EVnEul7jRMbbFGFD2NDNW3AinEFt5sqMa84tKK0V9JJyRe4FY7yFTOVjSMV41WF2srbI3k0QVGoEaQ7r0tijCBnXil4QVwQ0ya1FW3g","e48856bbdbbb68291a2059fd540961ca213ee5b20b91a7a26bb8b59ae4b052b5");
INSERT INTO user(name, salt, hash) values("KatyHansen74","1jo5OFAVDpC6xaEgt8sSuHcOSzo1SnkEVF5jHwD39SJegUlvz8nBLNeJBK6StVPCKzNNxUpOToQojUW304fW5gjniSqWejeBxo6Xtlgb0qIWW4vYoRYIIPRph8YwiW1mSxZ6sahYlfruDA52wtwPw82I9EVnEul7jRMbbFGFD2NDNW3AinEFt5sqMa84tKK0V9JJyRe4FY7yFTOVjSMV41WF2srbI3k0QVGoEaQ7r0tijCBnXil4QVwQ0ya1FW3g","e48856bbdbbb68291a2059fd540961ca213ee5b20b91a7a26bb8b59ae4b052b5");
INSERT INTO user(name, salt, hash) values("MaryStenbit75","1jo5OFAVDpC6xaEgt8sSuHcOSzo1SnkEVF5jHwD39SJegUlvz8nBLNeJBK6StVPCKzNNxUpOToQojUW304fW5gjniSqWejeBxo6Xtlgb0qIWW4vYoRYIIPRph8YwiW1mSxZ6sahYlfruDA52wtwPw82I9EVnEul7jRMbbFGFD2NDNW3AinEFt5sqMa84tKK0V9JJyRe4FY7yFTOVjSMV41WF2srbI3k0QVGoEaQ7r0tijCBnXil4QVwQ0ya1FW3g","e48856bbdbbb68291a2059fd540961ca213ee5b20b91a7a26bb8b59ae4b052b5");
INSERT INTO user(name, salt, hash) values("TomFontenot76","1jo5OFAVDpC6xaEgt8sSuHcOSzo1SnkEVF5jHwD39SJegUlvz8nBLNeJBK6StVPCKzNNxUpOToQojUW304fW5gjniSqWejeBxo6Xtlgb0qIWW4vYoRYIIPRph8YwiW1mSxZ6sahYlfruDA52wtwPw82I9EVnEul7jRMbbFGFD2NDNW3AinEFt5sqMa84tKK0V9JJyRe4FY7yFTOVjSMV41WF2srbI3k0QVGoEaQ7r0tijCBnXil4QVwQ0ya1FW3g","e48856bbdbbb68291a2059fd540961ca213ee5b20b91a7a26bb8b59ae4b052b5");
INSERT INTO user(name, salt, hash) values("IanBanbury77","1jo5OFAVDpC6xaEgt8sSuHcOSzo1SnkEVF5jHwD39SJegUlvz8nBLNeJBK6StVPCKzNNxUpOToQojUW304fW5gjniSqWejeBxo6Xtlgb0qIWW4vYoRYIIPRph8YwiW1mSxZ6sahYlfruDA52wtwPw82I9EVnEul7jRMbbFGFD2NDNW3AinEFt5sqMa84tKK0V9JJyRe4FY7yFTOVjSMV41WF2srbI3k0QVGoEaQ7r0tijCBnXil4QVwQ0ya1FW3g","e48856bbdbbb68291a2059fd540961ca213ee5b20b91a7a26bb8b59ae4b052b5");
INSERT INTO user(name, salt, hash) values("BenFontenot78","1jo5OFAVDpC6xaEgt8sSuHcOSzo1SnkEVF5jHwD39SJegUlvz8nBLNeJBK6StVPCKzNNxUpOToQojUW304fW5gjniSqWejeBxo6Xtlgb0qIWW4vYoRYIIPRph8YwiW1mSxZ6sahYlfruDA52wtwPw82I9EVnEul7jRMbbFGFD2NDNW3AinEFt5sqMa84tKK0V9JJyRe4FY7yFTOVjSMV41WF2srbI3k0QVGoEaQ7r0tijCBnXil4QVwQ0ya1FW3g","e48856bbdbbb68291a2059fd540961ca213ee5b20b91a7a26bb8b59ae4b052b5");
INSERT INTO user(name, salt, hash) values("TomCohen79","1jo5OFAVDpC6xaEgt8sSuHcOSzo1SnkEVF5jHwD39SJegUlvz8nBLNeJBK6StVPCKzNNxUpOToQojUW304fW5gjniSqWejeBxo6Xtlgb0qIWW4vYoRYIIPRph8YwiW1mSxZ6sahYlfruDA52wtwPw82I9EVnEul7jRMbbFGFD2NDNW3AinEFt5sqMa84tKK0V9JJyRe4FY7yFTOVjSMV41WF2srbI3k0QVGoEaQ7r0tijCBnXil4QVwQ0ya1FW3g","e48856bbdbbb68291a2059fd540961ca213ee5b20b91a7a26bb8b59ae4b052b5");
INSERT INTO user(name, salt, hash) values("GraceGoldman80","1jo5OFAVDpC6xaEgt8sSuHcOSzo1SnkEVF5jHwD39SJegUlvz8nBLNeJBK6StVPCKzNNxUpOToQojUW304fW5gjniSqWejeBxo6Xtlgb0qIWW4vYoRYIIPRph8YwiW1mSxZ6sahYlfruDA52wtwPw82I9EVnEul7jRMbbFGFD2NDNW3AinEFt5sqMa84tKK0V9JJyRe4FY7yFTOVjSMV41WF2srbI3k0QVGoEaQ7r0tijCBnXil4QVwQ0ya1FW3g","e48856bbdbbb68291a2059fd540961ca213ee5b20b91a7a26bb8b59ae4b052b5");
INSERT INTO user(name, salt, hash) values("MaryCohen81","1jo5OFAVDpC6xaEgt8sSuHcOSzo1SnkEVF5jHwD39SJegUlvz8nBLNeJBK6StVPCKzNNxUpOToQojUW304fW5gjniSqWejeBxo6Xtlgb0qIWW4vYoRYIIPRph8YwiW1mSxZ6sahYlfruDA52wtwPw82I9EVnEul7jRMbbFGFD2NDNW3AinEFt5sqMa84tKK0V9JJyRe4FY7yFTOVjSMV41WF2srbI3k0QVGoEaQ7r0tijCBnXil4QVwQ0ya1FW3g","e48856bbdbbb68291a2059fd540961ca213ee5b20b91a7a26bb8b59ae4b052b5");
INSERT INTO user(name, salt, hash) values("GraceCarter82","1jo5OFAVDpC6xaEgt8sSuHcOSzo1SnkEVF5jHwD39SJegUlvz8nBLNeJBK6StVPCKzNNxUpOToQojUW304fW5gjniSqWejeBxo6Xtlgb0qIWW4vYoRYIIPRph8YwiW1mSxZ6sahYlfruDA52wtwPw82I9EVnEul7jRMbbFGFD2NDNW3AinEFt5sqMa84tKK0V9JJyRe4FY7yFTOVjSMV41WF2srbI3k0QVGoEaQ7r0tijCBnXil4QVwQ0ya1FW3g","e48856bbdbbb68291a2059fd540961ca213ee5b20b91a7a26bb8b59ae4b052b5");
INSERT INTO user(name, salt, hash) values("BobSmith83","1jo5OFAVDpC6xaEgt8sSuHcOSzo1SnkEVF5jHwD39SJegUlvz8nBLNeJBK6StVPCKzNNxUpOToQojUW304fW5gjniSqWejeBxo6Xtlgb0qIWW4vYoRYIIPRph8YwiW1mSxZ6sahYlfruDA52wtwPw82I9EVnEul7jRMbbFGFD2NDNW3AinEFt5sqMa84tKK0V9JJyRe4FY7yFTOVjSMV41WF2srbI3k0QVGoEaQ7r0tijCBnXil4QVwQ0ya1FW3g","e48856bbdbbb68291a2059fd540961ca213ee5b20b91a7a26bb8b59ae4b052b5");
INSERT INTO user(name, salt, hash) values("BobStenbit84","1jo5OFAVDpC6xaEgt8sSuHcOSzo1SnkEVF5jHwD39SJegUlvz8nBLNeJBK6StVPCKzNNxUpOToQojUW304fW5gjniSqWejeBxo6Xtlgb0qIWW4vYoRYIIPRph8YwiW1mSxZ6sahYlfruDA52wtwPw82I9EVnEul7jRMbbFGFD2NDNW3AinEFt5sqMa84tKK0V9JJyRe4FY7yFTOVjSMV41WF2srbI3k0QVGoEaQ7r0tijCBnXil4QVwQ0ya1FW3g","e48856bbdbbb68291a2059fd540961ca213ee5b20b91a7a26bb8b59ae4b052b5");
INSERT INTO user(name, salt, hash) values("BenStenbit85","1jo5OFAVDpC6xaEgt8sSuHcOSzo1SnkEVF5jHwD39SJegUlvz8nBLNeJBK6StVPCKzNNxUpOToQojUW304fW5gjniSqWejeBxo6Xtlgb0qIWW4vYoRYIIPRph8YwiW1mSxZ6sahYlfruDA52wtwPw82I9EVnEul7jRMbbFGFD2NDNW3AinEFt5sqMa84tKK0V9JJyRe4FY7yFTOVjSMV41WF2srbI3k0QVGoEaQ7r0tijCBnXil4QVwQ0ya1FW3g","e48856bbdbbb68291a2059fd540961ca213ee5b20b91a7a26bb8b59ae4b052b5");
INSERT INTO user(name, salt, hash) values("JohnBanbury86","1jo5OFAVDpC6xaEgt8sSuHcOSzo1SnkEVF5jHwD39SJegUlvz8nBLNeJBK6StVPCKzNNxUpOToQojUW304fW5gjniSqWejeBxo6Xtlgb0qIWW4vYoRYIIPRph8YwiW1mSxZ6sahYlfruDA52wtwPw82I9EVnEul7jRMbbFGFD2NDNW3AinEFt5sqMa84tKK0V9JJyRe4FY7yFTOVjSMV41WF2srbI3k0QVGoEaQ7r0tijCBnXil4QVwQ0ya1FW3g","e48856bbdbbb68291a2059fd540961ca213ee5b20b91a7a26bb8b59ae4b052b5");
INSERT INTO user(name, salt, hash) values("JenniferCohen87","1jo5OFAVDpC6xaEgt8sSuHcOSzo1SnkEVF5jHwD39SJegUlvz8nBLNeJBK6StVPCKzNNxUpOToQojUW304fW5gjniSqWejeBxo6Xtlgb0qIWW4vYoRYIIPRph8YwiW1mSxZ6sahYlfruDA52wtwPw82I9EVnEul7jRMbbFGFD2NDNW3AinEFt5sqMa84tKK0V9JJyRe4FY7yFTOVjSMV41WF2srbI3k0QVGoEaQ7r0tijCBnXil4QVwQ0ya1FW3g","e48856bbdbbb68291a2059fd540961ca213ee5b20b91a7a26bb8b59ae4b052b5");
INSERT INTO user(name, salt, hash) values("JohnSmith88","1jo5OFAVDpC6xaEgt8sSuHcOSzo1SnkEVF5jHwD39SJegUlvz8nBLNeJBK6StVPCKzNNxUpOToQojUW304fW5gjniSqWejeBxo6Xtlgb0qIWW4vYoRYIIPRph8YwiW1mSxZ6sahYlfruDA52wtwPw82I9EVnEul7jRMbbFGFD2NDNW3AinEFt5sqMa84tKK0V9JJyRe4FY7yFTOVjSMV41WF2srbI3k0QVGoEaQ7r0tijCBnXil4QVwQ0ya1FW3g","e48856bbdbbb68291a2059fd540961ca213ee5b20b91a7a26bb8b59ae4b052b5");
INSERT INTO user(name, salt, hash) values("TomStenbit89","1jo5OFAVDpC6xaEgt8sSuHcOSzo1SnkEVF5jHwD39SJegUlvz8nBLNeJBK6StVPCKzNNxUpOToQojUW304fW5gjniSqWejeBxo6Xtlgb0qIWW4vYoRYIIPRph8YwiW1mSxZ6sahYlfruDA52wtwPw82I9EVnEul7jRMbbFGFD2NDNW3AinEFt5sqMa84tKK0V9JJyRe4FY7yFTOVjSMV41WF2srbI3k0QVGoEaQ7r0tijCBnXil4QVwQ0ya1FW3g","e48856bbdbbb68291a2059fd540961ca213ee5b20b91a7a26bb8b59ae4b052b5");
INSERT INTO user(name, salt, hash) values("KatyMitchell90","1jo5OFAVDpC6xaEgt8sSuHcOSzo1SnkEVF5jHwD39SJegUlvz8nBLNeJBK6StVPCKzNNxUpOToQojUW304fW5gjniSqWejeBxo6Xtlgb0qIWW4vYoRYIIPRph8YwiW1mSxZ6sahYlfruDA52wtwPw82I9EVnEul7jRMbbFGFD2NDNW3AinEFt5sqMa84tKK0V9JJyRe4FY7yFTOVjSMV41WF2srbI3k0QVGoEaQ7r0tijCBnXil4QVwQ0ya1FW3g","e48856bbdbbb68291a2059fd540961ca213ee5b20b91a7a26bb8b59ae4b052b5");
INSERT INTO user(name, salt, hash) values("MattBanbury91","1jo5OFAVDpC6xaEgt8sSuHcOSzo1SnkEVF5jHwD39SJegUlvz8nBLNeJBK6StVPCKzNNxUpOToQojUW304fW5gjniSqWejeBxo6Xtlgb0qIWW4vYoRYIIPRph8YwiW1mSxZ6sahYlfruDA52wtwPw82I9EVnEul7jRMbbFGFD2NDNW3AinEFt5sqMa84tKK0V9JJyRe4FY7yFTOVjSMV41WF2srbI3k0QVGoEaQ7r0tijCBnXil4QVwQ0ya1FW3g","e48856bbdbbb68291a2059fd540961ca213ee5b20b91a7a26bb8b59ae4b052b5");
INSERT INTO user(name, salt, hash) values("JonathanStenbit92","1jo5OFAVDpC6xaEgt8sSuHcOSzo1SnkEVF5jHwD39SJegUlvz8nBLNeJBK6StVPCKzNNxUpOToQojUW304fW5gjniSqWejeBxo6Xtlgb0qIWW4vYoRYIIPRph8YwiW1mSxZ6sahYlfruDA52wtwPw82I9EVnEul7jRMbbFGFD2NDNW3AinEFt5sqMa84tKK0V9JJyRe4FY7yFTOVjSMV41WF2srbI3k0QVGoEaQ7r0tijCBnXil4QVwQ0ya1FW3g","e48856bbdbbb68291a2059fd540961ca213ee5b20b91a7a26bb8b59ae4b052b5");
INSERT INTO user(name, salt, hash) values("JonathanCarter93","1jo5OFAVDpC6xaEgt8sSuHcOSzo1SnkEVF5jHwD39SJegUlvz8nBLNeJBK6StVPCKzNNxUpOToQojUW304fW5gjniSqWejeBxo6Xtlgb0qIWW4vYoRYIIPRph8YwiW1mSxZ6sahYlfruDA52wtwPw82I9EVnEul7jRMbbFGFD2NDNW3AinEFt5sqMa84tKK0V9JJyRe4FY7yFTOVjSMV41WF2srbI3k0QVGoEaQ7r0tijCBnXil4QVwQ0ya1FW3g","e48856bbdbbb68291a2059fd540961ca213ee5b20b91a7a26bb8b59ae4b052b5");
INSERT INTO user(name, salt, hash) values("JenniferGabrielson94","1jo5OFAVDpC6xaEgt8sSuHcOSzo1SnkEVF5jHwD39SJegUlvz8nBLNeJBK6StVPCKzNNxUpOToQojUW304fW5gjniSqWejeBxo6Xtlgb0qIWW4vYoRYIIPRph8YwiW1mSxZ6sahYlfruDA52wtwPw82I9EVnEul7jRMbbFGFD2NDNW3AinEFt5sqMa84tKK0V9JJyRe4FY7yFTOVjSMV41WF2srbI3k0QVGoEaQ7r0tijCBnXil4QVwQ0ya1FW3g","e48856bbdbbb68291a2059fd540961ca213ee5b20b91a7a26bb8b59ae4b052b5");
INSERT INTO user(name, salt, hash) values("JonathanKhan95","1jo5OFAVDpC6xaEgt8sSuHcOSzo1SnkEVF5jHwD39SJegUlvz8nBLNeJBK6StVPCKzNNxUpOToQojUW304fW5gjniSqWejeBxo6Xtlgb0qIWW4vYoRYIIPRph8YwiW1mSxZ6sahYlfruDA52wtwPw82I9EVnEul7jRMbbFGFD2NDNW3AinEFt5sqMa84tKK0V9JJyRe4FY7yFTOVjSMV41WF2srbI3k0QVGoEaQ7r0tijCBnXil4QVwQ0ya1FW3g","e48856bbdbbb68291a2059fd540961ca213ee5b20b91a7a26bb8b59ae4b052b5");
INSERT INTO user(name, salt, hash) values("IanSmith96","1jo5OFAVDpC6xaEgt8sSuHcOSzo1SnkEVF5jHwD39SJegUlvz8nBLNeJBK6StVPCKzNNxUpOToQojUW304fW5gjniSqWejeBxo6Xtlgb0qIWW4vYoRYIIPRph8YwiW1mSxZ6sahYlfruDA52wtwPw82I9EVnEul7jRMbbFGFD2NDNW3AinEFt5sqMa84tKK0V9JJyRe4FY7yFTOVjSMV41WF2srbI3k0QVGoEaQ7r0tijCBnXil4QVwQ0ya1FW3g","e48856bbdbbb68291a2059fd540961ca213ee5b20b91a7a26bb8b59ae4b052b5");
INSERT INTO user(name, salt, hash) values("KatyGabrielson97","1jo5OFAVDpC6xaEgt8sSuHcOSzo1SnkEVF5jHwD39SJegUlvz8nBLNeJBK6StVPCKzNNxUpOToQojUW304fW5gjniSqWejeBxo6Xtlgb0qIWW4vYoRYIIPRph8YwiW1mSxZ6sahYlfruDA52wtwPw82I9EVnEul7jRMbbFGFD2NDNW3AinEFt5sqMa84tKK0V9JJyRe4FY7yFTOVjSMV41WF2srbI3k0QVGoEaQ7r0tijCBnXil4QVwQ0ya1FW3g","e48856bbdbbb68291a2059fd540961ca213ee5b20b91a7a26bb8b59ae4b052b5");
INSERT INTO user(name, salt, hash) values("GraceStenbit98","1jo5OFAVDpC6xaEgt8sSuHcOSzo1SnkEVF5jHwD39SJegUlvz8nBLNeJBK6StVPCKzNNxUpOToQojUW304fW5gjniSqWejeBxo6Xtlgb0qIWW4vYoRYIIPRph8YwiW1mSxZ6sahYlfruDA52wtwPw82I9EVnEul7jRMbbFGFD2NDNW3AinEFt5sqMa84tKK0V9JJyRe4FY7yFTOVjSMV41WF2srbI3k0QVGoEaQ7r0tijCBnXil4QVwQ0ya1FW3g","e48856bbdbbb68291a2059fd540961ca213ee5b20b91a7a26bb8b59ae4b052b5");
INSERT INTO user(name, salt, hash) values("JonathanSmith99","1jo5OFAVDpC6xaEgt8sSuHcOSzo1SnkEVF5jHwD39SJegUlvz8nBLNeJBK6StVPCKzNNxUpOToQojUW304fW5gjniSqWejeBxo6Xtlgb0qIWW4vYoRYIIPRph8YwiW1mSxZ6sahYlfruDA52wtwPw82I9EVnEul7jRMbbFGFD2NDNW3AinEFt5sqMa84tKK0V9JJyRe4FY7yFTOVjSMV41WF2srbI3k0QVGoEaQ7r0tijCBnXil4QVwQ0ya1FW3g","e48856bbdbbb68291a2059fd540961ca213ee5b20b91a7a26bb8b59ae4b052b5");





INSERT INTO game(sport, time, date, playerCount, location, full) values("squash","12:30:00", "2016-5-12" , 8 , "Wescott Field" , FALSE);
INSERT INTO game(sport, time, date, playerCount, location, full) values("squash","14:20:00", "2016-4-28" , 2 , "Intramural Fields" , FALSE);
INSERT INTO game(sport, time, date, playerCount, location, full) values("tennis","08:00:00", "2016-3-14" , 2 , "Wescott Field" , FALSE);
INSERT INTO game(sport, time, date, playerCount, location, full) values("squash","08:00:00", "2016-3-28" , 15 , "Some Park" , FALSE);
INSERT INTO game(sport, time, date, playerCount, location, full) values("tennis","09:30:00", "2016-3-28" , 4 , "Wescott Field" , FALSE);
INSERT INTO game(sport, time, date, playerCount, location, full) values("football","18:15:00", "2016-7-11" , 15 , "Wescott Field" , FALSE);
INSERT INTO game(sport, time, date, playerCount, location, full) values("ultimate frisbee","12:30:00", "2016-5-12" , 2 , "Wescott Field" , FALSE);
INSERT INTO game(sport, time, date, playerCount, location, full) values("ping pong","22:00:00", "2016-7-11" , 6 , "Dedman" , TRUE);
INSERT INTO game(sport, time, date, playerCount, location, full) values("basketball","16:40:00", "2016-4-14" , 8 , "Intramural Fields" , FALSE);
INSERT INTO game(sport, time, date, playerCount, location, full) values("tennis","18:15:00", "2016-5-12" , 2 , "Some Park" , FALSE);
INSERT INTO game(sport, time, date, playerCount, location, full) values("ultimate frisbee","12:30:00", "2016-5-12" , 5 , "Intramural Fields" , FALSE);
INSERT INTO game(sport, time, date, playerCount, location, full) values("ultimate frisbee","12:30:00", "2016-4-11" , 10 , "Intramural Fields" , FALSE);
INSERT INTO game(sport, time, date, playerCount, location, full) values("basketball","13:25:00", "2016-4-11" , 5 , "Wescott Field" , FALSE);
INSERT INTO game(sport, time, date, playerCount, location, full) values("squash","22:00:00", "2016-3-28" , 8 , "Moody Colliseum" , FALSE);
INSERT INTO game(sport, time, date, playerCount, location, full) values("football","09:30:00", "2016-3-14" , 5 , "Dedman" , FALSE);
INSERT INTO game(sport, time, date, playerCount, location, full) values("pool","08:00:00", "2016-3-14" , 4 , "Moody Colliseum" , FALSE);
INSERT INTO game(sport, time, date, playerCount, location, full) values("soccer","09:30:00", "2016-3-14" , 10 , "Dedman" , FALSE);
INSERT INTO game(sport, time, date, playerCount, location, full) values("ping pong","22:00:00", "2016-5-18" , 4 , "Intramural Fields" , FALSE);
INSERT INTO game(sport, time, date, playerCount, location, full) values("basketball","09:30:00", "2016-4-14" , 2 , "Moody Colliseum" , FALSE);
INSERT INTO game(sport, time, date, playerCount, location, full) values("soccer","12:30:00", "2016-4-28" , 5 , "Moody Colliseum" , TRUE);
INSERT INTO game(sport, time, date, playerCount, location, full) values("ping pong","13:25:00", "2016-3-28" , 8 , "Dedman" , FALSE);
INSERT INTO game(sport, time, date, playerCount, location, full) values("football","09:30:00", "2016-4-14" , 15 , "Dedman" , FALSE);
INSERT INTO game(sport, time, date, playerCount, location, full) values("basketball","16:40:00", "2016-3-28" , 2 , "Intramural Fields" , FALSE);
INSERT INTO game(sport, time, date, playerCount, location, full) values("basketball","18:15:00", "2016-5-12" , 6 , "Moody Colliseum" , TRUE);
INSERT INTO game(sport, time, date, playerCount, location, full) values("ultimate frisbee","08:00:00", "2016-4-14" , 5 , "Wescott Field" , FALSE);
INSERT INTO game(sport, time, date, playerCount, location, full) values("ping pong","22:00:00", "2016-7-11" , 2 , "Intramural Fields" , FALSE);
INSERT INTO game(sport, time, date, playerCount, location, full) values("indoor soccer","18:15:00", "2016-5-12" , 2 , "Some Park" , FALSE);
INSERT INTO game(sport, time, date, playerCount, location, full) values("football","22:00:00", "2016-5-18" , 10 , "Wescott Field" , TRUE);
INSERT INTO game(sport, time, date, playerCount, location, full) values("squash","14:20:00", "2016-7-11" , 4 , "Some Park" , FALSE);
INSERT INTO game(sport, time, date, playerCount, location, full) values("pool","08:00:00", "2016-3-28" , 2 , "Some Park" , FALSE);
INSERT INTO game(sport, time, date, playerCount, location, full) values("basketball","08:00:00", "2016-3-28" , 15 , "Moody Colliseum" , FALSE);
INSERT INTO game(sport, time, date, playerCount, location, full) values("basketball","18:15:00", "2016-3-14" , 5 , "Some Park" , FALSE);
INSERT INTO game(sport, time, date, playerCount, location, full) values("pool","09:30:00", "2016-4-11" , 10 , "Some Park" , FALSE);
INSERT INTO game(sport, time, date, playerCount, location, full) values("indoor soccer","16:40:00", "2016-5-12" , 4 , "Intramural Fields" , FALSE);
INSERT INTO game(sport, time, date, playerCount, location, full) values("basketball","09:30:00", "2016-4-14" , 15 , "Dedman" , TRUE);
INSERT INTO game(sport, time, date, playerCount, location, full) values("soccer","12:30:00", "2016-7-11" , 8 , "Moody Colliseum" , FALSE);
INSERT INTO game(sport, time, date, playerCount, location, full) values("indoor soccer","21:05:00", "2016-4-28" , 5 , "Intramural Fields" , FALSE);
INSERT INTO game(sport, time, date, playerCount, location, full) values("indoor soccer","09:30:00", "2016-4-11" , 10 , "Dedman" , FALSE);
INSERT INTO game(sport, time, date, playerCount, location, full) values("basketball","18:15:00", "2016-7-11" , 4 , "Intramural Fields" , TRUE);
INSERT INTO game(sport, time, date, playerCount, location, full) values("ping pong","13:25:00", "2016-7-11" , 15 , "Some Park" , FALSE);
INSERT INTO game(sport, time, date, playerCount, location, full) values("ping pong","22:00:00", "2016-4-14" , 8 , "Intramural Fields" , FALSE);
INSERT INTO game(sport, time, date, playerCount, location, full) values("ultimate frisbee","18:15:00", "2016-3-14" , 4 , "Intramural Fields" , FALSE);
INSERT INTO game(sport, time, date, playerCount, location, full) values("ping pong","08:00:00", "2016-3-28" , 10 , "Wescott Field" , TRUE);
INSERT INTO game(sport, time, date, playerCount, location, full) values("ping pong","08:00:00", "2016-4-14" , 10 , "Wescott Field" , FALSE);
INSERT INTO game(sport, time, date, playerCount, location, full) values("indoor soccer","21:05:00", "2016-3-14" , 15 , "Intramural Fields" , FALSE);
INSERT INTO game(sport, time, date, playerCount, location, full) values("ping pong","13:25:00", "2016-4-11" , 6 , "Intramural Fields" , TRUE);
INSERT INTO game(sport, time, date, playerCount, location, full) values("football","14:20:00", "2016-4-14" , 5 , "Some Park" , FALSE);
INSERT INTO game(sport, time, date, playerCount, location, full) values("ultimate frisbee","09:30:00", "2016-5-18" , 5 , "Moody Colliseum" , FALSE);
INSERT INTO game(sport, time, date, playerCount, location, full) values("tennis","16:40:00", "2016-4-14" , 10 , "Some Park" , FALSE);
INSERT INTO game(sport, time, date, playerCount, location, full) values("soccer","21:05:00", "2016-4-28" , 15 , "Moody Colliseum" , FALSE);





INSERT INTO enlist values("BobRenninger70", 1 );
INSERT INTO enlist values("MattCohen38", 1 );
INSERT INTO enlist values("TomReiss44", 1 );
INSERT INTO enlist values("BenCarter15", 1 );
INSERT INTO enlist values("JackFontenot21", 1 );
INSERT INTO enlist values("MattRenninger39", 4 );
INSERT INTO enlist values("MaryStenbit75", 4 );
INSERT INTO enlist values("BenStenbit85", 4 );
INSERT INTO enlist values("JonathanReiss45", 4 );
INSERT INTO enlist values("IanSmith65", 4 );
INSERT INTO enlist values("IanKhan68", 4 );
INSERT INTO enlist values("MaryCohen16", 4 );
INSERT INTO enlist values("MaryRenninger28", 4 );
INSERT INTO enlist values("JonathanKhan95", 4 );
INSERT INTO enlist values("MarkSmith40", 4 );
INSERT INTO enlist values("BenCarter15", 4 );
INSERT INTO enlist values("MarkHansen67", 4 );
INSERT INTO enlist values("KatyRenninger5", 5 );
INSERT INTO enlist values("MattCohen73", 6 );
INSERT INTO enlist values("GraceCarter71", 6 );
INSERT INTO enlist values("GraceKhan43", 6 );
INSERT INTO enlist values("JonathanReiss45", 6 );
INSERT INTO enlist values("KatyRenninger5", 6 );
INSERT INTO enlist values("IanGabrielson19", 6 );
INSERT INTO enlist values("GraceHansen2", 6 );
INSERT INTO enlist values("JonathanCarter93", 6 );
INSERT INTO enlist values("JonathanMitchell69", 6 );
INSERT INTO enlist values("SarahSmith27", 6 );
INSERT INTO enlist values("MattCohen38", 6 );
INSERT INTO enlist values("GraceJohnson29", 6 );
INSERT INTO enlist values("IanSmith65", 8 );
INSERT INTO enlist values("JenniferCohen87", 8 );
INSERT INTO enlist values("GraceCarter71", 8 );
INSERT INTO enlist values("KatyHansen74", 8 );
INSERT INTO enlist values("BobStenbit84", 8 );
INSERT INTO enlist values("MattCohen38", 8 );
INSERT INTO enlist values("JackFontenot21", 9 );
INSERT INTO enlist values("JenniferMitchell62", 9 );
INSERT INTO enlist values("JonathanCarter93", 9 );
INSERT INTO enlist values("SarahGoldman57", 9 );
INSERT INTO enlist values("GraceKhan43", 9 );
INSERT INTO enlist values("MarkKhan11", 11 );
INSERT INTO enlist values("MaryStenbit75", 11 );
INSERT INTO enlist values("MarkSmith40", 12 );
INSERT INTO enlist values("JohnMitchell26", 12 );
INSERT INTO enlist values("JackStenbit58", 12 );
INSERT INTO enlist values("IanBanbury77", 12 );
INSERT INTO enlist values("TomFontenot7", 12 );
INSERT INTO enlist values("MaryKhan33", 12 );
INSERT INTO enlist values("AllisonBanbury31", 12 );
INSERT INTO enlist values("MattGabrielson47", 13 );
INSERT INTO enlist values("MaryKhan33", 13 );
INSERT INTO enlist values("JohnCarter1", 14 );
INSERT INTO enlist values("MattKhan60", 14 );
INSERT INTO enlist values("BenStenbit85", 14 );
INSERT INTO enlist values("JonathanCohen72", 14 );
INSERT INTO enlist values("KatyMitchell90", 14 );
INSERT INTO enlist values("SarahGoldman57", 15 );
INSERT INTO enlist values("AllisonSmith59", 15 );
INSERT INTO enlist values("IanGabrielson19", 16 );
INSERT INTO enlist values("AllisonMitchell8", 17 );
INSERT INTO enlist values("MarkHansen67", 17 );
INSERT INTO enlist values("MarkGoldman12", 17 );
INSERT INTO enlist values("JonathanSmith99", 17 );
INSERT INTO enlist values("MattGabrielson47", 17 );
INSERT INTO enlist values("MarkKhan11", 17 );
INSERT INTO enlist values("SarahFontenot30", 17 );
INSERT INTO enlist values("BenFontenot78", 18 );
INSERT INTO enlist values("IanGabrielson19", 20 );
INSERT INTO enlist values("IanHansen17", 20 );
INSERT INTO enlist values("BenFontenot48", 20 );
INSERT INTO enlist values("MarkMitchell50", 20 );
INSERT INTO enlist values("JackGoldman52", 20 );
INSERT INTO enlist values("BobHansen25", 21 );
INSERT INTO enlist values("BobStenbit84", 21 );
INSERT INTO enlist values("GraceJohnson29", 21 );
INSERT INTO enlist values("MattKhan60", 21 );
INSERT INTO enlist values("JonathanStenbit92", 21 );
INSERT INTO enlist values("AllisonCarter0", 22 );
INSERT INTO enlist values("MaryCarter37", 22 );
INSERT INTO enlist values("JonathanCarter41", 22 );
INSERT INTO enlist values("IanHansen17", 22 );
INSERT INTO enlist values("MarkMitchell50", 22 );
INSERT INTO enlist values("JohnBanbury86", 22 );
INSERT INTO enlist values("GraceGabrielson54", 22 );
INSERT INTO enlist values("JonathanCarter93", 22 );
INSERT INTO enlist values("MaryJohnson20", 22 );
INSERT INTO enlist values("MarkSmith40", 22 );
INSERT INTO enlist values("TomMitchell56", 22 );
INSERT INTO enlist values("TomCohen79", 22 );
INSERT INTO enlist values("JonathanCarter93", 24 );
INSERT INTO enlist values("GraceJohnson29", 24 );
INSERT INTO enlist values("TomCarter24", 24 );
INSERT INTO enlist values("MaryJohnson20", 24 );
INSERT INTO enlist values("GraceCarter82", 24 );
INSERT INTO enlist values("JonathanStenbit92", 24 );
INSERT INTO enlist values("SarahGoldman57", 25 );
INSERT INTO enlist values("MaryRenninger28", 25 );
INSERT INTO enlist values("JohnHansen55", 28 );
INSERT INTO enlist values("JonathanFontenot36", 28 );
INSERT INTO enlist values("JenniferCohen87", 28 );
INSERT INTO enlist values("BenBanbury3", 28 );
INSERT INTO enlist values("JonathanStenbit92", 28 );
INSERT INTO enlist values("IanSmith96", 28 );
INSERT INTO enlist values("MattGabrielson47", 28 );
INSERT INTO enlist values("GraceHansen2", 28 );
INSERT INTO enlist values("JohnCarter1", 28 );
INSERT INTO enlist values("BenCarter15", 28 );
INSERT INTO enlist values("MaryStenbit75", 29 );
INSERT INTO enlist values("AllisonMitchell8", 31 );
INSERT INTO enlist values("TomMitchell56", 31 );
INSERT INTO enlist values("JohnSmith88", 31 );
INSERT INTO enlist values("SarahFontenot30", 31 );
INSERT INTO enlist values("JonathanReiss45", 31 );
INSERT INTO enlist values("MattCohen38", 31 );
INSERT INTO enlist values("BenKhan46", 31 );
INSERT INTO enlist values("JenniferMitchell62", 31 );
INSERT INTO enlist values("MarySmith32", 31 );
INSERT INTO enlist values("GraceGabrielson54", 31 );
INSERT INTO enlist values("JohnCarter1", 31 );
INSERT INTO enlist values("SarahSmith27", 31 );
INSERT INTO enlist values("IanMitchell14", 32 );
INSERT INTO enlist values("MattCohen73", 32 );
INSERT INTO enlist values("JonathanMitchell69", 33 );
INSERT INTO enlist values("MaryCohen16", 33 );
INSERT INTO enlist values("TomReiss51", 33 );
INSERT INTO enlist values("JonathanCohen4", 33 );
INSERT INTO enlist values("JenniferGabrielson94", 33 );
INSERT INTO enlist values("MarkGoldman12", 33 );
INSERT INTO enlist values("AllisonMitchell8", 33 );
INSERT INTO enlist values("MattBanbury91", 34 );
INSERT INTO enlist values("IanGabrielson19", 35 );
INSERT INTO enlist values("MarkGoldman12", 35 );
INSERT INTO enlist values("SarahSmith27", 35 );
INSERT INTO enlist values("TomCarter24", 35 );
INSERT INTO enlist values("AllisonCarter0", 35 );
INSERT INTO enlist values("MarySmith32", 35 );
INSERT INTO enlist values("TomFontenot7", 35 );
INSERT INTO enlist values("BobCohen22", 35 );
INSERT INTO enlist values("JackJohnson6", 35 );
INSERT INTO enlist values("IanBanbury77", 35 );
INSERT INTO enlist values("MattRenninger39", 35 );
INSERT INTO enlist values("JonathanFontenot36", 35 );
INSERT INTO enlist values("MattGabrielson47", 35 );
INSERT INTO enlist values("BenStenbit85", 35 );
INSERT INTO enlist values("JonathanCohen23", 35 );
INSERT INTO enlist values("MaryCarter37", 36 );
INSERT INTO enlist values("MattGabrielson47", 36 );
INSERT INTO enlist values("BobSmith83", 36 );
INSERT INTO enlist values("SarahRenninger13", 36 );
INSERT INTO enlist values("IanSmith65", 36 );
INSERT INTO enlist values("JenniferGabrielson94", 37 );
INSERT INTO enlist values("BenKhan46", 37 );
INSERT INTO enlist values("BobCohen22", 38 );
INSERT INTO enlist values("BenBanbury3", 38 );
INSERT INTO enlist values("JohnMitchell26", 38 );
INSERT INTO enlist values("KatyHansen74", 38 );
INSERT INTO enlist values("KatyJohnson66", 38 );
INSERT INTO enlist values("GraceJohnson29", 38 );
INSERT INTO enlist values("TomFontenot76", 38 );
INSERT INTO enlist values("TomReiss51", 39 );
INSERT INTO enlist values("KatyMitchell90", 39 );
INSERT INTO enlist values("GraceGabrielson54", 39 );
INSERT INTO enlist values("JonathanReiss45", 39 );
INSERT INTO enlist values("BobCohen22", 40 );
INSERT INTO enlist values("AllisonSmith59", 40 );
INSERT INTO enlist values("JonathanCohen23", 40 );
INSERT INTO enlist values("TimmothyCohen35", 40 );
INSERT INTO enlist values("MarySmith32", 40 );
INSERT INTO enlist values("JonathanFontenot36", 40 );
INSERT INTO enlist values("JonathanSmith99", 40 );
INSERT INTO enlist values("BobGabrielson18", 40 );
INSERT INTO enlist values("KatyGabrielson97", 40 );
INSERT INTO enlist values("JackHansen61", 40 );
INSERT INTO enlist values("JackReiss34", 40 );
INSERT INTO enlist values("JackJohnson6", 40 );
INSERT INTO enlist values("JackJohnson6", 41 );
INSERT INTO enlist values("TimmothyCohen35", 41 );
INSERT INTO enlist values("IanReiss10", 41 );
INSERT INTO enlist values("GraceJohnson29", 41 );
INSERT INTO enlist values("JackReiss34", 41 );
INSERT INTO enlist values("GraceGoldman80", 42 );
INSERT INTO enlist values("BenBanbury63", 43 );
INSERT INTO enlist values("JonathanReiss45", 43 );
INSERT INTO enlist values("MaryCohen81", 43 );
INSERT INTO enlist values("BenCarter15", 43 );
INSERT INTO enlist values("JohnBanbury86", 43 );
INSERT INTO enlist values("JonathanKhan95", 43 );
INSERT INTO enlist values("JonathanCarter93", 43 );
INSERT INTO enlist values("JenniferGabrielson94", 43 );
INSERT INTO enlist values("BobCohen22", 43 );
INSERT INTO enlist values("IanSmith65", 43 );
INSERT INTO enlist values("MarkKhan11", 44 );
INSERT INTO enlist values("GraceHansen2", 44 );
INSERT INTO enlist values("SarahRenninger13", 44 );
INSERT INTO enlist values("BobSmith83", 44 );
INSERT INTO enlist values("BenBanbury3", 44 );
INSERT INTO enlist values("JonathanMitchell69", 44 );
INSERT INTO enlist values("JohnBanbury86", 44 );
INSERT INTO enlist values("KatyRenninger5", 45 );
INSERT INTO enlist values("IanReiss10", 45 );
INSERT INTO enlist values("MaryRenninger28", 45 );
INSERT INTO enlist values("MaryCohen16", 45 );
INSERT INTO enlist values("JonathanKhan95", 45 );
INSERT INTO enlist values("IanSmith65", 45 );
INSERT INTO enlist values("GraceJohnson29", 45 );
INSERT INTO enlist values("GraceCarter82", 45 );
INSERT INTO enlist values("MaryCohen81", 45 );
INSERT INTO enlist values("MattRenninger39", 45 );
INSERT INTO enlist values("AllisonSmith59", 45 );
INSERT INTO enlist values("JohnCarter1", 45 );
INSERT INTO enlist values("JenniferMitchell62", 46 );
INSERT INTO enlist values("AllisonCohen49", 46 );
INSERT INTO enlist values("KatyHansen74", 46 );
INSERT INTO enlist values("KatyGabrielson97", 46 );
INSERT INTO enlist values("MaryCohen16", 46 );
INSERT INTO enlist values("JackFontenot21", 46 );
INSERT INTO enlist values("MattGabrielson47", 47 );
INSERT INTO enlist values("MarySmith32", 47 );
INSERT INTO enlist values("MaryStenbit75", 48 );
INSERT INTO enlist values("JackRenninger64", 48 );
INSERT INTO enlist values("JonathanCarter41", 49 );
INSERT INTO enlist values("JonathanMitchell69", 49 );
INSERT INTO enlist values("KatyHansen74", 49 );
INSERT INTO enlist values("AllisonBanbury31", 49 );
INSERT INTO enlist values("TomStenbit89", 49 );
INSERT INTO enlist values("TomMitchell56", 49 );
INSERT INTO enlist values("TomFontenot76", 49 );
INSERT INTO enlist values("JenniferGabrielson94", 50 );
INSERT INTO enlist values("JonathanStenbit92", 50 );
INSERT INTO enlist values("JonathanCohen23", 50 );
INSERT INTO enlist values("KatyMitchell90", 50 );
INSERT INTO enlist values("SarahSmith27", 50 );
INSERT INTO enlist values("TomReiss51", 50 );
INSERT INTO enlist values("MattCohen73", 50 );
INSERT INTO enlist values("JonathanCarter41", 50 );
INSERT INTO enlist values("BobRenninger70", 50 );
INSERT INTO enlist values("AllisonMitchell8", 50 );
INSERT INTO enlist values("MarkGoldman12", 50 );
INSERT INTO enlist values("GraceJohnson29", 50 );
INSERT INTO sportPreference(username, sport) values("AllisonCarter0", "indoor soccer");
INSERT INTO sportPreference(username, sport) values("AllisonCarter0", "squash");
INSERT INTO sportPreference(username, sport) values("AllisonCarter0", "football");
INSERT INTO sportPreference(username, sport) values("JohnCarter1", "squash");
INSERT INTO sportPreference(username, sport) values("JohnCarter1", "ping pong");
INSERT INTO sportPreference(username, sport) values("JohnCarter1", "football");
INSERT INTO sportPreference(username, sport) values("JohnCarter1", "indoor soccer");
INSERT INTO sportPreference(username, sport) values("GraceHansen2", "soccer");
INSERT INTO sportPreference(username, sport) values("BenBanbury3", "basketball");
INSERT INTO sportPreference(username, sport) values("BenBanbury3", "squash");
INSERT INTO sportPreference(username, sport) values("BenBanbury3", "indoor soccer");
INSERT INTO sportPreference(username, sport) values("BenBanbury3", "ping pong");
INSERT INTO sportPreference(username, sport) values("JonathanCohen4", "soccer");
INSERT INTO sportPreference(username, sport) values("JonathanCohen4", "football");
INSERT INTO sportPreference(username, sport) values("JonathanCohen4", "pool");
INSERT INTO sportPreference(username, sport) values("KatyRenninger5", "indoor soccer");
INSERT INTO sportPreference(username, sport) values("KatyRenninger5", "basketball");
INSERT INTO sportPreference(username, sport) values("JackJohnson6", "squash");
INSERT INTO sportPreference(username, sport) values("JackJohnson6", "ultimate frisbee");
INSERT INTO sportPreference(username, sport) values("JackJohnson6", "tennis");
INSERT INTO sportPreference(username, sport) values("TomFontenot7", "football");
INSERT INTO sportPreference(username, sport) values("TomFontenot7", "soccer");
INSERT INTO sportPreference(username, sport) values("TomFontenot7", "indoor soccer");
INSERT INTO sportPreference(username, sport) values("TomFontenot7", "basketball");
INSERT INTO sportPreference(username, sport) values("AllisonMitchell8", "basketball");
INSERT INTO sportPreference(username, sport) values("AllisonMitchell8", "soccer");
INSERT INTO sportPreference(username, sport) values("JohnFontenot9", "pool");
INSERT INTO sportPreference(username, sport) values("JohnFontenot9", "ping pong");
INSERT INTO sportPreference(username, sport) values("IanReiss10", "football");
INSERT INTO sportPreference(username, sport) values("MarkKhan11", "squash");
INSERT INTO sportPreference(username, sport) values("MarkGoldman12", "soccer");
INSERT INTO sportPreference(username, sport) values("MarkGoldman12", "squash");
INSERT INTO sportPreference(username, sport) values("MarkGoldman12", "ping pong");
INSERT INTO sportPreference(username, sport) values("MarkGoldman12", "indoor soccer");
INSERT INTO sportPreference(username, sport) values("SarahRenninger13", "ultimate frisbee");
INSERT INTO sportPreference(username, sport) values("IanMitchell14", "soccer");
INSERT INTO sportPreference(username, sport) values("IanMitchell14", "tennis");
INSERT INTO sportPreference(username, sport) values("IanMitchell14", "pool");
INSERT INTO sportPreference(username, sport) values("IanMitchell14", "squash");
INSERT INTO sportPreference(username, sport) values("BenCarter15", "football");
INSERT INTO sportPreference(username, sport) values("BenCarter15", "pool");
INSERT INTO sportPreference(username, sport) values("BenCarter15", "tennis");
INSERT INTO sportPreference(username, sport) values("BenCarter15", "squash");
INSERT INTO sportPreference(username, sport) values("MaryCohen16", "indoor soccer");
INSERT INTO sportPreference(username, sport) values("MaryCohen16", "pool");
INSERT INTO sportPreference(username, sport) values("MaryCohen16", "ultimate frisbee");
INSERT INTO sportPreference(username, sport) values("MaryCohen16", "football");
INSERT INTO sportPreference(username, sport) values("IanHansen17", "tennis");
INSERT INTO sportPreference(username, sport) values("IanHansen17", "squash");
INSERT INTO sportPreference(username, sport) values("IanHansen17", "basketball");
INSERT INTO sportPreference(username, sport) values("IanHansen17", "ultimate frisbee");
INSERT INTO sportPreference(username, sport) values("BobGabrielson18", "ping pong");
INSERT INTO sportPreference(username, sport) values("IanGabrielson19", "tennis");
INSERT INTO sportPreference(username, sport) values("IanGabrielson19", "basketball");
INSERT INTO sportPreference(username, sport) values("IanGabrielson19", "pool");
INSERT INTO sportPreference(username, sport) values("MaryJohnson20", "ping pong");
INSERT INTO sportPreference(username, sport) values("MaryJohnson20", "ultimate frisbee");
INSERT INTO sportPreference(username, sport) values("MaryJohnson20", "basketball");
INSERT INTO sportPreference(username, sport) values("MaryJohnson20", "football");
INSERT INTO sportPreference(username, sport) values("JackFontenot21", "squash");
INSERT INTO sportPreference(username, sport) values("JackFontenot21", "tennis");
INSERT INTO sportPreference(username, sport) values("JackFontenot21", "ping pong");
INSERT INTO sportPreference(username, sport) values("BobCohen22", "ultimate frisbee");
INSERT INTO sportPreference(username, sport) values("JonathanCohen23", "pool");
INSERT INTO sportPreference(username, sport) values("TomCarter24", "football");
INSERT INTO sportPreference(username, sport) values("TomCarter24", "ping pong");
INSERT INTO sportPreference(username, sport) values("BobHansen25", "pool");
INSERT INTO sportPreference(username, sport) values("BobHansen25", "soccer");
INSERT INTO sportPreference(username, sport) values("JohnMitchell26", "ultimate frisbee");
INSERT INTO sportPreference(username, sport) values("JohnMitchell26", "basketball");
INSERT INTO sportPreference(username, sport) values("JohnMitchell26", "squash");
INSERT INTO sportPreference(username, sport) values("JohnMitchell26", "soccer");
INSERT INTO sportPreference(username, sport) values("SarahSmith27", "football");
INSERT INTO sportPreference(username, sport) values("MaryRenninger28", "squash");
INSERT INTO sportPreference(username, sport) values("MaryRenninger28", "ultimate frisbee");
INSERT INTO sportPreference(username, sport) values("MaryRenninger28", "pool");
INSERT INTO sportPreference(username, sport) values("GraceJohnson29", "ultimate frisbee");
INSERT INTO sportPreference(username, sport) values("SarahFontenot30", "tennis");
INSERT INTO sportPreference(username, sport) values("SarahFontenot30", "squash");
INSERT INTO sportPreference(username, sport) values("SarahFontenot30", "basketball");
INSERT INTO sportPreference(username, sport) values("AllisonBanbury31", "indoor soccer");
INSERT INTO sportPreference(username, sport) values("AllisonBanbury31", "soccer");
INSERT INTO sportPreference(username, sport) values("MarySmith32", "indoor soccer");
INSERT INTO sportPreference(username, sport) values("MarySmith32", "soccer");
INSERT INTO sportPreference(username, sport) values("MarySmith32", "pool");
INSERT INTO sportPreference(username, sport) values("MarySmith32", "ping pong");
INSERT INTO sportPreference(username, sport) values("MaryKhan33", "soccer");
INSERT INTO sportPreference(username, sport) values("JackReiss34", "tennis");
INSERT INTO sportPreference(username, sport) values("TimmothyCohen35", "ultimate frisbee");
INSERT INTO sportPreference(username, sport) values("TimmothyCohen35", "indoor soccer");
INSERT INTO sportPreference(username, sport) values("TimmothyCohen35", "soccer");
INSERT INTO sportPreference(username, sport) values("TimmothyCohen35", "squash");
INSERT INTO sportPreference(username, sport) values("JonathanFontenot36", "ultimate frisbee");
INSERT INTO sportPreference(username, sport) values("JonathanFontenot36", "tennis");
INSERT INTO sportPreference(username, sport) values("JonathanFontenot36", "ping pong");
INSERT INTO sportPreference(username, sport) values("JonathanFontenot36", "football");
INSERT INTO sportPreference(username, sport) values("MaryCarter37", "ping pong");
INSERT INTO sportPreference(username, sport) values("MaryCarter37", "pool");
INSERT INTO sportPreference(username, sport) values("MaryCarter37", "indoor soccer");
INSERT INTO sportPreference(username, sport) values("MattCohen38", "ping pong");
INSERT INTO sportPreference(username, sport) values("MattCohen38", "ultimate frisbee");
INSERT INTO sportPreference(username, sport) values("MattCohen38", "squash");
INSERT INTO sportPreference(username, sport) values("MattCohen38", "indoor soccer");
INSERT INTO sportPreference(username, sport) values("MattRenninger39", "pool");
INSERT INTO sportPreference(username, sport) values("MattRenninger39", "ping pong");
INSERT INTO sportPreference(username, sport) values("MarkSmith40", "basketball");
INSERT INTO sportPreference(username, sport) values("MarkSmith40", "pool");
INSERT INTO sportPreference(username, sport) values("MarkSmith40", "squash");
INSERT INTO sportPreference(username, sport) values("JonathanCarter41", "ultimate frisbee");
INSERT INTO sportPreference(username, sport) values("IanSmith42", "pool");
INSERT INTO sportPreference(username, sport) values("IanSmith42", "basketball");
INSERT INTO sportPreference(username, sport) values("GraceKhan43", "pool");
INSERT INTO sportPreference(username, sport) values("GraceKhan43", "tennis");
INSERT INTO sportPreference(username, sport) values("GraceKhan43", "ping pong");
INSERT INTO sportPreference(username, sport) values("TomReiss44", "tennis");
INSERT INTO sportPreference(username, sport) values("JonathanReiss45", "indoor soccer");
INSERT INTO sportPreference(username, sport) values("BenKhan46", "indoor soccer");
INSERT INTO sportPreference(username, sport) values("BenKhan46", "football");
INSERT INTO sportPreference(username, sport) values("BenKhan46", "basketball");
INSERT INTO sportPreference(username, sport) values("BenKhan46", "soccer");
INSERT INTO sportPreference(username, sport) values("MattGabrielson47", "pool");
INSERT INTO sportPreference(username, sport) values("MattGabrielson47", "football");
INSERT INTO sportPreference(username, sport) values("MattGabrielson47", "squash");
INSERT INTO sportPreference(username, sport) values("BenFontenot48", "tennis");
INSERT INTO sportPreference(username, sport) values("BenFontenot48", "ultimate frisbee");
INSERT INTO sportPreference(username, sport) values("BenFontenot48", "ping pong");
INSERT INTO sportPreference(username, sport) values("BenFontenot48", "soccer");
INSERT INTO sportPreference(username, sport) values("AllisonCohen49", "pool");
INSERT INTO sportPreference(username, sport) values("AllisonCohen49", "squash");
INSERT INTO sportPreference(username, sport) values("MarkMitchell50", "basketball");
INSERT INTO sportPreference(username, sport) values("MarkMitchell50", "indoor soccer");
INSERT INTO sportPreference(username, sport) values("TomReiss51", "tennis");
INSERT INTO sportPreference(username, sport) values("TomReiss51", "basketball");
INSERT INTO sportPreference(username, sport) values("TomReiss51", "squash");
INSERT INTO sportPreference(username, sport) values("TomReiss51", "soccer");
INSERT INTO sportPreference(username, sport) values("JackGoldman52", "tennis");
INSERT INTO sportPreference(username, sport) values("JackGoldman52", "basketball");
INSERT INTO sportPreference(username, sport) values("JackSmith53", "basketball");
INSERT INTO sportPreference(username, sport) values("GraceGabrielson54", "ultimate frisbee");
INSERT INTO sportPreference(username, sport) values("GraceGabrielson54", "basketball");
INSERT INTO sportPreference(username, sport) values("GraceGabrielson54", "tennis");
INSERT INTO sportPreference(username, sport) values("GraceGabrielson54", "indoor soccer");
INSERT INTO sportPreference(username, sport) values("JohnHansen55", "squash");
INSERT INTO sportPreference(username, sport) values("JohnHansen55", "pool");
INSERT INTO sportPreference(username, sport) values("TomMitchell56", "ultimate frisbee");
INSERT INTO sportPreference(username, sport) values("TomMitchell56", "pool");
INSERT INTO sportPreference(username, sport) values("TomMitchell56", "basketball");
INSERT INTO sportPreference(username, sport) values("SarahGoldman57", "ping pong");
INSERT INTO sportPreference(username, sport) values("JackStenbit58", "football");
INSERT INTO sportPreference(username, sport) values("JackStenbit58", "ping pong");
INSERT INTO sportPreference(username, sport) values("JackStenbit58", "soccer");
INSERT INTO sportPreference(username, sport) values("JackStenbit58", "basketball");
INSERT INTO sportPreference(username, sport) values("AllisonSmith59", "basketball");
INSERT INTO sportPreference(username, sport) values("AllisonSmith59", "pool");
INSERT INTO sportPreference(username, sport) values("AllisonSmith59", "squash");
INSERT INTO sportPreference(username, sport) values("MattKhan60", "basketball");
INSERT INTO sportPreference(username, sport) values("MattKhan60", "football");
INSERT INTO sportPreference(username, sport) values("MattKhan60", "squash");
INSERT INTO sportPreference(username, sport) values("JackHansen61", "pool");
INSERT INTO sportPreference(username, sport) values("JenniferMitchell62", "pool");
INSERT INTO sportPreference(username, sport) values("JenniferMitchell62", "soccer");
INSERT INTO sportPreference(username, sport) values("BenBanbury63", "basketball");
INSERT INTO sportPreference(username, sport) values("JackRenninger64", "squash");
INSERT INTO sportPreference(username, sport) values("JackRenninger64", "tennis");
INSERT INTO sportPreference(username, sport) values("IanSmith65", "basketball");
INSERT INTO sportPreference(username, sport) values("IanSmith65", "squash");
INSERT INTO sportPreference(username, sport) values("IanSmith65", "pool");
INSERT INTO sportPreference(username, sport) values("KatyJohnson66", "squash");
INSERT INTO sportPreference(username, sport) values("KatyJohnson66", "basketball");
INSERT INTO sportPreference(username, sport) values("KatyJohnson66", "indoor soccer");
INSERT INTO sportPreference(username, sport) values("KatyJohnson66", "ultimate frisbee");
INSERT INTO sportPreference(username, sport) values("MarkHansen67", "ultimate frisbee");
INSERT INTO sportPreference(username, sport) values("MarkHansen67", "squash");
INSERT INTO sportPreference(username, sport) values("MarkHansen67", "pool");
INSERT INTO sportPreference(username, sport) values("MarkHansen67", "ping pong");
INSERT INTO sportPreference(username, sport) values("IanKhan68", "ping pong");
INSERT INTO sportPreference(username, sport) values("IanKhan68", "pool");
INSERT INTO sportPreference(username, sport) values("IanKhan68", "squash");
INSERT INTO sportPreference(username, sport) values("IanKhan68", "basketball");
INSERT INTO sportPreference(username, sport) values("JonathanMitchell69", "squash");
INSERT INTO sportPreference(username, sport) values("JonathanMitchell69", "football");
INSERT INTO sportPreference(username, sport) values("JonathanMitchell69", "pool");
INSERT INTO sportPreference(username, sport) values("BobRenninger70", "football");
INSERT INTO sportPreference(username, sport) values("BobRenninger70", "pool");
INSERT INTO sportPreference(username, sport) values("BobRenninger70", "squash");
INSERT INTO sportPreference(username, sport) values("BobRenninger70", "ultimate frisbee");
INSERT INTO sportPreference(username, sport) values("GraceCarter71", "indoor soccer");
INSERT INTO sportPreference(username, sport) values("GraceCarter71", "ultimate frisbee");
INSERT INTO sportPreference(username, sport) values("GraceCarter71", "tennis");
INSERT INTO sportPreference(username, sport) values("JonathanCohen72", "basketball");
INSERT INTO sportPreference(username, sport) values("JonathanCohen72", "indoor soccer");
INSERT INTO sportPreference(username, sport) values("JonathanCohen72", "squash");
INSERT INTO sportPreference(username, sport) values("MattCohen73", "tennis");
INSERT INTO sportPreference(username, sport) values("MattCohen73", "indoor soccer");
INSERT INTO sportPreference(username, sport) values("MattCohen73", "ultimate frisbee");
INSERT INTO sportPreference(username, sport) values("MattCohen73", "pool");
INSERT INTO sportPreference(username, sport) values("KatyHansen74", "tennis");
INSERT INTO sportPreference(username, sport) values("MaryStenbit75", "basketball");
INSERT INTO sportPreference(username, sport) values("MaryStenbit75", "pool");
INSERT INTO sportPreference(username, sport) values("MaryStenbit75", "tennis");
INSERT INTO sportPreference(username, sport) values("MaryStenbit75", "squash");
INSERT INTO sportPreference(username, sport) values("TomFontenot76", "basketball");
INSERT INTO sportPreference(username, sport) values("TomFontenot76", "squash");
INSERT INTO sportPreference(username, sport) values("IanBanbury77", "ping pong");
INSERT INTO sportPreference(username, sport) values("BenFontenot78", "squash");
INSERT INTO sportPreference(username, sport) values("TomCohen79", "ultimate frisbee");
INSERT INTO sportPreference(username, sport) values("TomCohen79", "soccer");
INSERT INTO sportPreference(username, sport) values("TomCohen79", "football");
INSERT INTO sportPreference(username, sport) values("TomCohen79", "ping pong");
INSERT INTO sportPreference(username, sport) values("GraceGoldman80", "football");
INSERT INTO sportPreference(username, sport) values("GraceGoldman80", "pool");
INSERT INTO sportPreference(username, sport) values("GraceGoldman80", "indoor soccer");
INSERT INTO sportPreference(username, sport) values("GraceGoldman80", "ping pong");
INSERT INTO sportPreference(username, sport) values("MaryCohen81", "soccer");
INSERT INTO sportPreference(username, sport) values("MaryCohen81", "ping pong");
INSERT INTO sportPreference(username, sport) values("MaryCohen81", "football");
INSERT INTO sportPreference(username, sport) values("MaryCohen81", "tennis");
INSERT INTO sportPreference(username, sport) values("GraceCarter82", "pool");
INSERT INTO sportPreference(username, sport) values("GraceCarter82", "football");
INSERT INTO sportPreference(username, sport) values("GraceCarter82", "indoor soccer");
INSERT INTO sportPreference(username, sport) values("BobSmith83", "ping pong");
INSERT INTO sportPreference(username, sport) values("BobSmith83", "squash");
INSERT INTO sportPreference(username, sport) values("BobSmith83", "pool");
INSERT INTO sportPreference(username, sport) values("BobSmith83", "soccer");
INSERT INTO sportPreference(username, sport) values("BobStenbit84", "indoor soccer");
INSERT INTO sportPreference(username, sport) values("BobStenbit84", "ultimate frisbee");
INSERT INTO sportPreference(username, sport) values("BobStenbit84", "football");
INSERT INTO sportPreference(username, sport) values("BenStenbit85", "ping pong");
INSERT INTO sportPreference(username, sport) values("BenStenbit85", "football");
INSERT INTO sportPreference(username, sport) values("BenStenbit85", "pool");
INSERT INTO sportPreference(username, sport) values("JohnBanbury86", "football");
INSERT INTO sportPreference(username, sport) values("JohnBanbury86", "pool");
INSERT INTO sportPreference(username, sport) values("JenniferCohen87", "squash");
INSERT INTO sportPreference(username, sport) values("JohnSmith88", "soccer");
INSERT INTO sportPreference(username, sport) values("JohnSmith88", "ping pong");
INSERT INTO sportPreference(username, sport) values("JohnSmith88", "pool");
INSERT INTO sportPreference(username, sport) values("TomStenbit89", "basketball");
INSERT INTO sportPreference(username, sport) values("TomStenbit89", "football");
INSERT INTO sportPreference(username, sport) values("TomStenbit89", "soccer");
INSERT INTO sportPreference(username, sport) values("TomStenbit89", "indoor soccer");
INSERT INTO sportPreference(username, sport) values("KatyMitchell90", "squash");
INSERT INTO sportPreference(username, sport) values("KatyMitchell90", "tennis");
INSERT INTO sportPreference(username, sport) values("MattBanbury91", "ultimate frisbee");
INSERT INTO sportPreference(username, sport) values("MattBanbury91", "squash");
INSERT INTO sportPreference(username, sport) values("MattBanbury91", "tennis");
INSERT INTO sportPreference(username, sport) values("JonathanStenbit92", "squash");
INSERT INTO sportPreference(username, sport) values("JonathanStenbit92", "pool");
INSERT INTO sportPreference(username, sport) values("JonathanCarter93", "basketball");
INSERT INTO sportPreference(username, sport) values("JonathanCarter93", "ping pong");
INSERT INTO sportPreference(username, sport) values("JonathanCarter93", "soccer");
INSERT INTO sportPreference(username, sport) values("JonathanCarter93", "indoor soccer");
INSERT INTO sportPreference(username, sport) values("JenniferGabrielson94", "ping pong");
INSERT INTO sportPreference(username, sport) values("JenniferGabrielson94", "basketball");
INSERT INTO sportPreference(username, sport) values("JenniferGabrielson94", "squash");
INSERT INTO sportPreference(username, sport) values("JonathanKhan95", "tennis");
INSERT INTO sportPreference(username, sport) values("JonathanKhan95", "football");
INSERT INTO sportPreference(username, sport) values("IanSmith96", "squash");
INSERT INTO sportPreference(username, sport) values("IanSmith96", "football");
INSERT INTO sportPreference(username, sport) values("KatyGabrielson97", "ultimate frisbee");
INSERT INTO sportPreference(username, sport) values("KatyGabrielson97", "football");
INSERT INTO sportPreference(username, sport) values("KatyGabrielson97", "soccer");
INSERT INTO sportPreference(username, sport) values("KatyGabrielson97", "basketball");
INSERT INTO sportPreference(username, sport) values("GraceStenbit98", "pool");
INSERT INTO sportPreference(username, sport) values("GraceStenbit98", "indoor soccer");
INSERT INTO sportPreference(username, sport) values("GraceStenbit98", "tennis");
INSERT INTO sportPreference(username, sport) values("JonathanSmith99", "basketball");
INSERT INTO sportPreference(username, sport) values("JonathanSmith99", "tennis");
INSERT INTO sportPreference(username, sport) values("JonathanSmith99", "indoor soccer");
INSERT INTO sportPreference(username, sport) values("JonathanSmith99", "ping pong");
