DROP DATABASE IF EXISTS pickup;

CREATE DATABASE pickup;

USE pickup;

CREATE TABLE user(
name VARCHAR(100),
id INT auto_increment PRIMARY KEY,
salt VARCHAR(256),
hash VARCHAR(64),
email VARCHAR(100)
);

CREATE TABLE login(
login DATETIME,
username VARCHAR(100),
PRIMARY KEY(login, username)
);

CREATE TABLE session(
username VARCHAR(100),
sessionKey VARCHAR(256)
);

CREATE TABLE chat(
chatID INT auto_increment PRIMARY KEY,
username VARCHAR(100),
gameID INT,
message VARCHAR(1000),
time TIME
);

CREATE TABLE friend(
friender VARCHAR(100),
friendee VARCHAR(100),
PRIMARY KEY(friender, friendee)
);

CREATE TABLE sportPreference(
username VARCHAR(100),
sport VARCHAR(100),
PRIMARY KEY(username, sport)
);

CREATE TABLE game(
id INT PRIMARY KEY auto_increment,
sport VARCHAR(100),
time TIME,
date DATE,
playerCount INT,
location VARCHAR(100),
full TINYINT
);

CREATE TABLE enlist(
playerName VARCHAR(100),
gameID INT,
PRIMARY KEY(playerName, gameID)
);



INSERT INTO user(name, salt, hash) values("TomBanbury0","1jo5OFAVDpC6xaEgt8sSuHcOSzo1SnkEVF5jHwD39SJegUlvz8nBLNeJBK6StVPCKzNNxUpOToQojUW304fW5gjniSqWejeBxo6Xtlgb0qIWW4vYoRYIIPRph8YwiW1mSxZ6sahYlfruDA52wtwPw82I9EVnEul7jRMbbFGFD2NDNW3AinEFt5sqMa84tKK0V9JJyRe4FY7yFTOVjSMV41WF2srbI3k0QVGoEaQ7r0tijCBnXil4QVwQ0ya1FW3g","d528cbceddde5d3cbc0f6f3b841a48e10d35fd84eea400959a2bc450c19d1a2f");
INSERT INTO user(name, salt, hash) values("GraceKhan1","1jo5OFAVDpC6xaEgt8sSuHcOSzo1SnkEVF5jHwD39SJegUlvz8nBLNeJBK6StVPCKzNNxUpOToQojUW304fW5gjniSqWejeBxo6Xtlgb0qIWW4vYoRYIIPRph8YwiW1mSxZ6sahYlfruDA52wtwPw82I9EVnEul7jRMbbFGFD2NDNW3AinEFt5sqMa84tKK0V9JJyRe4FY7yFTOVjSMV41WF2srbI3k0QVGoEaQ7r0tijCBnXil4QVwQ0ya1FW3g","d528cbceddde5d3cbc0f6f3b841a48e10d35fd84eea400959a2bc450c19d1a2f");
INSERT INTO user(name, salt, hash) values("TimmothyFontenot2","1jo5OFAVDpC6xaEgt8sSuHcOSzo1SnkEVF5jHwD39SJegUlvz8nBLNeJBK6StVPCKzNNxUpOToQojUW304fW5gjniSqWejeBxo6Xtlgb0qIWW4vYoRYIIPRph8YwiW1mSxZ6sahYlfruDA52wtwPw82I9EVnEul7jRMbbFGFD2NDNW3AinEFt5sqMa84tKK0V9JJyRe4FY7yFTOVjSMV41WF2srbI3k0QVGoEaQ7r0tijCBnXil4QVwQ0ya1FW3g","d528cbceddde5d3cbc0f6f3b841a48e10d35fd84eea400959a2bc450c19d1a2f");
INSERT INTO user(name, salt, hash) values("MarkSmith3","1jo5OFAVDpC6xaEgt8sSuHcOSzo1SnkEVF5jHwD39SJegUlvz8nBLNeJBK6StVPCKzNNxUpOToQojUW304fW5gjniSqWejeBxo6Xtlgb0qIWW4vYoRYIIPRph8YwiW1mSxZ6sahYlfruDA52wtwPw82I9EVnEul7jRMbbFGFD2NDNW3AinEFt5sqMa84tKK0V9JJyRe4FY7yFTOVjSMV41WF2srbI3k0QVGoEaQ7r0tijCBnXil4QVwQ0ya1FW3g","d528cbceddde5d3cbc0f6f3b841a48e10d35fd84eea400959a2bc450c19d1a2f");
INSERT INTO user(name, salt, hash) values("TimmothyHansen4","1jo5OFAVDpC6xaEgt8sSuHcOSzo1SnkEVF5jHwD39SJegUlvz8nBLNeJBK6StVPCKzNNxUpOToQojUW304fW5gjniSqWejeBxo6Xtlgb0qIWW4vYoRYIIPRph8YwiW1mSxZ6sahYlfruDA52wtwPw82I9EVnEul7jRMbbFGFD2NDNW3AinEFt5sqMa84tKK0V9JJyRe4FY7yFTOVjSMV41WF2srbI3k0QVGoEaQ7r0tijCBnXil4QVwQ0ya1FW3g","d528cbceddde5d3cbc0f6f3b841a48e10d35fd84eea400959a2bc450c19d1a2f");
INSERT INTO user(name, salt, hash) values("JenniferJohnson5","1jo5OFAVDpC6xaEgt8sSuHcOSzo1SnkEVF5jHwD39SJegUlvz8nBLNeJBK6StVPCKzNNxUpOToQojUW304fW5gjniSqWejeBxo6Xtlgb0qIWW4vYoRYIIPRph8YwiW1mSxZ6sahYlfruDA52wtwPw82I9EVnEul7jRMbbFGFD2NDNW3AinEFt5sqMa84tKK0V9JJyRe4FY7yFTOVjSMV41WF2srbI3k0QVGoEaQ7r0tijCBnXil4QVwQ0ya1FW3g","d528cbceddde5d3cbc0f6f3b841a48e10d35fd84eea400959a2bc450c19d1a2f");
INSERT INTO user(name, salt, hash) values("TomRenninger6","1jo5OFAVDpC6xaEgt8sSuHcOSzo1SnkEVF5jHwD39SJegUlvz8nBLNeJBK6StVPCKzNNxUpOToQojUW304fW5gjniSqWejeBxo6Xtlgb0qIWW4vYoRYIIPRph8YwiW1mSxZ6sahYlfruDA52wtwPw82I9EVnEul7jRMbbFGFD2NDNW3AinEFt5sqMa84tKK0V9JJyRe4FY7yFTOVjSMV41WF2srbI3k0QVGoEaQ7r0tijCBnXil4QVwQ0ya1FW3g","d528cbceddde5d3cbc0f6f3b841a48e10d35fd84eea400959a2bc450c19d1a2f");
INSERT INTO user(name, salt, hash) values("PaigeFontenot7","1jo5OFAVDpC6xaEgt8sSuHcOSzo1SnkEVF5jHwD39SJegUlvz8nBLNeJBK6StVPCKzNNxUpOToQojUW304fW5gjniSqWejeBxo6Xtlgb0qIWW4vYoRYIIPRph8YwiW1mSxZ6sahYlfruDA52wtwPw82I9EVnEul7jRMbbFGFD2NDNW3AinEFt5sqMa84tKK0V9JJyRe4FY7yFTOVjSMV41WF2srbI3k0QVGoEaQ7r0tijCBnXil4QVwQ0ya1FW3g","d528cbceddde5d3cbc0f6f3b841a48e10d35fd84eea400959a2bc450c19d1a2f");
INSERT INTO user(name, salt, hash) values("PaigeMitchell8","1jo5OFAVDpC6xaEgt8sSuHcOSzo1SnkEVF5jHwD39SJegUlvz8nBLNeJBK6StVPCKzNNxUpOToQojUW304fW5gjniSqWejeBxo6Xtlgb0qIWW4vYoRYIIPRph8YwiW1mSxZ6sahYlfruDA52wtwPw82I9EVnEul7jRMbbFGFD2NDNW3AinEFt5sqMa84tKK0V9JJyRe4FY7yFTOVjSMV41WF2srbI3k0QVGoEaQ7r0tijCBnXil4QVwQ0ya1FW3g","d528cbceddde5d3cbc0f6f3b841a48e10d35fd84eea400959a2bc450c19d1a2f");
INSERT INTO user(name, salt, hash) values("TimmothyHansen9","1jo5OFAVDpC6xaEgt8sSuHcOSzo1SnkEVF5jHwD39SJegUlvz8nBLNeJBK6StVPCKzNNxUpOToQojUW304fW5gjniSqWejeBxo6Xtlgb0qIWW4vYoRYIIPRph8YwiW1mSxZ6sahYlfruDA52wtwPw82I9EVnEul7jRMbbFGFD2NDNW3AinEFt5sqMa84tKK0V9JJyRe4FY7yFTOVjSMV41WF2srbI3k0QVGoEaQ7r0tijCBnXil4QVwQ0ya1FW3g","d528cbceddde5d3cbc0f6f3b841a48e10d35fd84eea400959a2bc450c19d1a2f");
INSERT INTO user(name, salt, hash) values("BenHansen10","1jo5OFAVDpC6xaEgt8sSuHcOSzo1SnkEVF5jHwD39SJegUlvz8nBLNeJBK6StVPCKzNNxUpOToQojUW304fW5gjniSqWejeBxo6Xtlgb0qIWW4vYoRYIIPRph8YwiW1mSxZ6sahYlfruDA52wtwPw82I9EVnEul7jRMbbFGFD2NDNW3AinEFt5sqMa84tKK0V9JJyRe4FY7yFTOVjSMV41WF2srbI3k0QVGoEaQ7r0tijCBnXil4QVwQ0ya1FW3g","d528cbceddde5d3cbc0f6f3b841a48e10d35fd84eea400959a2bc450c19d1a2f");
INSERT INTO user(name, salt, hash) values("TimmothyGoldman11","1jo5OFAVDpC6xaEgt8sSuHcOSzo1SnkEVF5jHwD39SJegUlvz8nBLNeJBK6StVPCKzNNxUpOToQojUW304fW5gjniSqWejeBxo6Xtlgb0qIWW4vYoRYIIPRph8YwiW1mSxZ6sahYlfruDA52wtwPw82I9EVnEul7jRMbbFGFD2NDNW3AinEFt5sqMa84tKK0V9JJyRe4FY7yFTOVjSMV41WF2srbI3k0QVGoEaQ7r0tijCBnXil4QVwQ0ya1FW3g","d528cbceddde5d3cbc0f6f3b841a48e10d35fd84eea400959a2bc450c19d1a2f");
INSERT INTO user(name, salt, hash) values("JohnGabrielson12","1jo5OFAVDpC6xaEgt8sSuHcOSzo1SnkEVF5jHwD39SJegUlvz8nBLNeJBK6StVPCKzNNxUpOToQojUW304fW5gjniSqWejeBxo6Xtlgb0qIWW4vYoRYIIPRph8YwiW1mSxZ6sahYlfruDA52wtwPw82I9EVnEul7jRMbbFGFD2NDNW3AinEFt5sqMa84tKK0V9JJyRe4FY7yFTOVjSMV41WF2srbI3k0QVGoEaQ7r0tijCBnXil4QVwQ0ya1FW3g","d528cbceddde5d3cbc0f6f3b841a48e10d35fd84eea400959a2bc450c19d1a2f");
INSERT INTO user(name, salt, hash) values("JonathanBanbury13","1jo5OFAVDpC6xaEgt8sSuHcOSzo1SnkEVF5jHwD39SJegUlvz8nBLNeJBK6StVPCKzNNxUpOToQojUW304fW5gjniSqWejeBxo6Xtlgb0qIWW4vYoRYIIPRph8YwiW1mSxZ6sahYlfruDA52wtwPw82I9EVnEul7jRMbbFGFD2NDNW3AinEFt5sqMa84tKK0V9JJyRe4FY7yFTOVjSMV41WF2srbI3k0QVGoEaQ7r0tijCBnXil4QVwQ0ya1FW3g","d528cbceddde5d3cbc0f6f3b841a48e10d35fd84eea400959a2bc450c19d1a2f");
INSERT INTO user(name, salt, hash) values("KatieKhan14","1jo5OFAVDpC6xaEgt8sSuHcOSzo1SnkEVF5jHwD39SJegUlvz8nBLNeJBK6StVPCKzNNxUpOToQojUW304fW5gjniSqWejeBxo6Xtlgb0qIWW4vYoRYIIPRph8YwiW1mSxZ6sahYlfruDA52wtwPw82I9EVnEul7jRMbbFGFD2NDNW3AinEFt5sqMa84tKK0V9JJyRe4FY7yFTOVjSMV41WF2srbI3k0QVGoEaQ7r0tijCBnXil4QVwQ0ya1FW3g","d528cbceddde5d3cbc0f6f3b841a48e10d35fd84eea400959a2bc450c19d1a2f");
INSERT INTO user(name, salt, hash) values("MattCarter15","1jo5OFAVDpC6xaEgt8sSuHcOSzo1SnkEVF5jHwD39SJegUlvz8nBLNeJBK6StVPCKzNNxUpOToQojUW304fW5gjniSqWejeBxo6Xtlgb0qIWW4vYoRYIIPRph8YwiW1mSxZ6sahYlfruDA52wtwPw82I9EVnEul7jRMbbFGFD2NDNW3AinEFt5sqMa84tKK0V9JJyRe4FY7yFTOVjSMV41WF2srbI3k0QVGoEaQ7r0tijCBnXil4QVwQ0ya1FW3g","d528cbceddde5d3cbc0f6f3b841a48e10d35fd84eea400959a2bc450c19d1a2f");
INSERT INTO user(name, salt, hash) values("MattStenbit16","1jo5OFAVDpC6xaEgt8sSuHcOSzo1SnkEVF5jHwD39SJegUlvz8nBLNeJBK6StVPCKzNNxUpOToQojUW304fW5gjniSqWejeBxo6Xtlgb0qIWW4vYoRYIIPRph8YwiW1mSxZ6sahYlfruDA52wtwPw82I9EVnEul7jRMbbFGFD2NDNW3AinEFt5sqMa84tKK0V9JJyRe4FY7yFTOVjSMV41WF2srbI3k0QVGoEaQ7r0tijCBnXil4QVwQ0ya1FW3g","d528cbceddde5d3cbc0f6f3b841a48e10d35fd84eea400959a2bc450c19d1a2f");
INSERT INTO user(name, salt, hash) values("BobFontenot17","1jo5OFAVDpC6xaEgt8sSuHcOSzo1SnkEVF5jHwD39SJegUlvz8nBLNeJBK6StVPCKzNNxUpOToQojUW304fW5gjniSqWejeBxo6Xtlgb0qIWW4vYoRYIIPRph8YwiW1mSxZ6sahYlfruDA52wtwPw82I9EVnEul7jRMbbFGFD2NDNW3AinEFt5sqMa84tKK0V9JJyRe4FY7yFTOVjSMV41WF2srbI3k0QVGoEaQ7r0tijCBnXil4QVwQ0ya1FW3g","d528cbceddde5d3cbc0f6f3b841a48e10d35fd84eea400959a2bc450c19d1a2f");
INSERT INTO user(name, salt, hash) values("TomGoldman18","1jo5OFAVDpC6xaEgt8sSuHcOSzo1SnkEVF5jHwD39SJegUlvz8nBLNeJBK6StVPCKzNNxUpOToQojUW304fW5gjniSqWejeBxo6Xtlgb0qIWW4vYoRYIIPRph8YwiW1mSxZ6sahYlfruDA52wtwPw82I9EVnEul7jRMbbFGFD2NDNW3AinEFt5sqMa84tKK0V9JJyRe4FY7yFTOVjSMV41WF2srbI3k0QVGoEaQ7r0tijCBnXil4QVwQ0ya1FW3g","d528cbceddde5d3cbc0f6f3b841a48e10d35fd84eea400959a2bc450c19d1a2f");
INSERT INTO user(name, salt, hash) values("MattCarter19","1jo5OFAVDpC6xaEgt8sSuHcOSzo1SnkEVF5jHwD39SJegUlvz8nBLNeJBK6StVPCKzNNxUpOToQojUW304fW5gjniSqWejeBxo6Xtlgb0qIWW4vYoRYIIPRph8YwiW1mSxZ6sahYlfruDA52wtwPw82I9EVnEul7jRMbbFGFD2NDNW3AinEFt5sqMa84tKK0V9JJyRe4FY7yFTOVjSMV41WF2srbI3k0QVGoEaQ7r0tijCBnXil4QVwQ0ya1FW3g","d528cbceddde5d3cbc0f6f3b841a48e10d35fd84eea400959a2bc450c19d1a2f");
INSERT INTO user(name, salt, hash) values("MattCohen20","1jo5OFAVDpC6xaEgt8sSuHcOSzo1SnkEVF5jHwD39SJegUlvz8nBLNeJBK6StVPCKzNNxUpOToQojUW304fW5gjniSqWejeBxo6Xtlgb0qIWW4vYoRYIIPRph8YwiW1mSxZ6sahYlfruDA52wtwPw82I9EVnEul7jRMbbFGFD2NDNW3AinEFt5sqMa84tKK0V9JJyRe4FY7yFTOVjSMV41WF2srbI3k0QVGoEaQ7r0tijCBnXil4QVwQ0ya1FW3g","d528cbceddde5d3cbc0f6f3b841a48e10d35fd84eea400959a2bc450c19d1a2f");
INSERT INTO user(name, salt, hash) values("GraceStenbit21","1jo5OFAVDpC6xaEgt8sSuHcOSzo1SnkEVF5jHwD39SJegUlvz8nBLNeJBK6StVPCKzNNxUpOToQojUW304fW5gjniSqWejeBxo6Xtlgb0qIWW4vYoRYIIPRph8YwiW1mSxZ6sahYlfruDA52wtwPw82I9EVnEul7jRMbbFGFD2NDNW3AinEFt5sqMa84tKK0V9JJyRe4FY7yFTOVjSMV41WF2srbI3k0QVGoEaQ7r0tijCBnXil4QVwQ0ya1FW3g","d528cbceddde5d3cbc0f6f3b841a48e10d35fd84eea400959a2bc450c19d1a2f");
INSERT INTO user(name, salt, hash) values("AllisonFontenot22","1jo5OFAVDpC6xaEgt8sSuHcOSzo1SnkEVF5jHwD39SJegUlvz8nBLNeJBK6StVPCKzNNxUpOToQojUW304fW5gjniSqWejeBxo6Xtlgb0qIWW4vYoRYIIPRph8YwiW1mSxZ6sahYlfruDA52wtwPw82I9EVnEul7jRMbbFGFD2NDNW3AinEFt5sqMa84tKK0V9JJyRe4FY7yFTOVjSMV41WF2srbI3k0QVGoEaQ7r0tijCBnXil4QVwQ0ya1FW3g","d528cbceddde5d3cbc0f6f3b841a48e10d35fd84eea400959a2bc450c19d1a2f");
INSERT INTO user(name, salt, hash) values("JohnReiss23","1jo5OFAVDpC6xaEgt8sSuHcOSzo1SnkEVF5jHwD39SJegUlvz8nBLNeJBK6StVPCKzNNxUpOToQojUW304fW5gjniSqWejeBxo6Xtlgb0qIWW4vYoRYIIPRph8YwiW1mSxZ6sahYlfruDA52wtwPw82I9EVnEul7jRMbbFGFD2NDNW3AinEFt5sqMa84tKK0V9JJyRe4FY7yFTOVjSMV41WF2srbI3k0QVGoEaQ7r0tijCBnXil4QVwQ0ya1FW3g","d528cbceddde5d3cbc0f6f3b841a48e10d35fd84eea400959a2bc450c19d1a2f");
INSERT INTO user(name, salt, hash) values("PaigeFontenot24","1jo5OFAVDpC6xaEgt8sSuHcOSzo1SnkEVF5jHwD39SJegUlvz8nBLNeJBK6StVPCKzNNxUpOToQojUW304fW5gjniSqWejeBxo6Xtlgb0qIWW4vYoRYIIPRph8YwiW1mSxZ6sahYlfruDA52wtwPw82I9EVnEul7jRMbbFGFD2NDNW3AinEFt5sqMa84tKK0V9JJyRe4FY7yFTOVjSMV41WF2srbI3k0QVGoEaQ7r0tijCBnXil4QVwQ0ya1FW3g","d528cbceddde5d3cbc0f6f3b841a48e10d35fd84eea400959a2bc450c19d1a2f");
INSERT INTO user(name, salt, hash) values("JackMitchell25","1jo5OFAVDpC6xaEgt8sSuHcOSzo1SnkEVF5jHwD39SJegUlvz8nBLNeJBK6StVPCKzNNxUpOToQojUW304fW5gjniSqWejeBxo6Xtlgb0qIWW4vYoRYIIPRph8YwiW1mSxZ6sahYlfruDA52wtwPw82I9EVnEul7jRMbbFGFD2NDNW3AinEFt5sqMa84tKK0V9JJyRe4FY7yFTOVjSMV41WF2srbI3k0QVGoEaQ7r0tijCBnXil4QVwQ0ya1FW3g","d528cbceddde5d3cbc0f6f3b841a48e10d35fd84eea400959a2bc450c19d1a2f");
INSERT INTO user(name, salt, hash) values("KatieGabrielson26","1jo5OFAVDpC6xaEgt8sSuHcOSzo1SnkEVF5jHwD39SJegUlvz8nBLNeJBK6StVPCKzNNxUpOToQojUW304fW5gjniSqWejeBxo6Xtlgb0qIWW4vYoRYIIPRph8YwiW1mSxZ6sahYlfruDA52wtwPw82I9EVnEul7jRMbbFGFD2NDNW3AinEFt5sqMa84tKK0V9JJyRe4FY7yFTOVjSMV41WF2srbI3k0QVGoEaQ7r0tijCBnXil4QVwQ0ya1FW3g","d528cbceddde5d3cbc0f6f3b841a48e10d35fd84eea400959a2bc450c19d1a2f");
INSERT INTO user(name, salt, hash) values("SarahBanbury27","1jo5OFAVDpC6xaEgt8sSuHcOSzo1SnkEVF5jHwD39SJegUlvz8nBLNeJBK6StVPCKzNNxUpOToQojUW304fW5gjniSqWejeBxo6Xtlgb0qIWW4vYoRYIIPRph8YwiW1mSxZ6sahYlfruDA52wtwPw82I9EVnEul7jRMbbFGFD2NDNW3AinEFt5sqMa84tKK0V9JJyRe4FY7yFTOVjSMV41WF2srbI3k0QVGoEaQ7r0tijCBnXil4QVwQ0ya1FW3g","d528cbceddde5d3cbc0f6f3b841a48e10d35fd84eea400959a2bc450c19d1a2f");
INSERT INTO user(name, salt, hash) values("MattSmith28","1jo5OFAVDpC6xaEgt8sSuHcOSzo1SnkEVF5jHwD39SJegUlvz8nBLNeJBK6StVPCKzNNxUpOToQojUW304fW5gjniSqWejeBxo6Xtlgb0qIWW4vYoRYIIPRph8YwiW1mSxZ6sahYlfruDA52wtwPw82I9EVnEul7jRMbbFGFD2NDNW3AinEFt5sqMa84tKK0V9JJyRe4FY7yFTOVjSMV41WF2srbI3k0QVGoEaQ7r0tijCBnXil4QVwQ0ya1FW3g","d528cbceddde5d3cbc0f6f3b841a48e10d35fd84eea400959a2bc450c19d1a2f");
INSERT INTO user(name, salt, hash) values("AllisonGoldman29","1jo5OFAVDpC6xaEgt8sSuHcOSzo1SnkEVF5jHwD39SJegUlvz8nBLNeJBK6StVPCKzNNxUpOToQojUW304fW5gjniSqWejeBxo6Xtlgb0qIWW4vYoRYIIPRph8YwiW1mSxZ6sahYlfruDA52wtwPw82I9EVnEul7jRMbbFGFD2NDNW3AinEFt5sqMa84tKK0V9JJyRe4FY7yFTOVjSMV41WF2srbI3k0QVGoEaQ7r0tijCBnXil4QVwQ0ya1FW3g","d528cbceddde5d3cbc0f6f3b841a48e10d35fd84eea400959a2bc450c19d1a2f");
INSERT INTO user(name, salt, hash) values("JonathanBanbury30","1jo5OFAVDpC6xaEgt8sSuHcOSzo1SnkEVF5jHwD39SJegUlvz8nBLNeJBK6StVPCKzNNxUpOToQojUW304fW5gjniSqWejeBxo6Xtlgb0qIWW4vYoRYIIPRph8YwiW1mSxZ6sahYlfruDA52wtwPw82I9EVnEul7jRMbbFGFD2NDNW3AinEFt5sqMa84tKK0V9JJyRe4FY7yFTOVjSMV41WF2srbI3k0QVGoEaQ7r0tijCBnXil4QVwQ0ya1FW3g","d528cbceddde5d3cbc0f6f3b841a48e10d35fd84eea400959a2bc450c19d1a2f");
INSERT INTO user(name, salt, hash) values("JackHansen31","1jo5OFAVDpC6xaEgt8sSuHcOSzo1SnkEVF5jHwD39SJegUlvz8nBLNeJBK6StVPCKzNNxUpOToQojUW304fW5gjniSqWejeBxo6Xtlgb0qIWW4vYoRYIIPRph8YwiW1mSxZ6sahYlfruDA52wtwPw82I9EVnEul7jRMbbFGFD2NDNW3AinEFt5sqMa84tKK0V9JJyRe4FY7yFTOVjSMV41WF2srbI3k0QVGoEaQ7r0tijCBnXil4QVwQ0ya1FW3g","d528cbceddde5d3cbc0f6f3b841a48e10d35fd84eea400959a2bc450c19d1a2f");
INSERT INTO user(name, salt, hash) values("MarkGabrielson32","1jo5OFAVDpC6xaEgt8sSuHcOSzo1SnkEVF5jHwD39SJegUlvz8nBLNeJBK6StVPCKzNNxUpOToQojUW304fW5gjniSqWejeBxo6Xtlgb0qIWW4vYoRYIIPRph8YwiW1mSxZ6sahYlfruDA52wtwPw82I9EVnEul7jRMbbFGFD2NDNW3AinEFt5sqMa84tKK0V9JJyRe4FY7yFTOVjSMV41WF2srbI3k0QVGoEaQ7r0tijCBnXil4QVwQ0ya1FW3g","d528cbceddde5d3cbc0f6f3b841a48e10d35fd84eea400959a2bc450c19d1a2f");
INSERT INTO user(name, salt, hash) values("TimmothyReiss33","1jo5OFAVDpC6xaEgt8sSuHcOSzo1SnkEVF5jHwD39SJegUlvz8nBLNeJBK6StVPCKzNNxUpOToQojUW304fW5gjniSqWejeBxo6Xtlgb0qIWW4vYoRYIIPRph8YwiW1mSxZ6sahYlfruDA52wtwPw82I9EVnEul7jRMbbFGFD2NDNW3AinEFt5sqMa84tKK0V9JJyRe4FY7yFTOVjSMV41WF2srbI3k0QVGoEaQ7r0tijCBnXil4QVwQ0ya1FW3g","d528cbceddde5d3cbc0f6f3b841a48e10d35fd84eea400959a2bc450c19d1a2f");
INSERT INTO user(name, salt, hash) values("MattCohen34","1jo5OFAVDpC6xaEgt8sSuHcOSzo1SnkEVF5jHwD39SJegUlvz8nBLNeJBK6StVPCKzNNxUpOToQojUW304fW5gjniSqWejeBxo6Xtlgb0qIWW4vYoRYIIPRph8YwiW1mSxZ6sahYlfruDA52wtwPw82I9EVnEul7jRMbbFGFD2NDNW3AinEFt5sqMa84tKK0V9JJyRe4FY7yFTOVjSMV41WF2srbI3k0QVGoEaQ7r0tijCBnXil4QVwQ0ya1FW3g","d528cbceddde5d3cbc0f6f3b841a48e10d35fd84eea400959a2bc450c19d1a2f");
INSERT INTO user(name, salt, hash) values("JohnCohen35","1jo5OFAVDpC6xaEgt8sSuHcOSzo1SnkEVF5jHwD39SJegUlvz8nBLNeJBK6StVPCKzNNxUpOToQojUW304fW5gjniSqWejeBxo6Xtlgb0qIWW4vYoRYIIPRph8YwiW1mSxZ6sahYlfruDA52wtwPw82I9EVnEul7jRMbbFGFD2NDNW3AinEFt5sqMa84tKK0V9JJyRe4FY7yFTOVjSMV41WF2srbI3k0QVGoEaQ7r0tijCBnXil4QVwQ0ya1FW3g","d528cbceddde5d3cbc0f6f3b841a48e10d35fd84eea400959a2bc450c19d1a2f");
INSERT INTO user(name, salt, hash) values("AllisonMitchell36","1jo5OFAVDpC6xaEgt8sSuHcOSzo1SnkEVF5jHwD39SJegUlvz8nBLNeJBK6StVPCKzNNxUpOToQojUW304fW5gjniSqWejeBxo6Xtlgb0qIWW4vYoRYIIPRph8YwiW1mSxZ6sahYlfruDA52wtwPw82I9EVnEul7jRMbbFGFD2NDNW3AinEFt5sqMa84tKK0V9JJyRe4FY7yFTOVjSMV41WF2srbI3k0QVGoEaQ7r0tijCBnXil4QVwQ0ya1FW3g","d528cbceddde5d3cbc0f6f3b841a48e10d35fd84eea400959a2bc450c19d1a2f");
INSERT INTO user(name, salt, hash) values("JonathanFontenot37","1jo5OFAVDpC6xaEgt8sSuHcOSzo1SnkEVF5jHwD39SJegUlvz8nBLNeJBK6StVPCKzNNxUpOToQojUW304fW5gjniSqWejeBxo6Xtlgb0qIWW4vYoRYIIPRph8YwiW1mSxZ6sahYlfruDA52wtwPw82I9EVnEul7jRMbbFGFD2NDNW3AinEFt5sqMa84tKK0V9JJyRe4FY7yFTOVjSMV41WF2srbI3k0QVGoEaQ7r0tijCBnXil4QVwQ0ya1FW3g","d528cbceddde5d3cbc0f6f3b841a48e10d35fd84eea400959a2bc450c19d1a2f");
INSERT INTO user(name, salt, hash) values("JenniferCohen38","1jo5OFAVDpC6xaEgt8sSuHcOSzo1SnkEVF5jHwD39SJegUlvz8nBLNeJBK6StVPCKzNNxUpOToQojUW304fW5gjniSqWejeBxo6Xtlgb0qIWW4vYoRYIIPRph8YwiW1mSxZ6sahYlfruDA52wtwPw82I9EVnEul7jRMbbFGFD2NDNW3AinEFt5sqMa84tKK0V9JJyRe4FY7yFTOVjSMV41WF2srbI3k0QVGoEaQ7r0tijCBnXil4QVwQ0ya1FW3g","d528cbceddde5d3cbc0f6f3b841a48e10d35fd84eea400959a2bc450c19d1a2f");
INSERT INTO user(name, salt, hash) values("JackFontenot39","1jo5OFAVDpC6xaEgt8sSuHcOSzo1SnkEVF5jHwD39SJegUlvz8nBLNeJBK6StVPCKzNNxUpOToQojUW304fW5gjniSqWejeBxo6Xtlgb0qIWW4vYoRYIIPRph8YwiW1mSxZ6sahYlfruDA52wtwPw82I9EVnEul7jRMbbFGFD2NDNW3AinEFt5sqMa84tKK0V9JJyRe4FY7yFTOVjSMV41WF2srbI3k0QVGoEaQ7r0tijCBnXil4QVwQ0ya1FW3g","d528cbceddde5d3cbc0f6f3b841a48e10d35fd84eea400959a2bc450c19d1a2f");
INSERT INTO user(name, salt, hash) values("MattRenninger40","1jo5OFAVDpC6xaEgt8sSuHcOSzo1SnkEVF5jHwD39SJegUlvz8nBLNeJBK6StVPCKzNNxUpOToQojUW304fW5gjniSqWejeBxo6Xtlgb0qIWW4vYoRYIIPRph8YwiW1mSxZ6sahYlfruDA52wtwPw82I9EVnEul7jRMbbFGFD2NDNW3AinEFt5sqMa84tKK0V9JJyRe4FY7yFTOVjSMV41WF2srbI3k0QVGoEaQ7r0tijCBnXil4QVwQ0ya1FW3g","d528cbceddde5d3cbc0f6f3b841a48e10d35fd84eea400959a2bc450c19d1a2f");
INSERT INTO user(name, salt, hash) values("TomCohen41","1jo5OFAVDpC6xaEgt8sSuHcOSzo1SnkEVF5jHwD39SJegUlvz8nBLNeJBK6StVPCKzNNxUpOToQojUW304fW5gjniSqWejeBxo6Xtlgb0qIWW4vYoRYIIPRph8YwiW1mSxZ6sahYlfruDA52wtwPw82I9EVnEul7jRMbbFGFD2NDNW3AinEFt5sqMa84tKK0V9JJyRe4FY7yFTOVjSMV41WF2srbI3k0QVGoEaQ7r0tijCBnXil4QVwQ0ya1FW3g","d528cbceddde5d3cbc0f6f3b841a48e10d35fd84eea400959a2bc450c19d1a2f");
INSERT INTO user(name, salt, hash) values("BobCohen42","1jo5OFAVDpC6xaEgt8sSuHcOSzo1SnkEVF5jHwD39SJegUlvz8nBLNeJBK6StVPCKzNNxUpOToQojUW304fW5gjniSqWejeBxo6Xtlgb0qIWW4vYoRYIIPRph8YwiW1mSxZ6sahYlfruDA52wtwPw82I9EVnEul7jRMbbFGFD2NDNW3AinEFt5sqMa84tKK0V9JJyRe4FY7yFTOVjSMV41WF2srbI3k0QVGoEaQ7r0tijCBnXil4QVwQ0ya1FW3g","d528cbceddde5d3cbc0f6f3b841a48e10d35fd84eea400959a2bc450c19d1a2f");
INSERT INTO user(name, salt, hash) values("TomStenbit43","1jo5OFAVDpC6xaEgt8sSuHcOSzo1SnkEVF5jHwD39SJegUlvz8nBLNeJBK6StVPCKzNNxUpOToQojUW304fW5gjniSqWejeBxo6Xtlgb0qIWW4vYoRYIIPRph8YwiW1mSxZ6sahYlfruDA52wtwPw82I9EVnEul7jRMbbFGFD2NDNW3AinEFt5sqMa84tKK0V9JJyRe4FY7yFTOVjSMV41WF2srbI3k0QVGoEaQ7r0tijCBnXil4QVwQ0ya1FW3g","d528cbceddde5d3cbc0f6f3b841a48e10d35fd84eea400959a2bc450c19d1a2f");
INSERT INTO user(name, salt, hash) values("JohnGabrielson44","1jo5OFAVDpC6xaEgt8sSuHcOSzo1SnkEVF5jHwD39SJegUlvz8nBLNeJBK6StVPCKzNNxUpOToQojUW304fW5gjniSqWejeBxo6Xtlgb0qIWW4vYoRYIIPRph8YwiW1mSxZ6sahYlfruDA52wtwPw82I9EVnEul7jRMbbFGFD2NDNW3AinEFt5sqMa84tKK0V9JJyRe4FY7yFTOVjSMV41WF2srbI3k0QVGoEaQ7r0tijCBnXil4QVwQ0ya1FW3g","d528cbceddde5d3cbc0f6f3b841a48e10d35fd84eea400959a2bc450c19d1a2f");
INSERT INTO user(name, salt, hash) values("SarahSmith45","1jo5OFAVDpC6xaEgt8sSuHcOSzo1SnkEVF5jHwD39SJegUlvz8nBLNeJBK6StVPCKzNNxUpOToQojUW304fW5gjniSqWejeBxo6Xtlgb0qIWW4vYoRYIIPRph8YwiW1mSxZ6sahYlfruDA52wtwPw82I9EVnEul7jRMbbFGFD2NDNW3AinEFt5sqMa84tKK0V9JJyRe4FY7yFTOVjSMV41WF2srbI3k0QVGoEaQ7r0tijCBnXil4QVwQ0ya1FW3g","d528cbceddde5d3cbc0f6f3b841a48e10d35fd84eea400959a2bc450c19d1a2f");
INSERT INTO user(name, salt, hash) values("TimmothyBanbury46","1jo5OFAVDpC6xaEgt8sSuHcOSzo1SnkEVF5jHwD39SJegUlvz8nBLNeJBK6StVPCKzNNxUpOToQojUW304fW5gjniSqWejeBxo6Xtlgb0qIWW4vYoRYIIPRph8YwiW1mSxZ6sahYlfruDA52wtwPw82I9EVnEul7jRMbbFGFD2NDNW3AinEFt5sqMa84tKK0V9JJyRe4FY7yFTOVjSMV41WF2srbI3k0QVGoEaQ7r0tijCBnXil4QVwQ0ya1FW3g","d528cbceddde5d3cbc0f6f3b841a48e10d35fd84eea400959a2bc450c19d1a2f");
INSERT INTO user(name, salt, hash) values("GraceKhan47","1jo5OFAVDpC6xaEgt8sSuHcOSzo1SnkEVF5jHwD39SJegUlvz8nBLNeJBK6StVPCKzNNxUpOToQojUW304fW5gjniSqWejeBxo6Xtlgb0qIWW4vYoRYIIPRph8YwiW1mSxZ6sahYlfruDA52wtwPw82I9EVnEul7jRMbbFGFD2NDNW3AinEFt5sqMa84tKK0V9JJyRe4FY7yFTOVjSMV41WF2srbI3k0QVGoEaQ7r0tijCBnXil4QVwQ0ya1FW3g","d528cbceddde5d3cbc0f6f3b841a48e10d35fd84eea400959a2bc450c19d1a2f");
INSERT INTO user(name, salt, hash) values("JenniferHansen48","1jo5OFAVDpC6xaEgt8sSuHcOSzo1SnkEVF5jHwD39SJegUlvz8nBLNeJBK6StVPCKzNNxUpOToQojUW304fW5gjniSqWejeBxo6Xtlgb0qIWW4vYoRYIIPRph8YwiW1mSxZ6sahYlfruDA52wtwPw82I9EVnEul7jRMbbFGFD2NDNW3AinEFt5sqMa84tKK0V9JJyRe4FY7yFTOVjSMV41WF2srbI3k0QVGoEaQ7r0tijCBnXil4QVwQ0ya1FW3g","d528cbceddde5d3cbc0f6f3b841a48e10d35fd84eea400959a2bc450c19d1a2f");
INSERT INTO user(name, salt, hash) values("SarahHansen49","1jo5OFAVDpC6xaEgt8sSuHcOSzo1SnkEVF5jHwD39SJegUlvz8nBLNeJBK6StVPCKzNNxUpOToQojUW304fW5gjniSqWejeBxo6Xtlgb0qIWW4vYoRYIIPRph8YwiW1mSxZ6sahYlfruDA52wtwPw82I9EVnEul7jRMbbFGFD2NDNW3AinEFt5sqMa84tKK0V9JJyRe4FY7yFTOVjSMV41WF2srbI3k0QVGoEaQ7r0tijCBnXil4QVwQ0ya1FW3g","d528cbceddde5d3cbc0f6f3b841a48e10d35fd84eea400959a2bc450c19d1a2f");
INSERT INTO user(name, salt, hash) values("GraceCarter50","1jo5OFAVDpC6xaEgt8sSuHcOSzo1SnkEVF5jHwD39SJegUlvz8nBLNeJBK6StVPCKzNNxUpOToQojUW304fW5gjniSqWejeBxo6Xtlgb0qIWW4vYoRYIIPRph8YwiW1mSxZ6sahYlfruDA52wtwPw82I9EVnEul7jRMbbFGFD2NDNW3AinEFt5sqMa84tKK0V9JJyRe4FY7yFTOVjSMV41WF2srbI3k0QVGoEaQ7r0tijCBnXil4QVwQ0ya1FW3g","d528cbceddde5d3cbc0f6f3b841a48e10d35fd84eea400959a2bc450c19d1a2f");
INSERT INTO user(name, salt, hash) values("MattReiss51","1jo5OFAVDpC6xaEgt8sSuHcOSzo1SnkEVF5jHwD39SJegUlvz8nBLNeJBK6StVPCKzNNxUpOToQojUW304fW5gjniSqWejeBxo6Xtlgb0qIWW4vYoRYIIPRph8YwiW1mSxZ6sahYlfruDA52wtwPw82I9EVnEul7jRMbbFGFD2NDNW3AinEFt5sqMa84tKK0V9JJyRe4FY7yFTOVjSMV41WF2srbI3k0QVGoEaQ7r0tijCBnXil4QVwQ0ya1FW3g","d528cbceddde5d3cbc0f6f3b841a48e10d35fd84eea400959a2bc450c19d1a2f");
INSERT INTO user(name, salt, hash) values("JohnKhan52","1jo5OFAVDpC6xaEgt8sSuHcOSzo1SnkEVF5jHwD39SJegUlvz8nBLNeJBK6StVPCKzNNxUpOToQojUW304fW5gjniSqWejeBxo6Xtlgb0qIWW4vYoRYIIPRph8YwiW1mSxZ6sahYlfruDA52wtwPw82I9EVnEul7jRMbbFGFD2NDNW3AinEFt5sqMa84tKK0V9JJyRe4FY7yFTOVjSMV41WF2srbI3k0QVGoEaQ7r0tijCBnXil4QVwQ0ya1FW3g","d528cbceddde5d3cbc0f6f3b841a48e10d35fd84eea400959a2bc450c19d1a2f");
INSERT INTO user(name, salt, hash) values("AllisonKhan53","1jo5OFAVDpC6xaEgt8sSuHcOSzo1SnkEVF5jHwD39SJegUlvz8nBLNeJBK6StVPCKzNNxUpOToQojUW304fW5gjniSqWejeBxo6Xtlgb0qIWW4vYoRYIIPRph8YwiW1mSxZ6sahYlfruDA52wtwPw82I9EVnEul7jRMbbFGFD2NDNW3AinEFt5sqMa84tKK0V9JJyRe4FY7yFTOVjSMV41WF2srbI3k0QVGoEaQ7r0tijCBnXil4QVwQ0ya1FW3g","d528cbceddde5d3cbc0f6f3b841a48e10d35fd84eea400959a2bc450c19d1a2f");
INSERT INTO user(name, salt, hash) values("GraceRenninger54","1jo5OFAVDpC6xaEgt8sSuHcOSzo1SnkEVF5jHwD39SJegUlvz8nBLNeJBK6StVPCKzNNxUpOToQojUW304fW5gjniSqWejeBxo6Xtlgb0qIWW4vYoRYIIPRph8YwiW1mSxZ6sahYlfruDA52wtwPw82I9EVnEul7jRMbbFGFD2NDNW3AinEFt5sqMa84tKK0V9JJyRe4FY7yFTOVjSMV41WF2srbI3k0QVGoEaQ7r0tijCBnXil4QVwQ0ya1FW3g","d528cbceddde5d3cbc0f6f3b841a48e10d35fd84eea400959a2bc450c19d1a2f");
INSERT INTO user(name, salt, hash) values("AllisonKhan55","1jo5OFAVDpC6xaEgt8sSuHcOSzo1SnkEVF5jHwD39SJegUlvz8nBLNeJBK6StVPCKzNNxUpOToQojUW304fW5gjniSqWejeBxo6Xtlgb0qIWW4vYoRYIIPRph8YwiW1mSxZ6sahYlfruDA52wtwPw82I9EVnEul7jRMbbFGFD2NDNW3AinEFt5sqMa84tKK0V9JJyRe4FY7yFTOVjSMV41WF2srbI3k0QVGoEaQ7r0tijCBnXil4QVwQ0ya1FW3g","d528cbceddde5d3cbc0f6f3b841a48e10d35fd84eea400959a2bc450c19d1a2f");
INSERT INTO user(name, salt, hash) values("BobFontenot56","1jo5OFAVDpC6xaEgt8sSuHcOSzo1SnkEVF5jHwD39SJegUlvz8nBLNeJBK6StVPCKzNNxUpOToQojUW304fW5gjniSqWejeBxo6Xtlgb0qIWW4vYoRYIIPRph8YwiW1mSxZ6sahYlfruDA52wtwPw82I9EVnEul7jRMbbFGFD2NDNW3AinEFt5sqMa84tKK0V9JJyRe4FY7yFTOVjSMV41WF2srbI3k0QVGoEaQ7r0tijCBnXil4QVwQ0ya1FW3g","d528cbceddde5d3cbc0f6f3b841a48e10d35fd84eea400959a2bc450c19d1a2f");
INSERT INTO user(name, salt, hash) values("MarkGoldman57","1jo5OFAVDpC6xaEgt8sSuHcOSzo1SnkEVF5jHwD39SJegUlvz8nBLNeJBK6StVPCKzNNxUpOToQojUW304fW5gjniSqWejeBxo6Xtlgb0qIWW4vYoRYIIPRph8YwiW1mSxZ6sahYlfruDA52wtwPw82I9EVnEul7jRMbbFGFD2NDNW3AinEFt5sqMa84tKK0V9JJyRe4FY7yFTOVjSMV41WF2srbI3k0QVGoEaQ7r0tijCBnXil4QVwQ0ya1FW3g","d528cbceddde5d3cbc0f6f3b841a48e10d35fd84eea400959a2bc450c19d1a2f");
INSERT INTO user(name, salt, hash) values("GraceGabrielson58","1jo5OFAVDpC6xaEgt8sSuHcOSzo1SnkEVF5jHwD39SJegUlvz8nBLNeJBK6StVPCKzNNxUpOToQojUW304fW5gjniSqWejeBxo6Xtlgb0qIWW4vYoRYIIPRph8YwiW1mSxZ6sahYlfruDA52wtwPw82I9EVnEul7jRMbbFGFD2NDNW3AinEFt5sqMa84tKK0V9JJyRe4FY7yFTOVjSMV41WF2srbI3k0QVGoEaQ7r0tijCBnXil4QVwQ0ya1FW3g","d528cbceddde5d3cbc0f6f3b841a48e10d35fd84eea400959a2bc450c19d1a2f");
INSERT INTO user(name, salt, hash) values("JohnHansen59","1jo5OFAVDpC6xaEgt8sSuHcOSzo1SnkEVF5jHwD39SJegUlvz8nBLNeJBK6StVPCKzNNxUpOToQojUW304fW5gjniSqWejeBxo6Xtlgb0qIWW4vYoRYIIPRph8YwiW1mSxZ6sahYlfruDA52wtwPw82I9EVnEul7jRMbbFGFD2NDNW3AinEFt5sqMa84tKK0V9JJyRe4FY7yFTOVjSMV41WF2srbI3k0QVGoEaQ7r0tijCBnXil4QVwQ0ya1FW3g","d528cbceddde5d3cbc0f6f3b841a48e10d35fd84eea400959a2bc450c19d1a2f");
INSERT INTO user(name, salt, hash) values("MattKhan60","1jo5OFAVDpC6xaEgt8sSuHcOSzo1SnkEVF5jHwD39SJegUlvz8nBLNeJBK6StVPCKzNNxUpOToQojUW304fW5gjniSqWejeBxo6Xtlgb0qIWW4vYoRYIIPRph8YwiW1mSxZ6sahYlfruDA52wtwPw82I9EVnEul7jRMbbFGFD2NDNW3AinEFt5sqMa84tKK0V9JJyRe4FY7yFTOVjSMV41WF2srbI3k0QVGoEaQ7r0tijCBnXil4QVwQ0ya1FW3g","d528cbceddde5d3cbc0f6f3b841a48e10d35fd84eea400959a2bc450c19d1a2f");
INSERT INTO user(name, salt, hash) values("MarkGabrielson61","1jo5OFAVDpC6xaEgt8sSuHcOSzo1SnkEVF5jHwD39SJegUlvz8nBLNeJBK6StVPCKzNNxUpOToQojUW304fW5gjniSqWejeBxo6Xtlgb0qIWW4vYoRYIIPRph8YwiW1mSxZ6sahYlfruDA52wtwPw82I9EVnEul7jRMbbFGFD2NDNW3AinEFt5sqMa84tKK0V9JJyRe4FY7yFTOVjSMV41WF2srbI3k0QVGoEaQ7r0tijCBnXil4QVwQ0ya1FW3g","d528cbceddde5d3cbc0f6f3b841a48e10d35fd84eea400959a2bc450c19d1a2f");
INSERT INTO user(name, salt, hash) values("TomMitchell62","1jo5OFAVDpC6xaEgt8sSuHcOSzo1SnkEVF5jHwD39SJegUlvz8nBLNeJBK6StVPCKzNNxUpOToQojUW304fW5gjniSqWejeBxo6Xtlgb0qIWW4vYoRYIIPRph8YwiW1mSxZ6sahYlfruDA52wtwPw82I9EVnEul7jRMbbFGFD2NDNW3AinEFt5sqMa84tKK0V9JJyRe4FY7yFTOVjSMV41WF2srbI3k0QVGoEaQ7r0tijCBnXil4QVwQ0ya1FW3g","d528cbceddde5d3cbc0f6f3b841a48e10d35fd84eea400959a2bc450c19d1a2f");
INSERT INTO user(name, salt, hash) values("JenniferHansen63","1jo5OFAVDpC6xaEgt8sSuHcOSzo1SnkEVF5jHwD39SJegUlvz8nBLNeJBK6StVPCKzNNxUpOToQojUW304fW5gjniSqWejeBxo6Xtlgb0qIWW4vYoRYIIPRph8YwiW1mSxZ6sahYlfruDA52wtwPw82I9EVnEul7jRMbbFGFD2NDNW3AinEFt5sqMa84tKK0V9JJyRe4FY7yFTOVjSMV41WF2srbI3k0QVGoEaQ7r0tijCBnXil4QVwQ0ya1FW3g","d528cbceddde5d3cbc0f6f3b841a48e10d35fd84eea400959a2bc450c19d1a2f");
INSERT INTO user(name, salt, hash) values("JohnSmith64","1jo5OFAVDpC6xaEgt8sSuHcOSzo1SnkEVF5jHwD39SJegUlvz8nBLNeJBK6StVPCKzNNxUpOToQojUW304fW5gjniSqWejeBxo6Xtlgb0qIWW4vYoRYIIPRph8YwiW1mSxZ6sahYlfruDA52wtwPw82I9EVnEul7jRMbbFGFD2NDNW3AinEFt5sqMa84tKK0V9JJyRe4FY7yFTOVjSMV41WF2srbI3k0QVGoEaQ7r0tijCBnXil4QVwQ0ya1FW3g","d528cbceddde5d3cbc0f6f3b841a48e10d35fd84eea400959a2bc450c19d1a2f");
INSERT INTO user(name, salt, hash) values("MarySmith65","1jo5OFAVDpC6xaEgt8sSuHcOSzo1SnkEVF5jHwD39SJegUlvz8nBLNeJBK6StVPCKzNNxUpOToQojUW304fW5gjniSqWejeBxo6Xtlgb0qIWW4vYoRYIIPRph8YwiW1mSxZ6sahYlfruDA52wtwPw82I9EVnEul7jRMbbFGFD2NDNW3AinEFt5sqMa84tKK0V9JJyRe4FY7yFTOVjSMV41WF2srbI3k0QVGoEaQ7r0tijCBnXil4QVwQ0ya1FW3g","d528cbceddde5d3cbc0f6f3b841a48e10d35fd84eea400959a2bc450c19d1a2f");
INSERT INTO user(name, salt, hash) values("TimmothyGoldman66","1jo5OFAVDpC6xaEgt8sSuHcOSzo1SnkEVF5jHwD39SJegUlvz8nBLNeJBK6StVPCKzNNxUpOToQojUW304fW5gjniSqWejeBxo6Xtlgb0qIWW4vYoRYIIPRph8YwiW1mSxZ6sahYlfruDA52wtwPw82I9EVnEul7jRMbbFGFD2NDNW3AinEFt5sqMa84tKK0V9JJyRe4FY7yFTOVjSMV41WF2srbI3k0QVGoEaQ7r0tijCBnXil4QVwQ0ya1FW3g","d528cbceddde5d3cbc0f6f3b841a48e10d35fd84eea400959a2bc450c19d1a2f");
INSERT INTO user(name, salt, hash) values("MattBanbury67","1jo5OFAVDpC6xaEgt8sSuHcOSzo1SnkEVF5jHwD39SJegUlvz8nBLNeJBK6StVPCKzNNxUpOToQojUW304fW5gjniSqWejeBxo6Xtlgb0qIWW4vYoRYIIPRph8YwiW1mSxZ6sahYlfruDA52wtwPw82I9EVnEul7jRMbbFGFD2NDNW3AinEFt5sqMa84tKK0V9JJyRe4FY7yFTOVjSMV41WF2srbI3k0QVGoEaQ7r0tijCBnXil4QVwQ0ya1FW3g","d528cbceddde5d3cbc0f6f3b841a48e10d35fd84eea400959a2bc450c19d1a2f");
INSERT INTO user(name, salt, hash) values("JenniferFontenot68","1jo5OFAVDpC6xaEgt8sSuHcOSzo1SnkEVF5jHwD39SJegUlvz8nBLNeJBK6StVPCKzNNxUpOToQojUW304fW5gjniSqWejeBxo6Xtlgb0qIWW4vYoRYIIPRph8YwiW1mSxZ6sahYlfruDA52wtwPw82I9EVnEul7jRMbbFGFD2NDNW3AinEFt5sqMa84tKK0V9JJyRe4FY7yFTOVjSMV41WF2srbI3k0QVGoEaQ7r0tijCBnXil4QVwQ0ya1FW3g","d528cbceddde5d3cbc0f6f3b841a48e10d35fd84eea400959a2bc450c19d1a2f");
INSERT INTO user(name, salt, hash) values("BobStenbit69","1jo5OFAVDpC6xaEgt8sSuHcOSzo1SnkEVF5jHwD39SJegUlvz8nBLNeJBK6StVPCKzNNxUpOToQojUW304fW5gjniSqWejeBxo6Xtlgb0qIWW4vYoRYIIPRph8YwiW1mSxZ6sahYlfruDA52wtwPw82I9EVnEul7jRMbbFGFD2NDNW3AinEFt5sqMa84tKK0V9JJyRe4FY7yFTOVjSMV41WF2srbI3k0QVGoEaQ7r0tijCBnXil4QVwQ0ya1FW3g","d528cbceddde5d3cbc0f6f3b841a48e10d35fd84eea400959a2bc450c19d1a2f");
INSERT INTO user(name, salt, hash) values("AllisonMitchell70","1jo5OFAVDpC6xaEgt8sSuHcOSzo1SnkEVF5jHwD39SJegUlvz8nBLNeJBK6StVPCKzNNxUpOToQojUW304fW5gjniSqWejeBxo6Xtlgb0qIWW4vYoRYIIPRph8YwiW1mSxZ6sahYlfruDA52wtwPw82I9EVnEul7jRMbbFGFD2NDNW3AinEFt5sqMa84tKK0V9JJyRe4FY7yFTOVjSMV41WF2srbI3k0QVGoEaQ7r0tijCBnXil4QVwQ0ya1FW3g","d528cbceddde5d3cbc0f6f3b841a48e10d35fd84eea400959a2bc450c19d1a2f");
INSERT INTO user(name, salt, hash) values("JackGabrielson71","1jo5OFAVDpC6xaEgt8sSuHcOSzo1SnkEVF5jHwD39SJegUlvz8nBLNeJBK6StVPCKzNNxUpOToQojUW304fW5gjniSqWejeBxo6Xtlgb0qIWW4vYoRYIIPRph8YwiW1mSxZ6sahYlfruDA52wtwPw82I9EVnEul7jRMbbFGFD2NDNW3AinEFt5sqMa84tKK0V9JJyRe4FY7yFTOVjSMV41WF2srbI3k0QVGoEaQ7r0tijCBnXil4QVwQ0ya1FW3g","d528cbceddde5d3cbc0f6f3b841a48e10d35fd84eea400959a2bc450c19d1a2f");
INSERT INTO user(name, salt, hash) values("JohnHansen72","1jo5OFAVDpC6xaEgt8sSuHcOSzo1SnkEVF5jHwD39SJegUlvz8nBLNeJBK6StVPCKzNNxUpOToQojUW304fW5gjniSqWejeBxo6Xtlgb0qIWW4vYoRYIIPRph8YwiW1mSxZ6sahYlfruDA52wtwPw82I9EVnEul7jRMbbFGFD2NDNW3AinEFt5sqMa84tKK0V9JJyRe4FY7yFTOVjSMV41WF2srbI3k0QVGoEaQ7r0tijCBnXil4QVwQ0ya1FW3g","d528cbceddde5d3cbc0f6f3b841a48e10d35fd84eea400959a2bc450c19d1a2f");
INSERT INTO user(name, salt, hash) values("KatieBanbury73","1jo5OFAVDpC6xaEgt8sSuHcOSzo1SnkEVF5jHwD39SJegUlvz8nBLNeJBK6StVPCKzNNxUpOToQojUW304fW5gjniSqWejeBxo6Xtlgb0qIWW4vYoRYIIPRph8YwiW1mSxZ6sahYlfruDA52wtwPw82I9EVnEul7jRMbbFGFD2NDNW3AinEFt5sqMa84tKK0V9JJyRe4FY7yFTOVjSMV41WF2srbI3k0QVGoEaQ7r0tijCBnXil4QVwQ0ya1FW3g","d528cbceddde5d3cbc0f6f3b841a48e10d35fd84eea400959a2bc450c19d1a2f");
INSERT INTO user(name, salt, hash) values("MaryRenninger74","1jo5OFAVDpC6xaEgt8sSuHcOSzo1SnkEVF5jHwD39SJegUlvz8nBLNeJBK6StVPCKzNNxUpOToQojUW304fW5gjniSqWejeBxo6Xtlgb0qIWW4vYoRYIIPRph8YwiW1mSxZ6sahYlfruDA52wtwPw82I9EVnEul7jRMbbFGFD2NDNW3AinEFt5sqMa84tKK0V9JJyRe4FY7yFTOVjSMV41WF2srbI3k0QVGoEaQ7r0tijCBnXil4QVwQ0ya1FW3g","d528cbceddde5d3cbc0f6f3b841a48e10d35fd84eea400959a2bc450c19d1a2f");
INSERT INTO user(name, salt, hash) values("MaryGabrielson75","1jo5OFAVDpC6xaEgt8sSuHcOSzo1SnkEVF5jHwD39SJegUlvz8nBLNeJBK6StVPCKzNNxUpOToQojUW304fW5gjniSqWejeBxo6Xtlgb0qIWW4vYoRYIIPRph8YwiW1mSxZ6sahYlfruDA52wtwPw82I9EVnEul7jRMbbFGFD2NDNW3AinEFt5sqMa84tKK0V9JJyRe4FY7yFTOVjSMV41WF2srbI3k0QVGoEaQ7r0tijCBnXil4QVwQ0ya1FW3g","d528cbceddde5d3cbc0f6f3b841a48e10d35fd84eea400959a2bc450c19d1a2f");
INSERT INTO user(name, salt, hash) values("MaryFontenot76","1jo5OFAVDpC6xaEgt8sSuHcOSzo1SnkEVF5jHwD39SJegUlvz8nBLNeJBK6StVPCKzNNxUpOToQojUW304fW5gjniSqWejeBxo6Xtlgb0qIWW4vYoRYIIPRph8YwiW1mSxZ6sahYlfruDA52wtwPw82I9EVnEul7jRMbbFGFD2NDNW3AinEFt5sqMa84tKK0V9JJyRe4FY7yFTOVjSMV41WF2srbI3k0QVGoEaQ7r0tijCBnXil4QVwQ0ya1FW3g","d528cbceddde5d3cbc0f6f3b841a48e10d35fd84eea400959a2bc450c19d1a2f");
INSERT INTO user(name, salt, hash) values("MarkSmith77","1jo5OFAVDpC6xaEgt8sSuHcOSzo1SnkEVF5jHwD39SJegUlvz8nBLNeJBK6StVPCKzNNxUpOToQojUW304fW5gjniSqWejeBxo6Xtlgb0qIWW4vYoRYIIPRph8YwiW1mSxZ6sahYlfruDA52wtwPw82I9EVnEul7jRMbbFGFD2NDNW3AinEFt5sqMa84tKK0V9JJyRe4FY7yFTOVjSMV41WF2srbI3k0QVGoEaQ7r0tijCBnXil4QVwQ0ya1FW3g","d528cbceddde5d3cbc0f6f3b841a48e10d35fd84eea400959a2bc450c19d1a2f");
INSERT INTO user(name, salt, hash) values("AllisonBanbury78","1jo5OFAVDpC6xaEgt8sSuHcOSzo1SnkEVF5jHwD39SJegUlvz8nBLNeJBK6StVPCKzNNxUpOToQojUW304fW5gjniSqWejeBxo6Xtlgb0qIWW4vYoRYIIPRph8YwiW1mSxZ6sahYlfruDA52wtwPw82I9EVnEul7jRMbbFGFD2NDNW3AinEFt5sqMa84tKK0V9JJyRe4FY7yFTOVjSMV41WF2srbI3k0QVGoEaQ7r0tijCBnXil4QVwQ0ya1FW3g","d528cbceddde5d3cbc0f6f3b841a48e10d35fd84eea400959a2bc450c19d1a2f");
INSERT INTO user(name, salt, hash) values("MattGabrielson79","1jo5OFAVDpC6xaEgt8sSuHcOSzo1SnkEVF5jHwD39SJegUlvz8nBLNeJBK6StVPCKzNNxUpOToQojUW304fW5gjniSqWejeBxo6Xtlgb0qIWW4vYoRYIIPRph8YwiW1mSxZ6sahYlfruDA52wtwPw82I9EVnEul7jRMbbFGFD2NDNW3AinEFt5sqMa84tKK0V9JJyRe4FY7yFTOVjSMV41WF2srbI3k0QVGoEaQ7r0tijCBnXil4QVwQ0ya1FW3g","d528cbceddde5d3cbc0f6f3b841a48e10d35fd84eea400959a2bc450c19d1a2f");
INSERT INTO user(name, salt, hash) values("GraceReiss80","1jo5OFAVDpC6xaEgt8sSuHcOSzo1SnkEVF5jHwD39SJegUlvz8nBLNeJBK6StVPCKzNNxUpOToQojUW304fW5gjniSqWejeBxo6Xtlgb0qIWW4vYoRYIIPRph8YwiW1mSxZ6sahYlfruDA52wtwPw82I9EVnEul7jRMbbFGFD2NDNW3AinEFt5sqMa84tKK0V9JJyRe4FY7yFTOVjSMV41WF2srbI3k0QVGoEaQ7r0tijCBnXil4QVwQ0ya1FW3g","d528cbceddde5d3cbc0f6f3b841a48e10d35fd84eea400959a2bc450c19d1a2f");
INSERT INTO user(name, salt, hash) values("SarahCarter81","1jo5OFAVDpC6xaEgt8sSuHcOSzo1SnkEVF5jHwD39SJegUlvz8nBLNeJBK6StVPCKzNNxUpOToQojUW304fW5gjniSqWejeBxo6Xtlgb0qIWW4vYoRYIIPRph8YwiW1mSxZ6sahYlfruDA52wtwPw82I9EVnEul7jRMbbFGFD2NDNW3AinEFt5sqMa84tKK0V9JJyRe4FY7yFTOVjSMV41WF2srbI3k0QVGoEaQ7r0tijCBnXil4QVwQ0ya1FW3g","d528cbceddde5d3cbc0f6f3b841a48e10d35fd84eea400959a2bc450c19d1a2f");
INSERT INTO user(name, salt, hash) values("MaryGabrielson82","1jo5OFAVDpC6xaEgt8sSuHcOSzo1SnkEVF5jHwD39SJegUlvz8nBLNeJBK6StVPCKzNNxUpOToQojUW304fW5gjniSqWejeBxo6Xtlgb0qIWW4vYoRYIIPRph8YwiW1mSxZ6sahYlfruDA52wtwPw82I9EVnEul7jRMbbFGFD2NDNW3AinEFt5sqMa84tKK0V9JJyRe4FY7yFTOVjSMV41WF2srbI3k0QVGoEaQ7r0tijCBnXil4QVwQ0ya1FW3g","d528cbceddde5d3cbc0f6f3b841a48e10d35fd84eea400959a2bc450c19d1a2f");
INSERT INTO user(name, salt, hash) values("MattJohnson83","1jo5OFAVDpC6xaEgt8sSuHcOSzo1SnkEVF5jHwD39SJegUlvz8nBLNeJBK6StVPCKzNNxUpOToQojUW304fW5gjniSqWejeBxo6Xtlgb0qIWW4vYoRYIIPRph8YwiW1mSxZ6sahYlfruDA52wtwPw82I9EVnEul7jRMbbFGFD2NDNW3AinEFt5sqMa84tKK0V9JJyRe4FY7yFTOVjSMV41WF2srbI3k0QVGoEaQ7r0tijCBnXil4QVwQ0ya1FW3g","d528cbceddde5d3cbc0f6f3b841a48e10d35fd84eea400959a2bc450c19d1a2f");
INSERT INTO user(name, salt, hash) values("GraceGoldman84","1jo5OFAVDpC6xaEgt8sSuHcOSzo1SnkEVF5jHwD39SJegUlvz8nBLNeJBK6StVPCKzNNxUpOToQojUW304fW5gjniSqWejeBxo6Xtlgb0qIWW4vYoRYIIPRph8YwiW1mSxZ6sahYlfruDA52wtwPw82I9EVnEul7jRMbbFGFD2NDNW3AinEFt5sqMa84tKK0V9JJyRe4FY7yFTOVjSMV41WF2srbI3k0QVGoEaQ7r0tijCBnXil4QVwQ0ya1FW3g","d528cbceddde5d3cbc0f6f3b841a48e10d35fd84eea400959a2bc450c19d1a2f");
INSERT INTO user(name, salt, hash) values("PaigeFontenot85","1jo5OFAVDpC6xaEgt8sSuHcOSzo1SnkEVF5jHwD39SJegUlvz8nBLNeJBK6StVPCKzNNxUpOToQojUW304fW5gjniSqWejeBxo6Xtlgb0qIWW4vYoRYIIPRph8YwiW1mSxZ6sahYlfruDA52wtwPw82I9EVnEul7jRMbbFGFD2NDNW3AinEFt5sqMa84tKK0V9JJyRe4FY7yFTOVjSMV41WF2srbI3k0QVGoEaQ7r0tijCBnXil4QVwQ0ya1FW3g","d528cbceddde5d3cbc0f6f3b841a48e10d35fd84eea400959a2bc450c19d1a2f");
INSERT INTO user(name, salt, hash) values("JonathanFontenot86","1jo5OFAVDpC6xaEgt8sSuHcOSzo1SnkEVF5jHwD39SJegUlvz8nBLNeJBK6StVPCKzNNxUpOToQojUW304fW5gjniSqWejeBxo6Xtlgb0qIWW4vYoRYIIPRph8YwiW1mSxZ6sahYlfruDA52wtwPw82I9EVnEul7jRMbbFGFD2NDNW3AinEFt5sqMa84tKK0V9JJyRe4FY7yFTOVjSMV41WF2srbI3k0QVGoEaQ7r0tijCBnXil4QVwQ0ya1FW3g","d528cbceddde5d3cbc0f6f3b841a48e10d35fd84eea400959a2bc450c19d1a2f");
INSERT INTO user(name, salt, hash) values("TimmothyStenbit87","1jo5OFAVDpC6xaEgt8sSuHcOSzo1SnkEVF5jHwD39SJegUlvz8nBLNeJBK6StVPCKzNNxUpOToQojUW304fW5gjniSqWejeBxo6Xtlgb0qIWW4vYoRYIIPRph8YwiW1mSxZ6sahYlfruDA52wtwPw82I9EVnEul7jRMbbFGFD2NDNW3AinEFt5sqMa84tKK0V9JJyRe4FY7yFTOVjSMV41WF2srbI3k0QVGoEaQ7r0tijCBnXil4QVwQ0ya1FW3g","d528cbceddde5d3cbc0f6f3b841a48e10d35fd84eea400959a2bc450c19d1a2f");
INSERT INTO user(name, salt, hash) values("TomReiss88","1jo5OFAVDpC6xaEgt8sSuHcOSzo1SnkEVF5jHwD39SJegUlvz8nBLNeJBK6StVPCKzNNxUpOToQojUW304fW5gjniSqWejeBxo6Xtlgb0qIWW4vYoRYIIPRph8YwiW1mSxZ6sahYlfruDA52wtwPw82I9EVnEul7jRMbbFGFD2NDNW3AinEFt5sqMa84tKK0V9JJyRe4FY7yFTOVjSMV41WF2srbI3k0QVGoEaQ7r0tijCBnXil4QVwQ0ya1FW3g","d528cbceddde5d3cbc0f6f3b841a48e10d35fd84eea400959a2bc450c19d1a2f");
INSERT INTO user(name, salt, hash) values("JonathanCohen89","1jo5OFAVDpC6xaEgt8sSuHcOSzo1SnkEVF5jHwD39SJegUlvz8nBLNeJBK6StVPCKzNNxUpOToQojUW304fW5gjniSqWejeBxo6Xtlgb0qIWW4vYoRYIIPRph8YwiW1mSxZ6sahYlfruDA52wtwPw82I9EVnEul7jRMbbFGFD2NDNW3AinEFt5sqMa84tKK0V9JJyRe4FY7yFTOVjSMV41WF2srbI3k0QVGoEaQ7r0tijCBnXil4QVwQ0ya1FW3g","d528cbceddde5d3cbc0f6f3b841a48e10d35fd84eea400959a2bc450c19d1a2f");
INSERT INTO user(name, salt, hash) values("JohnMitchell90","1jo5OFAVDpC6xaEgt8sSuHcOSzo1SnkEVF5jHwD39SJegUlvz8nBLNeJBK6StVPCKzNNxUpOToQojUW304fW5gjniSqWejeBxo6Xtlgb0qIWW4vYoRYIIPRph8YwiW1mSxZ6sahYlfruDA52wtwPw82I9EVnEul7jRMbbFGFD2NDNW3AinEFt5sqMa84tKK0V9JJyRe4FY7yFTOVjSMV41WF2srbI3k0QVGoEaQ7r0tijCBnXil4QVwQ0ya1FW3g","d528cbceddde5d3cbc0f6f3b841a48e10d35fd84eea400959a2bc450c19d1a2f");
INSERT INTO user(name, salt, hash) values("MaryMitchell91","1jo5OFAVDpC6xaEgt8sSuHcOSzo1SnkEVF5jHwD39SJegUlvz8nBLNeJBK6StVPCKzNNxUpOToQojUW304fW5gjniSqWejeBxo6Xtlgb0qIWW4vYoRYIIPRph8YwiW1mSxZ6sahYlfruDA52wtwPw82I9EVnEul7jRMbbFGFD2NDNW3AinEFt5sqMa84tKK0V9JJyRe4FY7yFTOVjSMV41WF2srbI3k0QVGoEaQ7r0tijCBnXil4QVwQ0ya1FW3g","d528cbceddde5d3cbc0f6f3b841a48e10d35fd84eea400959a2bc450c19d1a2f");
INSERT INTO user(name, salt, hash) values("MarkKhan92","1jo5OFAVDpC6xaEgt8sSuHcOSzo1SnkEVF5jHwD39SJegUlvz8nBLNeJBK6StVPCKzNNxUpOToQojUW304fW5gjniSqWejeBxo6Xtlgb0qIWW4vYoRYIIPRph8YwiW1mSxZ6sahYlfruDA52wtwPw82I9EVnEul7jRMbbFGFD2NDNW3AinEFt5sqMa84tKK0V9JJyRe4FY7yFTOVjSMV41WF2srbI3k0QVGoEaQ7r0tijCBnXil4QVwQ0ya1FW3g","d528cbceddde5d3cbc0f6f3b841a48e10d35fd84eea400959a2bc450c19d1a2f");
INSERT INTO user(name, salt, hash) values("SarahGoldman93","1jo5OFAVDpC6xaEgt8sSuHcOSzo1SnkEVF5jHwD39SJegUlvz8nBLNeJBK6StVPCKzNNxUpOToQojUW304fW5gjniSqWejeBxo6Xtlgb0qIWW4vYoRYIIPRph8YwiW1mSxZ6sahYlfruDA52wtwPw82I9EVnEul7jRMbbFGFD2NDNW3AinEFt5sqMa84tKK0V9JJyRe4FY7yFTOVjSMV41WF2srbI3k0QVGoEaQ7r0tijCBnXil4QVwQ0ya1FW3g","d528cbceddde5d3cbc0f6f3b841a48e10d35fd84eea400959a2bc450c19d1a2f");
INSERT INTO user(name, salt, hash) values("GraceRenninger94","1jo5OFAVDpC6xaEgt8sSuHcOSzo1SnkEVF5jHwD39SJegUlvz8nBLNeJBK6StVPCKzNNxUpOToQojUW304fW5gjniSqWejeBxo6Xtlgb0qIWW4vYoRYIIPRph8YwiW1mSxZ6sahYlfruDA52wtwPw82I9EVnEul7jRMbbFGFD2NDNW3AinEFt5sqMa84tKK0V9JJyRe4FY7yFTOVjSMV41WF2srbI3k0QVGoEaQ7r0tijCBnXil4QVwQ0ya1FW3g","d528cbceddde5d3cbc0f6f3b841a48e10d35fd84eea400959a2bc450c19d1a2f");
INSERT INTO user(name, salt, hash) values("BenRenninger95","1jo5OFAVDpC6xaEgt8sSuHcOSzo1SnkEVF5jHwD39SJegUlvz8nBLNeJBK6StVPCKzNNxUpOToQojUW304fW5gjniSqWejeBxo6Xtlgb0qIWW4vYoRYIIPRph8YwiW1mSxZ6sahYlfruDA52wtwPw82I9EVnEul7jRMbbFGFD2NDNW3AinEFt5sqMa84tKK0V9JJyRe4FY7yFTOVjSMV41WF2srbI3k0QVGoEaQ7r0tijCBnXil4QVwQ0ya1FW3g","d528cbceddde5d3cbc0f6f3b841a48e10d35fd84eea400959a2bc450c19d1a2f");
INSERT INTO user(name, salt, hash) values("JohnGoldman96","1jo5OFAVDpC6xaEgt8sSuHcOSzo1SnkEVF5jHwD39SJegUlvz8nBLNeJBK6StVPCKzNNxUpOToQojUW304fW5gjniSqWejeBxo6Xtlgb0qIWW4vYoRYIIPRph8YwiW1mSxZ6sahYlfruDA52wtwPw82I9EVnEul7jRMbbFGFD2NDNW3AinEFt5sqMa84tKK0V9JJyRe4FY7yFTOVjSMV41WF2srbI3k0QVGoEaQ7r0tijCBnXil4QVwQ0ya1FW3g","d528cbceddde5d3cbc0f6f3b841a48e10d35fd84eea400959a2bc450c19d1a2f");
INSERT INTO user(name, salt, hash) values("KatieMitchell97","1jo5OFAVDpC6xaEgt8sSuHcOSzo1SnkEVF5jHwD39SJegUlvz8nBLNeJBK6StVPCKzNNxUpOToQojUW304fW5gjniSqWejeBxo6Xtlgb0qIWW4vYoRYIIPRph8YwiW1mSxZ6sahYlfruDA52wtwPw82I9EVnEul7jRMbbFGFD2NDNW3AinEFt5sqMa84tKK0V9JJyRe4FY7yFTOVjSMV41WF2srbI3k0QVGoEaQ7r0tijCBnXil4QVwQ0ya1FW3g","d528cbceddde5d3cbc0f6f3b841a48e10d35fd84eea400959a2bc450c19d1a2f");
INSERT INTO user(name, salt, hash) values("BobBanbury98","1jo5OFAVDpC6xaEgt8sSuHcOSzo1SnkEVF5jHwD39SJegUlvz8nBLNeJBK6StVPCKzNNxUpOToQojUW304fW5gjniSqWejeBxo6Xtlgb0qIWW4vYoRYIIPRph8YwiW1mSxZ6sahYlfruDA52wtwPw82I9EVnEul7jRMbbFGFD2NDNW3AinEFt5sqMa84tKK0V9JJyRe4FY7yFTOVjSMV41WF2srbI3k0QVGoEaQ7r0tijCBnXil4QVwQ0ya1FW3g","d528cbceddde5d3cbc0f6f3b841a48e10d35fd84eea400959a2bc450c19d1a2f");
INSERT INTO user(name, salt, hash) values("MarkJohnson99","1jo5OFAVDpC6xaEgt8sSuHcOSzo1SnkEVF5jHwD39SJegUlvz8nBLNeJBK6StVPCKzNNxUpOToQojUW304fW5gjniSqWejeBxo6Xtlgb0qIWW4vYoRYIIPRph8YwiW1mSxZ6sahYlfruDA52wtwPw82I9EVnEul7jRMbbFGFD2NDNW3AinEFt5sqMa84tKK0V9JJyRe4FY7yFTOVjSMV41WF2srbI3k0QVGoEaQ7r0tijCBnXil4QVwQ0ya1FW3g","d528cbceddde5d3cbc0f6f3b841a48e10d35fd84eea400959a2bc450c19d1a2f");





INSERT INTO game(sport, time, date, playerCount, location, full) values("ping pong","21:05:00", "2016-4-11" , 5 , "Moody Colliseum" , FALSE);
INSERT INTO game(sport, time, date, playerCount, location, full) values("indoor soccer","22:00:00", "2016-5-18" , 2 , "Moody Colliseum" , FALSE);
INSERT INTO game(sport, time, date, playerCount, location, full) values("tennis","18:15:00", "2016-3-28" , 10 , "Intramural Fields" , FALSE);
INSERT INTO game(sport, time, date, playerCount, location, full) values("ping pong","16:40:00", "2016-3-28" , 8 , "Some Park" , FALSE);
INSERT INTO game(sport, time, date, playerCount, location, full) values("ultimate frisbee","22:00:00", "2016-4-28" , 6 , "Dedman" , FALSE);
INSERT INTO game(sport, time, date, playerCount, location, full) values("indoor soccer","21:05:00", "2016-4-28" , 15 , "Dedman" , TRUE);
INSERT INTO game(sport, time, date, playerCount, location, full) values("football","21:05:00", "2016-7-11" , 8 , "Intramural Fields" , FALSE);
INSERT INTO game(sport, time, date, playerCount, location, full) values("indoor soccer","14:20:00", "2016-4-11" , 2 , "Moody Colliseum" , FALSE);
INSERT INTO game(sport, time, date, playerCount, location, full) values("soccer","14:20:00", "2016-7-11" , 4 , "Some Park" , FALSE);
INSERT INTO game(sport, time, date, playerCount, location, full) values("ultimate frisbee","12:30:00", "2016-4-28" , 5 , "Intramural Fields" , FALSE);
INSERT INTO game(sport, time, date, playerCount, location, full) values("ultimate frisbee","22:00:00", "2016-5-18" , 15 , "Dedman" , FALSE);
INSERT INTO game(sport, time, date, playerCount, location, full) values("soccer","22:00:00", "2016-7-11" , 15 , "Moody Colliseum" , FALSE);
INSERT INTO game(sport, time, date, playerCount, location, full) values("indoor soccer","13:25:00", "2016-4-11" , 5 , "Dedman" , TRUE);
INSERT INTO game(sport, time, date, playerCount, location, full) values("football","14:20:00", "2016-4-28" , 5 , "Intramural Fields" , FALSE);
INSERT INTO game(sport, time, date, playerCount, location, full) values("football","08:00:00", "2016-4-28" , 4 , "Intramural Fields" , TRUE);
INSERT INTO game(sport, time, date, playerCount, location, full) values("pool","16:40:00", "2016-4-28" , 10 , "Wescott Field" , FALSE);
INSERT INTO game(sport, time, date, playerCount, location, full) values("indoor soccer","12:30:00", "2016-5-12" , 15 , "Intramural Fields" , FALSE);
INSERT INTO game(sport, time, date, playerCount, location, full) values("soccer","16:40:00", "2016-4-28" , 4 , "Some Park" , FALSE);
INSERT INTO game(sport, time, date, playerCount, location, full) values("ping pong","22:00:00", "2016-5-12" , 2 , "Some Park" , FALSE);
INSERT INTO game(sport, time, date, playerCount, location, full) values("tennis","13:25:00", "2016-4-11" , 5 , "Moody Colliseum" , FALSE);
INSERT INTO game(sport, time, date, playerCount, location, full) values("ping pong","14:20:00", "2016-4-28" , 15 , "Moody Colliseum" , FALSE);
INSERT INTO game(sport, time, date, playerCount, location, full) values("ultimate frisbee","22:00:00", "2016-7-11" , 4 , "Moody Colliseum" , TRUE);
INSERT INTO game(sport, time, date, playerCount, location, full) values("ultimate frisbee","21:05:00", "2016-7-11" , 4 , "Wescott Field" , FALSE);
INSERT INTO game(sport, time, date, playerCount, location, full) values("ultimate frisbee","22:00:00", "2016-7-11" , 15 , "Wescott Field" , FALSE);
INSERT INTO game(sport, time, date, playerCount, location, full) values("ping pong","08:00:00", "2016-7-11" , 4 , "Intramural Fields" , FALSE);
INSERT INTO game(sport, time, date, playerCount, location, full) values("ping pong","09:30:00", "2016-5-18" , 5 , "Moody Colliseum" , FALSE);
INSERT INTO game(sport, time, date, playerCount, location, full) values("tennis","14:20:00", "2016-7-11" , 4 , "Moody Colliseum" , FALSE);
INSERT INTO game(sport, time, date, playerCount, location, full) values("soccer","21:05:00", "2016-3-14" , 5 , "Some Park" , TRUE);
INSERT INTO game(sport, time, date, playerCount, location, full) values("squash","12:30:00", "2016-5-18" , 4 , "Intramural Fields" , FALSE);
INSERT INTO game(sport, time, date, playerCount, location, full) values("ultimate frisbee","12:30:00", "2016-7-11" , 10 , "Wescott Field" , FALSE);
INSERT INTO game(sport, time, date, playerCount, location, full) values("indoor soccer","13:25:00", "2016-5-12" , 10 , "Dedman" , FALSE);
INSERT INTO game(sport, time, date, playerCount, location, full) values("squash","21:05:00", "2016-5-18" , 10 , "Wescott Field" , FALSE);
INSERT INTO game(sport, time, date, playerCount, location, full) values("tennis","21:05:00", "2016-4-14" , 2 , "Dedman" , FALSE);
INSERT INTO game(sport, time, date, playerCount, location, full) values("football","08:00:00", "2016-4-14" , 10 , "Intramural Fields" , FALSE);
INSERT INTO game(sport, time, date, playerCount, location, full) values("ultimate frisbee","14:20:00", "2016-3-28" , 6 , "Moody Colliseum" , FALSE);
INSERT INTO game(sport, time, date, playerCount, location, full) values("indoor soccer","08:00:00", "2016-4-14" , 10 , "Moody Colliseum" , FALSE);
INSERT INTO game(sport, time, date, playerCount, location, full) values("tennis","22:00:00", "2016-7-11" , 4 , "Moody Colliseum" , FALSE);
INSERT INTO game(sport, time, date, playerCount, location, full) values("ultimate frisbee","13:25:00", "2016-5-18" , 4 , "Wescott Field" , FALSE);
INSERT INTO game(sport, time, date, playerCount, location, full) values("soccer","12:30:00", "2016-4-11" , 10 , "Intramural Fields" , FALSE);
INSERT INTO game(sport, time, date, playerCount, location, full) values("basketball","16:40:00", "2016-3-14" , 8 , "Some Park" , FALSE);
INSERT INTO game(sport, time, date, playerCount, location, full) values("soccer","21:05:00", "2016-3-28" , 15 , "Dedman" , FALSE);
INSERT INTO game(sport, time, date, playerCount, location, full) values("tennis","09:30:00", "2016-3-28" , 2 , "Dedman" , FALSE);
INSERT INTO game(sport, time, date, playerCount, location, full) values("basketball","16:40:00", "2016-7-11" , 8 , "Moody Colliseum" , FALSE);
INSERT INTO game(sport, time, date, playerCount, location, full) values("ultimate frisbee","18:15:00", "2016-7-11" , 2 , "Intramural Fields" , FALSE);
INSERT INTO game(sport, time, date, playerCount, location, full) values("ultimate frisbee","18:15:00", "2016-5-12" , 8 , "Wescott Field" , FALSE);
INSERT INTO game(sport, time, date, playerCount, location, full) values("ultimate frisbee","14:20:00", "2016-7-11" , 2 , "Some Park" , TRUE);
INSERT INTO game(sport, time, date, playerCount, location, full) values("pool","18:15:00", "2016-5-18" , 5 , "Some Park" , TRUE);
INSERT INTO game(sport, time, date, playerCount, location, full) values("squash","18:15:00", "2016-3-14" , 8 , "Moody Colliseum" , FALSE);
INSERT INTO game(sport, time, date, playerCount, location, full) values("soccer","22:00:00", "2016-4-11" , 8 , "Dedman" , FALSE);
INSERT INTO game(sport, time, date, playerCount, location, full) values("indoor soccer","09:30:00", "2016-5-18" , 5 , "Dedman" , FALSE);





INSERT INTO enlist values("TomRenninger6", 1 );
INSERT INTO enlist values("GraceReiss80", 1 );
INSERT INTO enlist values("KatieBanbury73", 3 );
INSERT INTO enlist values("JohnHansen72", 3 );
INSERT INTO enlist values("TimmothyHansen4", 3 );
INSERT INTO enlist values("JohnHansen59", 3 );
INSERT INTO enlist values("JohnSmith64", 3 );
INSERT INTO enlist values("MattReiss51", 3 );
INSERT INTO enlist values("BenHansen10", 3 );
INSERT INTO enlist values("PaigeFontenot7", 4 );
INSERT INTO enlist values("AllisonKhan53", 4 );
INSERT INTO enlist values("SarahGoldman93", 4 );
INSERT INTO enlist values("MattSmith28", 4 );
INSERT INTO enlist values("KatieGabrielson26", 4 );
INSERT INTO enlist values("JackGabrielson71", 5 );
INSERT INTO enlist values("JohnGoldman96", 5 );
INSERT INTO enlist values("TomReiss88", 5 );
INSERT INTO enlist values("MarkGabrielson61", 6 );
INSERT INTO enlist values("MarkGoldman57", 6 );
INSERT INTO enlist values("PaigeFontenot7", 6 );
INSERT INTO enlist values("BenRenninger95", 6 );
INSERT INTO enlist values("MattBanbury67", 6 );
INSERT INTO enlist values("SarahHansen49", 6 );
INSERT INTO enlist values("GraceStenbit21", 6 );
INSERT INTO enlist values("TimmothyFontenot2", 6 );
INSERT INTO enlist values("MarkKhan92", 6 );
INSERT INTO enlist values("JonathanFontenot37", 6 );
INSERT INTO enlist values("PaigeMitchell8", 6 );
INSERT INTO enlist values("JonathanBanbury30", 6 );
INSERT INTO enlist values("GraceReiss80", 6 );
INSERT INTO enlist values("BobCohen42", 6 );
INSERT INTO enlist values("MarkJohnson99", 6 );
INSERT INTO enlist values("PaigeFontenot85", 7 );
INSERT INTO enlist values("MattGabrielson79", 7 );
INSERT INTO enlist values("GraceGabrielson58", 7 );
INSERT INTO enlist values("JackFontenot39", 7 );
INSERT INTO enlist values("AllisonMitchell36", 7 );
INSERT INTO enlist values("MattRenninger40", 9 );
INSERT INTO enlist values("MaryGabrielson75", 10 );
INSERT INTO enlist values("PaigeFontenot85", 10 );
INSERT INTO enlist values("JohnSmith64", 11 );
INSERT INTO enlist values("MattSmith28", 11 );
INSERT INTO enlist values("GraceKhan47", 11 );
INSERT INTO enlist values("JenniferHansen48", 11 );
INSERT INTO enlist values("JenniferCohen38", 11 );
INSERT INTO enlist values("MattCohen34", 11 );
INSERT INTO enlist values("GraceReiss80", 11 );
INSERT INTO enlist values("AllisonMitchell70", 11 );
INSERT INTO enlist values("MarkSmith77", 11 );
INSERT INTO enlist values("BenHansen10", 11 );
INSERT INTO enlist values("TimmothyGoldman11", 11 );
INSERT INTO enlist values("TomMitchell62", 11 );
INSERT INTO enlist values("GraceReiss80", 12 );
INSERT INTO enlist values("JohnGabrielson44", 12 );
INSERT INTO enlist values("JackMitchell25", 12 );
INSERT INTO enlist values("MaryFontenot76", 12 );
INSERT INTO enlist values("JohnHansen72", 12 );
INSERT INTO enlist values("TomCohen41", 12 );
INSERT INTO enlist values("MarkGabrielson61", 12 );
INSERT INTO enlist values("PaigeMitchell8", 12 );
INSERT INTO enlist values("JohnMitchell90", 12 );
INSERT INTO enlist values("KatieGabrielson26", 12 );
INSERT INTO enlist values("GraceGoldman84", 12 );
INSERT INTO enlist values("KatieKhan14", 12 );
INSERT INTO enlist values("PaigeFontenot85", 13 );
INSERT INTO enlist values("GraceGabrielson58", 13 );
INSERT INTO enlist values("SarahGoldman93", 13 );
INSERT INTO enlist values("MarkGoldman57", 13 );
INSERT INTO enlist values("AllisonKhan55", 13 );
INSERT INTO enlist values("SarahCarter81", 14 );
INSERT INTO enlist values("MattReiss51", 14 );
INSERT INTO enlist values("AllisonMitchell70", 15 );
INSERT INTO enlist values("TomGoldman18", 15 );
INSERT INTO enlist values("AllisonMitchell36", 15 );
INSERT INTO enlist values("MarkGabrielson32", 15 );
INSERT INTO enlist values("TimmothyHansen4", 16 );
INSERT INTO enlist values("MaryGabrielson82", 16 );
INSERT INTO enlist values("AllisonGoldman29", 16 );
INSERT INTO enlist values("JenniferHansen48", 16 );
INSERT INTO enlist values("PaigeFontenot7", 16 );
INSERT INTO enlist values("GraceCarter50", 16 );
INSERT INTO enlist values("MaryRenninger74", 16 );
INSERT INTO enlist values("GraceKhan1", 17 );
INSERT INTO enlist values("MattKhan60", 17 );
INSERT INTO enlist values("MattGabrielson79", 17 );
INSERT INTO enlist values("TimmothyBanbury46", 17 );
INSERT INTO enlist values("JonathanBanbury30", 17 );
INSERT INTO enlist values("KatieBanbury73", 17 );
INSERT INTO enlist values("BenRenninger95", 17 );
INSERT INTO enlist values("JackMitchell25", 17 );
INSERT INTO enlist values("MattCohen20", 17 );
INSERT INTO enlist values("MattReiss51", 17 );
INSERT INTO enlist values("SarahGoldman93", 17 );
INSERT INTO enlist values("SarahBanbury27", 17 );
INSERT INTO enlist values("MattGabrielson79", 18 );
INSERT INTO enlist values("KatieBanbury73", 20 );
INSERT INTO enlist values("JohnGabrielson12", 20 );
INSERT INTO enlist values("JenniferCohen38", 21 );
INSERT INTO enlist values("JenniferHansen63", 21 );
INSERT INTO enlist values("TimmothyGoldman11", 21 );
INSERT INTO enlist values("MarkGabrielson61", 21 );
INSERT INTO enlist values("SarahSmith45", 21 );
INSERT INTO enlist values("JonathanCohen89", 21 );
INSERT INTO enlist values("GraceReiss80", 21 );
INSERT INTO enlist values("TimmothyStenbit87", 21 );
INSERT INTO enlist values("TimmothyFontenot2", 21 );
INSERT INTO enlist values("BobBanbury98", 21 );
INSERT INTO enlist values("PaigeFontenot85", 21 );
INSERT INTO enlist values("MarySmith65", 21 );
INSERT INTO enlist values("AllisonGoldman29", 22 );
INSERT INTO enlist values("JohnSmith64", 22 );
INSERT INTO enlist values("MattJohnson83", 22 );
INSERT INTO enlist values("MarkJohnson99", 22 );
INSERT INTO enlist values("AllisonKhan55", 23 );
INSERT INTO enlist values("MattCarter15", 24 );
INSERT INTO enlist values("JohnReiss23", 24 );
INSERT INTO enlist values("JenniferHansen63", 24 );
INSERT INTO enlist values("AllisonFontenot22", 24 );
INSERT INTO enlist values("KatieBanbury73", 24 );
INSERT INTO enlist values("TimmothyReiss33", 24 );
INSERT INTO enlist values("AllisonMitchell70", 24 );
INSERT INTO enlist values("SarahBanbury27", 24 );
INSERT INTO enlist values("SarahCarter81", 24 );
INSERT INTO enlist values("AllisonBanbury78", 24 );
INSERT INTO enlist values("MattKhan60", 24 );
INSERT INTO enlist values("MarkKhan92", 24 );
INSERT INTO enlist values("JenniferCohen38", 25 );
INSERT INTO enlist values("TomBanbury0", 26 );
INSERT INTO enlist values("MattSmith28", 26 );
INSERT INTO enlist values("GraceCarter50", 27 );
INSERT INTO enlist values("JohnGabrielson12", 28 );
INSERT INTO enlist values("JonathanFontenot86", 28 );
INSERT INTO enlist values("GraceRenninger94", 28 );
INSERT INTO enlist values("BobFontenot17", 28 );
INSERT INTO enlist values("TomBanbury0", 28 );
INSERT INTO enlist values("GraceGabrielson58", 29 );
INSERT INTO enlist values("AllisonFontenot22", 30 );
INSERT INTO enlist values("JohnGabrielson44", 30 );
INSERT INTO enlist values("PaigeFontenot85", 30 );
INSERT INTO enlist values("KatieBanbury73", 30 );
INSERT INTO enlist values("JohnGoldman96", 30 );
INSERT INTO enlist values("GraceGoldman84", 30 );
INSERT INTO enlist values("TimmothyGoldman66", 30 );
INSERT INTO enlist values("PaigeFontenot7", 31 );
INSERT INTO enlist values("MattKhan60", 31 );
INSERT INTO enlist values("MaryFontenot76", 31 );
INSERT INTO enlist values("BobBanbury98", 31 );
INSERT INTO enlist values("BobStenbit69", 31 );
INSERT INTO enlist values("TomBanbury0", 31 );
INSERT INTO enlist values("GraceRenninger54", 31 );
INSERT INTO enlist values("JonathanFontenot86", 32 );
INSERT INTO enlist values("JonathanFontenot37", 32 );
INSERT INTO enlist values("TomGoldman18", 32 );
INSERT INTO enlist values("PaigeMitchell8", 32 );
INSERT INTO enlist values("JenniferFontenot68", 32 );
INSERT INTO enlist values("JohnKhan52", 32 );
INSERT INTO enlist values("BobCohen42", 32 );
INSERT INTO enlist values("JohnReiss23", 34 );
INSERT INTO enlist values("JenniferCohen38", 34 );
INSERT INTO enlist values("SarahHansen49", 34 );
INSERT INTO enlist values("TomReiss88", 34 );
INSERT INTO enlist values("MattCohen20", 34 );
INSERT INTO enlist values("GraceKhan1", 34 );
INSERT INTO enlist values("MaryMitchell91", 34 );
INSERT INTO enlist values("MattBanbury67", 35 );
INSERT INTO enlist values("BobFontenot17", 35 );
INSERT INTO enlist values("MarkKhan92", 35 );
INSERT INTO enlist values("TimmothyHansen4", 36 );
INSERT INTO enlist values("BobFontenot56", 36 );
INSERT INTO enlist values("MarkJohnson99", 36 );
INSERT INTO enlist values("TomReiss88", 36 );
INSERT INTO enlist values("SarahBanbury27", 36 );
INSERT INTO enlist values("GraceReiss80", 36 );
INSERT INTO enlist values("MattGabrielson79", 36 );
INSERT INTO enlist values("KatieKhan14", 37 );
INSERT INTO enlist values("JohnKhan52", 38 );
INSERT INTO enlist values("TomStenbit43", 39 );
INSERT INTO enlist values("MarkSmith3", 39 );
INSERT INTO enlist values("MaryGabrielson82", 39 );
INSERT INTO enlist values("GraceKhan47", 39 );
INSERT INTO enlist values("KatieMitchell97", 39 );
INSERT INTO enlist values("SarahSmith45", 39 );
INSERT INTO enlist values("JenniferHansen63", 39 );
INSERT INTO enlist values("BobCohen42", 40 );
INSERT INTO enlist values("TimmothyFontenot2", 40 );
INSERT INTO enlist values("MattCohen34", 40 );
INSERT INTO enlist values("TimmothyHansen4", 40 );
INSERT INTO enlist values("JonathanBanbury13", 40 );
INSERT INTO enlist values("MarkSmith77", 41 );
INSERT INTO enlist values("JonathanCohen89", 41 );
INSERT INTO enlist values("TimmothyGoldman66", 41 );
INSERT INTO enlist values("PaigeFontenot7", 41 );
INSERT INTO enlist values("TimmothyHansen9", 41 );
INSERT INTO enlist values("MattRenninger40", 41 );
INSERT INTO enlist values("PaigeFontenot24", 41 );
INSERT INTO enlist values("GraceKhan47", 41 );
INSERT INTO enlist values("GraceGabrielson58", 41 );
INSERT INTO enlist values("JohnSmith64", 41 );
INSERT INTO enlist values("JohnKhan52", 41 );
INSERT INTO enlist values("JonathanFontenot37", 41 );
INSERT INTO enlist values("MarkSmith77", 43 );
INSERT INTO enlist values("MattJohnson83", 43 );
INSERT INTO enlist values("TomMitchell62", 43 );
INSERT INTO enlist values("KatieMitchell97", 43 );
INSERT INTO enlist values("JackMitchell25", 43 );
INSERT INTO enlist values("AllisonBanbury78", 45 );
INSERT INTO enlist values("MarkGabrielson32", 45 );
INSERT INTO enlist values("TimmothyStenbit87", 45 );
INSERT INTO enlist values("JonathanCohen89", 45 );
INSERT INTO enlist values("MattKhan60", 45 );
INSERT INTO enlist values("TimmothyHansen4", 46 );
INSERT INTO enlist values("MaryGabrielson82", 46 );
INSERT INTO enlist values("MattCarter19", 47 );
INSERT INTO enlist values("AllisonKhan55", 47 );
INSERT INTO enlist values("BobStenbit69", 47 );
INSERT INTO enlist values("MarkSmith3", 47 );
INSERT INTO enlist values("TimmothyStenbit87", 47 );
INSERT INTO enlist values("MattStenbit16", 48 );
INSERT INTO enlist values("AllisonMitchell36", 48 );
INSERT INTO enlist values("SarahSmith45", 48 );
INSERT INTO enlist values("JonathanBanbury30", 48 );
INSERT INTO enlist values("MattReiss51", 48 );
INSERT INTO enlist values("JackGabrielson71", 49 );
INSERT INTO enlist values("AllisonKhan53", 49 );
INSERT INTO enlist values("MattCarter15", 49 );
INSERT INTO enlist values("MattStenbit16", 49 );
INSERT INTO enlist values("JohnKhan52", 49 );
INSERT INTO enlist values("GraceReiss80", 50 );
INSERT INTO enlist values("SarahGoldman93", 50 );
INSERT INTO sportPreference(username, sport) values("TomBanbury0", "squash");
INSERT INTO sportPreference(username, sport) values("TomBanbury0", "soccer");
INSERT INTO sportPreference(username, sport) values("TomBanbury0", "pool");
INSERT INTO sportPreference(username, sport) values("TomBanbury0", "tennis");
INSERT INTO sportPreference(username, sport) values("GraceKhan1", "basketball");
INSERT INTO sportPreference(username, sport) values("TimmothyFontenot2", "basketball");
INSERT INTO sportPreference(username, sport) values("TimmothyFontenot2", "ultimate frisbee");
INSERT INTO sportPreference(username, sport) values("TimmothyFontenot2", "indoor soccer");
INSERT INTO sportPreference(username, sport) values("MarkSmith3", "indoor soccer");
INSERT INTO sportPreference(username, sport) values("TimmothyHansen4", "soccer");
INSERT INTO sportPreference(username, sport) values("TimmothyHansen4", "tennis");
INSERT INTO sportPreference(username, sport) values("JenniferJohnson5", "basketball");
INSERT INTO sportPreference(username, sport) values("JenniferJohnson5", "ping pong");
INSERT INTO sportPreference(username, sport) values("JenniferJohnson5", "indoor soccer");
INSERT INTO sportPreference(username, sport) values("TomRenninger6", "soccer");
INSERT INTO sportPreference(username, sport) values("TomRenninger6", "squash");
INSERT INTO sportPreference(username, sport) values("TomRenninger6", "indoor soccer");
INSERT INTO sportPreference(username, sport) values("TomRenninger6", "tennis");
INSERT INTO sportPreference(username, sport) values("PaigeFontenot7", "ping pong");
INSERT INTO sportPreference(username, sport) values("PaigeFontenot7", "indoor soccer");
INSERT INTO sportPreference(username, sport) values("PaigeFontenot7", "tennis");
INSERT INTO sportPreference(username, sport) values("PaigeFontenot7", "squash");
INSERT INTO sportPreference(username, sport) values("PaigeMitchell8", "tennis");
INSERT INTO sportPreference(username, sport) values("PaigeMitchell8", "ultimate frisbee");
INSERT INTO sportPreference(username, sport) values("TimmothyHansen9", "soccer");
INSERT INTO sportPreference(username, sport) values("BenHansen10", "pool");
INSERT INTO sportPreference(username, sport) values("BenHansen10", "ultimate frisbee");
INSERT INTO sportPreference(username, sport) values("BenHansen10", "indoor soccer");
INSERT INTO sportPreference(username, sport) values("BenHansen10", "basketball");
INSERT INTO sportPreference(username, sport) values("TimmothyGoldman11", "pool");
INSERT INTO sportPreference(username, sport) values("JohnGabrielson12", "squash");
INSERT INTO sportPreference(username, sport) values("JonathanBanbury13", "tennis");
INSERT INTO sportPreference(username, sport) values("JonathanBanbury13", "ping pong");
INSERT INTO sportPreference(username, sport) values("KatieKhan14", "ping pong");
INSERT INTO sportPreference(username, sport) values("KatieKhan14", "pool");
INSERT INTO sportPreference(username, sport) values("KatieKhan14", "basketball");
INSERT INTO sportPreference(username, sport) values("MattCarter15", "basketball");
INSERT INTO sportPreference(username, sport) values("MattStenbit16", "basketball");
INSERT INTO sportPreference(username, sport) values("MattStenbit16", "football");
INSERT INTO sportPreference(username, sport) values("MattStenbit16", "pool");
INSERT INTO sportPreference(username, sport) values("BobFontenot17", "pool");
INSERT INTO sportPreference(username, sport) values("BobFontenot17", "ultimate frisbee");
INSERT INTO sportPreference(username, sport) values("BobFontenot17", "football");
INSERT INTO sportPreference(username, sport) values("TomGoldman18", "indoor soccer");
INSERT INTO sportPreference(username, sport) values("TomGoldman18", "squash");
INSERT INTO sportPreference(username, sport) values("TomGoldman18", "soccer");
INSERT INTO sportPreference(username, sport) values("TomGoldman18", "ping pong");
INSERT INTO sportPreference(username, sport) values("MattCarter19", "soccer");
INSERT INTO sportPreference(username, sport) values("MattCarter19", "indoor soccer");
INSERT INTO sportPreference(username, sport) values("MattCarter19", "pool");
INSERT INTO sportPreference(username, sport) values("MattCohen20", "tennis");
INSERT INTO sportPreference(username, sport) values("GraceStenbit21", "ping pong");
INSERT INTO sportPreference(username, sport) values("GraceStenbit21", "squash");
INSERT INTO sportPreference(username, sport) values("GraceStenbit21", "basketball");
INSERT INTO sportPreference(username, sport) values("AllisonFontenot22", "soccer");
INSERT INTO sportPreference(username, sport) values("AllisonFontenot22", "tennis");
INSERT INTO sportPreference(username, sport) values("AllisonFontenot22", "squash");
INSERT INTO sportPreference(username, sport) values("JohnReiss23", "pool");
INSERT INTO sportPreference(username, sport) values("PaigeFontenot24", "indoor soccer");
INSERT INTO sportPreference(username, sport) values("JackMitchell25", "tennis");
INSERT INTO sportPreference(username, sport) values("JackMitchell25", "football");
INSERT INTO sportPreference(username, sport) values("JackMitchell25", "pool");
INSERT INTO sportPreference(username, sport) values("JackMitchell25", "ping pong");
INSERT INTO sportPreference(username, sport) values("KatieGabrielson26", "soccer");
INSERT INTO sportPreference(username, sport) values("KatieGabrielson26", "squash");
INSERT INTO sportPreference(username, sport) values("SarahBanbury27", "soccer");
INSERT INTO sportPreference(username, sport) values("MattSmith28", "indoor soccer");
INSERT INTO sportPreference(username, sport) values("MattSmith28", "pool");
INSERT INTO sportPreference(username, sport) values("MattSmith28", "football");
INSERT INTO sportPreference(username, sport) values("AllisonGoldman29", "football");
INSERT INTO sportPreference(username, sport) values("JonathanBanbury30", "basketball");
INSERT INTO sportPreference(username, sport) values("JonathanBanbury30", "football");
INSERT INTO sportPreference(username, sport) values("JackHansen31", "squash");
INSERT INTO sportPreference(username, sport) values("MarkGabrielson32", "squash");
INSERT INTO sportPreference(username, sport) values("MarkGabrielson32", "indoor soccer");
INSERT INTO sportPreference(username, sport) values("MarkGabrielson32", "soccer");
INSERT INTO sportPreference(username, sport) values("TimmothyReiss33", "indoor soccer");
INSERT INTO sportPreference(username, sport) values("MattCohen34", "ultimate frisbee");
INSERT INTO sportPreference(username, sport) values("MattCohen34", "football");
INSERT INTO sportPreference(username, sport) values("MattCohen34", "pool");
INSERT INTO sportPreference(username, sport) values("JohnCohen35", "pool");
INSERT INTO sportPreference(username, sport) values("AllisonMitchell36", "pool");
INSERT INTO sportPreference(username, sport) values("AllisonMitchell36", "tennis");
INSERT INTO sportPreference(username, sport) values("AllisonMitchell36", "ping pong");
INSERT INTO sportPreference(username, sport) values("JonathanFontenot37", "indoor soccer");
INSERT INTO sportPreference(username, sport) values("JonathanFontenot37", "tennis");
INSERT INTO sportPreference(username, sport) values("JonathanFontenot37", "ping pong");
INSERT INTO sportPreference(username, sport) values("JonathanFontenot37", "squash");
INSERT INTO sportPreference(username, sport) values("JenniferCohen38", "indoor soccer");
INSERT INTO sportPreference(username, sport) values("JackFontenot39", "indoor soccer");
INSERT INTO sportPreference(username, sport) values("JackFontenot39", "soccer");
INSERT INTO sportPreference(username, sport) values("MattRenninger40", "squash");
INSERT INTO sportPreference(username, sport) values("MattRenninger40", "ultimate frisbee");
INSERT INTO sportPreference(username, sport) values("MattRenninger40", "basketball");
INSERT INTO sportPreference(username, sport) values("MattRenninger40", "soccer");
INSERT INTO sportPreference(username, sport) values("TomCohen41", "football");
INSERT INTO sportPreference(username, sport) values("BobCohen42", "basketball");
INSERT INTO sportPreference(username, sport) values("BobCohen42", "tennis");
INSERT INTO sportPreference(username, sport) values("BobCohen42", "football");
INSERT INTO sportPreference(username, sport) values("TomStenbit43", "squash");
INSERT INTO sportPreference(username, sport) values("JohnGabrielson44", "ultimate frisbee");
INSERT INTO sportPreference(username, sport) values("JohnGabrielson44", "soccer");
INSERT INTO sportPreference(username, sport) values("SarahSmith45", "football");
INSERT INTO sportPreference(username, sport) values("SarahSmith45", "ping pong");
INSERT INTO sportPreference(username, sport) values("SarahSmith45", "tennis");
INSERT INTO sportPreference(username, sport) values("SarahSmith45", "ultimate frisbee");
INSERT INTO sportPreference(username, sport) values("TimmothyBanbury46", "soccer");
INSERT INTO sportPreference(username, sport) values("TimmothyBanbury46", "pool");
INSERT INTO sportPreference(username, sport) values("GraceKhan47", "soccer");
INSERT INTO sportPreference(username, sport) values("JenniferHansen48", "indoor soccer");
INSERT INTO sportPreference(username, sport) values("JenniferHansen48", "soccer");
INSERT INTO sportPreference(username, sport) values("JenniferHansen48", "football");
INSERT INTO sportPreference(username, sport) values("SarahHansen49", "squash");
INSERT INTO sportPreference(username, sport) values("SarahHansen49", "basketball");
INSERT INTO sportPreference(username, sport) values("SarahHansen49", "football");
INSERT INTO sportPreference(username, sport) values("SarahHansen49", "soccer");
INSERT INTO sportPreference(username, sport) values("GraceCarter50", "tennis");
INSERT INTO sportPreference(username, sport) values("GraceCarter50", "ping pong");
INSERT INTO sportPreference(username, sport) values("GraceCarter50", "soccer");
INSERT INTO sportPreference(username, sport) values("GraceCarter50", "indoor soccer");
INSERT INTO sportPreference(username, sport) values("MattReiss51", "indoor soccer");
INSERT INTO sportPreference(username, sport) values("MattReiss51", "soccer");
INSERT INTO sportPreference(username, sport) values("JohnKhan52", "ultimate frisbee");
INSERT INTO sportPreference(username, sport) values("JohnKhan52", "basketball");
INSERT INTO sportPreference(username, sport) values("JohnKhan52", "pool");
INSERT INTO sportPreference(username, sport) values("JohnKhan52", "soccer");
INSERT INTO sportPreference(username, sport) values("AllisonKhan53", "squash");
INSERT INTO sportPreference(username, sport) values("AllisonKhan53", "indoor soccer");
INSERT INTO sportPreference(username, sport) values("AllisonKhan53", "basketball");
INSERT INTO sportPreference(username, sport) values("GraceRenninger54", "ping pong");
INSERT INTO sportPreference(username, sport) values("AllisonKhan55", "soccer");
INSERT INTO sportPreference(username, sport) values("BobFontenot56", "squash");
INSERT INTO sportPreference(username, sport) values("BobFontenot56", "basketball");
INSERT INTO sportPreference(username, sport) values("MarkGoldman57", "pool");
INSERT INTO sportPreference(username, sport) values("MarkGoldman57", "football");
INSERT INTO sportPreference(username, sport) values("MarkGoldman57", "ultimate frisbee");
INSERT INTO sportPreference(username, sport) values("MarkGoldman57", "soccer");
INSERT INTO sportPreference(username, sport) values("GraceGabrielson58", "basketball");
INSERT INTO sportPreference(username, sport) values("GraceGabrielson58", "tennis");
INSERT INTO sportPreference(username, sport) values("JohnHansen59", "football");
INSERT INTO sportPreference(username, sport) values("JohnHansen59", "ping pong");
INSERT INTO sportPreference(username, sport) values("JohnHansen59", "ultimate frisbee");
INSERT INTO sportPreference(username, sport) values("JohnHansen59", "basketball");
INSERT INTO sportPreference(username, sport) values("MattKhan60", "ultimate frisbee");
INSERT INTO sportPreference(username, sport) values("MattKhan60", "football");
INSERT INTO sportPreference(username, sport) values("MattKhan60", "soccer");
INSERT INTO sportPreference(username, sport) values("MarkGabrielson61", "ping pong");
INSERT INTO sportPreference(username, sport) values("TomMitchell62", "ultimate frisbee");
INSERT INTO sportPreference(username, sport) values("TomMitchell62", "indoor soccer");
INSERT INTO sportPreference(username, sport) values("TomMitchell62", "soccer");
INSERT INTO sportPreference(username, sport) values("JenniferHansen63", "football");
INSERT INTO sportPreference(username, sport) values("JenniferHansen63", "ping pong");
INSERT INTO sportPreference(username, sport) values("JenniferHansen63", "basketball");
INSERT INTO sportPreference(username, sport) values("JohnSmith64", "basketball");
INSERT INTO sportPreference(username, sport) values("JohnSmith64", "indoor soccer");
INSERT INTO sportPreference(username, sport) values("JohnSmith64", "ping pong");
INSERT INTO sportPreference(username, sport) values("JohnSmith64", "soccer");
INSERT INTO sportPreference(username, sport) values("MarySmith65", "football");
INSERT INTO sportPreference(username, sport) values("TimmothyGoldman66", "basketball");
INSERT INTO sportPreference(username, sport) values("MattBanbury67", "basketball");
INSERT INTO sportPreference(username, sport) values("MattBanbury67", "ping pong");
INSERT INTO sportPreference(username, sport) values("MattBanbury67", "football");
INSERT INTO sportPreference(username, sport) values("MattBanbury67", "indoor soccer");
INSERT INTO sportPreference(username, sport) values("JenniferFontenot68", "soccer");
INSERT INTO sportPreference(username, sport) values("BobStenbit69", "pool");
INSERT INTO sportPreference(username, sport) values("AllisonMitchell70", "ultimate frisbee");
INSERT INTO sportPreference(username, sport) values("AllisonMitchell70", "soccer");
INSERT INTO sportPreference(username, sport) values("AllisonMitchell70", "basketball");
INSERT INTO sportPreference(username, sport) values("JackGabrielson71", "ping pong");
INSERT INTO sportPreference(username, sport) values("JackGabrielson71", "basketball");
INSERT INTO sportPreference(username, sport) values("JackGabrielson71", "indoor soccer");
INSERT INTO sportPreference(username, sport) values("JackGabrielson71", "squash");
INSERT INTO sportPreference(username, sport) values("JohnHansen72", "tennis");
INSERT INTO sportPreference(username, sport) values("KatieBanbury73", "soccer");
INSERT INTO sportPreference(username, sport) values("MaryRenninger74", "tennis");
INSERT INTO sportPreference(username, sport) values("MaryRenninger74", "ping pong");
INSERT INTO sportPreference(username, sport) values("MaryGabrielson75", "ping pong");
INSERT INTO sportPreference(username, sport) values("MaryGabrielson75", "basketball");
INSERT INTO sportPreference(username, sport) values("MaryGabrielson75", "squash");
INSERT INTO sportPreference(username, sport) values("MaryGabrielson75", "football");
INSERT INTO sportPreference(username, sport) values("MaryFontenot76", "football");
INSERT INTO sportPreference(username, sport) values("MarkSmith77", "tennis");
INSERT INTO sportPreference(username, sport) values("AllisonBanbury78", "basketball");
INSERT INTO sportPreference(username, sport) values("AllisonBanbury78", "football");
INSERT INTO sportPreference(username, sport) values("AllisonBanbury78", "tennis");
INSERT INTO sportPreference(username, sport) values("AllisonBanbury78", "soccer");
INSERT INTO sportPreference(username, sport) values("MattGabrielson79", "ping pong");
INSERT INTO sportPreference(username, sport) values("MattGabrielson79", "soccer");
INSERT INTO sportPreference(username, sport) values("GraceReiss80", "squash");
INSERT INTO sportPreference(username, sport) values("GraceReiss80", "pool");
INSERT INTO sportPreference(username, sport) values("SarahCarter81", "squash");
INSERT INTO sportPreference(username, sport) values("MaryGabrielson82", "tennis");
INSERT INTO sportPreference(username, sport) values("MaryGabrielson82", "ping pong");
INSERT INTO sportPreference(username, sport) values("MaryGabrielson82", "pool");
INSERT INTO sportPreference(username, sport) values("MattJohnson83", "soccer");
INSERT INTO sportPreference(username, sport) values("MattJohnson83", "ping pong");
INSERT INTO sportPreference(username, sport) values("MattJohnson83", "indoor soccer");
INSERT INTO sportPreference(username, sport) values("MattJohnson83", "football");
INSERT INTO sportPreference(username, sport) values("GraceGoldman84", "soccer");
INSERT INTO sportPreference(username, sport) values("GraceGoldman84", "squash");
INSERT INTO sportPreference(username, sport) values("GraceGoldman84", "ultimate frisbee");
INSERT INTO sportPreference(username, sport) values("PaigeFontenot85", "football");
INSERT INTO sportPreference(username, sport) values("PaigeFontenot85", "soccer");
INSERT INTO sportPreference(username, sport) values("JonathanFontenot86", "ultimate frisbee");
INSERT INTO sportPreference(username, sport) values("JonathanFontenot86", "ping pong");
INSERT INTO sportPreference(username, sport) values("JonathanFontenot86", "football");
INSERT INTO sportPreference(username, sport) values("TimmothyStenbit87", "basketball");
INSERT INTO sportPreference(username, sport) values("TimmothyStenbit87", "squash");
INSERT INTO sportPreference(username, sport) values("TimmothyStenbit87", "indoor soccer");
INSERT INTO sportPreference(username, sport) values("TimmothyStenbit87", "pool");
INSERT INTO sportPreference(username, sport) values("TomReiss88", "squash");
INSERT INTO sportPreference(username, sport) values("TomReiss88", "indoor soccer");
INSERT INTO sportPreference(username, sport) values("JonathanCohen89", "ping pong");
INSERT INTO sportPreference(username, sport) values("JonathanCohen89", "soccer");
INSERT INTO sportPreference(username, sport) values("JonathanCohen89", "indoor soccer");
INSERT INTO sportPreference(username, sport) values("JonathanCohen89", "ultimate frisbee");
INSERT INTO sportPreference(username, sport) values("JohnMitchell90", "pool");
INSERT INTO sportPreference(username, sport) values("JohnMitchell90", "ultimate frisbee");
INSERT INTO sportPreference(username, sport) values("JohnMitchell90", "indoor soccer");
INSERT INTO sportPreference(username, sport) values("MaryMitchell91", "ultimate frisbee");
INSERT INTO sportPreference(username, sport) values("MaryMitchell91", "pool");
INSERT INTO sportPreference(username, sport) values("MaryMitchell91", "tennis");
INSERT INTO sportPreference(username, sport) values("MaryMitchell91", "indoor soccer");
INSERT INTO sportPreference(username, sport) values("MarkKhan92", "indoor soccer");
INSERT INTO sportPreference(username, sport) values("MarkKhan92", "ultimate frisbee");
INSERT INTO sportPreference(username, sport) values("MarkKhan92", "soccer");
INSERT INTO sportPreference(username, sport) values("SarahGoldman93", "pool");
INSERT INTO sportPreference(username, sport) values("SarahGoldman93", "soccer");
INSERT INTO sportPreference(username, sport) values("SarahGoldman93", "ping pong");
INSERT INTO sportPreference(username, sport) values("SarahGoldman93", "indoor soccer");
INSERT INTO sportPreference(username, sport) values("GraceRenninger94", "ultimate frisbee");
INSERT INTO sportPreference(username, sport) values("GraceRenninger94", "squash");
INSERT INTO sportPreference(username, sport) values("GraceRenninger94", "ping pong");
INSERT INTO sportPreference(username, sport) values("GraceRenninger94", "football");
INSERT INTO sportPreference(username, sport) values("BenRenninger95", "tennis");
INSERT INTO sportPreference(username, sport) values("BenRenninger95", "basketball");
INSERT INTO sportPreference(username, sport) values("BenRenninger95", "pool");
INSERT INTO sportPreference(username, sport) values("JohnGoldman96", "ping pong");
INSERT INTO sportPreference(username, sport) values("JohnGoldman96", "pool");
INSERT INTO sportPreference(username, sport) values("JohnGoldman96", "basketball");
INSERT INTO sportPreference(username, sport) values("KatieMitchell97", "tennis");
INSERT INTO sportPreference(username, sport) values("KatieMitchell97", "indoor soccer");
INSERT INTO sportPreference(username, sport) values("KatieMitchell97", "ping pong");
INSERT INTO sportPreference(username, sport) values("KatieMitchell97", "pool");
INSERT INTO sportPreference(username, sport) values("BobBanbury98", "squash");
INSERT INTO sportPreference(username, sport) values("BobBanbury98", "soccer");
INSERT INTO sportPreference(username, sport) values("BobBanbury98", "ping pong");
INSERT INTO sportPreference(username, sport) values("MarkJohnson99", "indoor soccer");
INSERT INTO sportPreference(username, sport) values("MarkJohnson99", "football");





INSERT INTO chat(username, gameID, message) values("MattBanbury67", 1, "I'll bring some snacks!0");
INSERT INTO chat(username, gameID, message) values("JonathanBanbury30", 1, "Hey, I'll bring a ball!1");
INSERT INTO chat(username, gameID, message) values("SarahCarter81", 1, "Just realized it's raining, so let's cancel?2");
INSERT INTO chat(username, gameID, message) values("MarySmith65", 1, "I'll bring some snacks!3");
INSERT INTO chat(username, gameID, message) values("SarahGoldman93", 1, "Just realized it's raining, so let's cancel?4");
INSERT INTO chat(username, gameID, message) values("KatieMitchell97", 1, "Just got here and its busy so we can't play. Sorry!5");
INSERT INTO chat(username, gameID, message) values("MattCohen34", 1, "I'll bring some snacks!6");
INSERT INTO chat(username, gameID, message) values("JenniferFontenot68", 1, "Just realized it's raining, so let's cancel?7");
INSERT INTO chat(username, gameID, message) values("GraceRenninger54", 1, "Yo we should totally listen to some dank beats while we sports8");
INSERT INTO chat(username, gameID, message) values("JackFontenot39", 1, "I'll bring some snacks!9");
INSERT INTO chat(username, gameID, message) values("GraceKhan1", 1, "Hey, I'll bring a ball!10");
INSERT INTO chat(username, gameID, message) values("MarkJohnson99", 1, "See you all in 10.11");
INSERT INTO chat(username, gameID, message) values("JohnCohen35", 1, "See you all in 10.12");
INSERT INTO chat(username, gameID, message) values("JonathanBanbury30", 1, "We still on?13");
INSERT INTO chat(username, gameID, message) values("JackFontenot39", 1, "Just got here and its busy so we can't play. Sorry!14");
INSERT INTO chat(username, gameID, message) values("MarkSmith3", 2, "Just realized it's raining, so let's cancel?0");
INSERT INTO chat(username, gameID, message) values("AllisonFontenot22", 2, "Ay where the dank memes at?1");
INSERT INTO chat(username, gameID, message) values("JohnHansen72", 2, "Hey, I'll bring a ball!2");
INSERT INTO chat(username, gameID, message) values("MaryRenninger74", 2, "I'll bring some snacks!3");
INSERT INTO chat(username, gameID, message) values("JohnHansen59", 2, "Ay where the dank memes at?4");
INSERT INTO chat(username, gameID, message) values("JohnGoldman96", 2, "Just got here and its busy so we can't play. Sorry!5");
INSERT INTO chat(username, gameID, message) values("GraceGabrielson58", 3, "Just realized it's raining, so let's cancel?0");
INSERT INTO chat(username, gameID, message) values("MattBanbury67", 3, "We still on?1");
INSERT INTO chat(username, gameID, message) values("AllisonFontenot22", 3, "Just realized it's raining, so let's cancel?2");
INSERT INTO chat(username, gameID, message) values("MaryGabrielson82", 3, "Just realized it's raining, so let's cancel?3");
INSERT INTO chat(username, gameID, message) values("PaigeFontenot24", 3, "Just realized it's raining, so let's cancel?4");
INSERT INTO chat(username, gameID, message) values("JonathanFontenot86", 3, "Ay where the dank memes at?5");
INSERT INTO chat(username, gameID, message) values("PaigeFontenot24", 3, "Just got here and its busy so we can't play. Sorry!6");
INSERT INTO chat(username, gameID, message) values("BobCohen42", 3, "We still on?7");
INSERT INTO chat(username, gameID, message) values("AllisonKhan55", 3, "Ay where the dank memes at?8");
INSERT INTO chat(username, gameID, message) values("TomReiss88", 3, "Ay where the dank memes at?9");
INSERT INTO chat(username, gameID, message) values("JohnHansen72", 4, "Yo we should totally listen to some dank beats while we sports0");
INSERT INTO chat(username, gameID, message) values("TomMitchell62", 4, "I'll bring some snacks!1");
INSERT INTO chat(username, gameID, message) values("TomStenbit43", 4, "We still on?2");
INSERT INTO chat(username, gameID, message) values("BobFontenot56", 4, "Hey, I'll bring a ball!3");
INSERT INTO chat(username, gameID, message) values("GraceRenninger54", 4, "Just realized it's raining, so let's cancel?4");
INSERT INTO chat(username, gameID, message) values("AllisonGoldman29", 4, "I'll bring some snacks!5");
INSERT INTO chat(username, gameID, message) values("BobCohen42", 5, "Just got here and its busy so we can't play. Sorry!0");
INSERT INTO chat(username, gameID, message) values("GraceGabrielson58", 5, "See you all in 10.1");
INSERT INTO chat(username, gameID, message) values("MattCarter19", 5, "Ay where the dank memes at?2");
INSERT INTO chat(username, gameID, message) values("TomMitchell62", 5, "Just realized it's raining, so let's cancel?3");
INSERT INTO chat(username, gameID, message) values("TomReiss88", 5, "See you all in 10.4");
INSERT INTO chat(username, gameID, message) values("MaryGabrielson75", 6, "See you all in 10.0");
INSERT INTO chat(username, gameID, message) values("MarkGoldman57", 6, "Just got here and its busy so we can't play. Sorry!1");
INSERT INTO chat(username, gameID, message) values("KatieBanbury73", 6, "I'll bring some snacks!2");
INSERT INTO chat(username, gameID, message) values("MaryGabrielson75", 6, "I'll bring some snacks!3");
INSERT INTO chat(username, gameID, message) values("TimmothyHansen4", 6, "I'll bring some snacks!4");
INSERT INTO chat(username, gameID, message) values("MaryGabrielson75", 7, "We still on?0");
INSERT INTO chat(username, gameID, message) values("PaigeFontenot85", 7, "See you all in 10.1");
INSERT INTO chat(username, gameID, message) values("TomRenninger6", 8, "Just realized it's raining, so let's cancel?0");
INSERT INTO chat(username, gameID, message) values("KatieKhan14", 8, "I'll bring some snacks!1");
INSERT INTO chat(username, gameID, message) values("KatieKhan14", 8, "I'll bring some snacks!2");
INSERT INTO chat(username, gameID, message) values("BobFontenot56", 8, "I'll bring some snacks!3");
INSERT INTO chat(username, gameID, message) values("AllisonKhan55", 8, "Just realized it's raining, so let's cancel?4");
INSERT INTO chat(username, gameID, message) values("PaigeFontenot24", 9, "See you all in 10.0");
INSERT INTO chat(username, gameID, message) values("MattCarter19", 9, "Hey, I'll bring a ball!1");
INSERT INTO chat(username, gameID, message) values("TimmothyHansen4", 9, "Hey, I'll bring a ball!2");
INSERT INTO chat(username, gameID, message) values("GraceKhan47", 9, "Ay where the dank memes at?3");
INSERT INTO chat(username, gameID, message) values("JohnHansen72", 10, "We still on?0");
INSERT INTO chat(username, gameID, message) values("BenHansen10", 10, "I'll bring some snacks!1");
INSERT INTO chat(username, gameID, message) values("TimmothyHansen4", 10, "We still on?2");
INSERT INTO chat(username, gameID, message) values("MaryGabrielson75", 10, "Hey, I'll bring a ball!3");
INSERT INTO chat(username, gameID, message) values("GraceCarter50", 10, "Just realized it's raining, so let's cancel?4");
INSERT INTO chat(username, gameID, message) values("MattReiss51", 10, "Ay where the dank memes at?5");
INSERT INTO chat(username, gameID, message) values("GraceReiss80", 11, "Just realized it's raining, so let's cancel?0");
INSERT INTO chat(username, gameID, message) values("JenniferCohen38", 11, "We still on?1");
INSERT INTO chat(username, gameID, message) values("MattSmith28", 11, "I'll bring some snacks!2");
INSERT INTO chat(username, gameID, message) values("TimmothyHansen4", 11, "Just got here and its busy so we can't play. Sorry!3");
INSERT INTO chat(username, gameID, message) values("SarahSmith45", 12, "See you all in 10.0");
INSERT INTO chat(username, gameID, message) values("MarySmith65", 12, "Yo we should totally listen to some dank beats while we sports1");
INSERT INTO chat(username, gameID, message) values("JohnReiss23", 12, "I'll bring some snacks!2");
INSERT INTO chat(username, gameID, message) values("JohnReiss23", 12, "We still on?3");
INSERT INTO chat(username, gameID, message) values("MaryGabrielson82", 12, "Hey, I'll bring a ball!4");
INSERT INTO chat(username, gameID, message) values("MattCarter15", 12, "Just got here and its busy so we can't play. Sorry!5");
INSERT INTO chat(username, gameID, message) values("SarahSmith45", 13, "Just got here and its busy so we can't play. Sorry!0");
INSERT INTO chat(username, gameID, message) values("TimmothyHansen4", 13, "Ay where the dank memes at?1");
INSERT INTO chat(username, gameID, message) values("JonathanBanbury13", 13, "See you all in 10.2");
INSERT INTO chat(username, gameID, message) values("GraceStenbit21", 13, "Just got here and its busy so we can't play. Sorry!3");
INSERT INTO chat(username, gameID, message) values("GraceGoldman84", 13, "Just realized it's raining, so let's cancel?4");
INSERT INTO chat(username, gameID, message) values("TomBanbury0", 14, "Ay where the dank memes at?0");
INSERT INTO chat(username, gameID, message) values("MattKhan60", 14, "Just got here and its busy so we can't play. Sorry!1");
INSERT INTO chat(username, gameID, message) values("MaryFontenot76", 14, "Ay where the dank memes at?2");
INSERT INTO chat(username, gameID, message) values("TimmothyStenbit87", 14, "Yo we should totally listen to some dank beats while we sports3");
INSERT INTO chat(username, gameID, message) values("AllisonMitchell70", 15, "Just realized it's raining, so let's cancel?0");
INSERT INTO chat(username, gameID, message) values("MaryGabrielson75", 15, "Yo we should totally listen to some dank beats while we sports1");
INSERT INTO chat(username, gameID, message) values("KatieBanbury73", 15, "Hey, I'll bring a ball!2");
INSERT INTO chat(username, gameID, message) values("PaigeFontenot85", 15, "We still on?3");
INSERT INTO chat(username, gameID, message) values("JohnSmith64", 16, "I'll bring some snacks!0");
INSERT INTO chat(username, gameID, message) values("TimmothyHansen9", 16, "Hey, I'll bring a ball!1");
INSERT INTO chat(username, gameID, message) values("MarkGabrielson61", 16, "I'll bring some snacks!2");
INSERT INTO chat(username, gameID, message) values("GraceKhan1", 16, "Just got here and its busy so we can't play. Sorry!3");
INSERT INTO chat(username, gameID, message) values("GraceReiss80", 16, "Just got here and its busy so we can't play. Sorry!4");
INSERT INTO chat(username, gameID, message) values("TimmothyHansen9", 16, "Hey, I'll bring a ball!5");
INSERT INTO chat(username, gameID, message) values("TomRenninger6", 16, "We still on?6");
INSERT INTO chat(username, gameID, message) values("TimmothyStenbit87", 16, "We still on?7");
INSERT INTO chat(username, gameID, message) values("JenniferHansen48", 17, "Ay where the dank memes at?0");
INSERT INTO chat(username, gameID, message) values("GraceGoldman84", 17, "See you all in 10.1");
INSERT INTO chat(username, gameID, message) values("MattCarter15", 17, "We still on?2");
INSERT INTO chat(username, gameID, message) values("AllisonFontenot22", 17, "I'll bring some snacks!3");
INSERT INTO chat(username, gameID, message) values("JonathanBanbury13", 17, "We still on?4");
INSERT INTO chat(username, gameID, message) values("JohnReiss23", 17, "Hey, I'll bring a ball!5");
INSERT INTO chat(username, gameID, message) values("AllisonFontenot22", 17, "Just realized it's raining, so let's cancel?6");
INSERT INTO chat(username, gameID, message) values("MarkJohnson99", 17, "I'll bring some snacks!7");
INSERT INTO chat(username, gameID, message) values("BenRenninger95", 17, "Just got here and its busy so we can't play. Sorry!8");
INSERT INTO chat(username, gameID, message) values("MaryMitchell91", 17, "Ay where the dank memes at?9");
INSERT INTO chat(username, gameID, message) values("TimmothyGoldman11", 17, "See you all in 10.10");
INSERT INTO chat(username, gameID, message) values("JonathanBanbury13", 17, "I'll bring some snacks!11");
INSERT INTO chat(username, gameID, message) values("AllisonGoldman29", 17, "Just realized it's raining, so let's cancel?12");
INSERT INTO chat(username, gameID, message) values("MarkSmith77", 17, "Hey, I'll bring a ball!13");
INSERT INTO chat(username, gameID, message) values("GraceRenninger94", 17, "Just got here and its busy so we can't play. Sorry!14");
INSERT INTO chat(username, gameID, message) values("GraceGabrielson58", 18, "Hey, I'll bring a ball!0");
INSERT INTO chat(username, gameID, message) values("JonathanBanbury30", 18, "I'll bring some snacks!1");
INSERT INTO chat(username, gameID, message) values("GraceKhan47", 18, "Hey, I'll bring a ball!2");
INSERT INTO chat(username, gameID, message) values("AllisonGoldman29", 18, "I'll bring some snacks!3");
INSERT INTO chat(username, gameID, message) values("TomStenbit43", 18, "We still on?4");
INSERT INTO chat(username, gameID, message) values("TomCohen41", 19, "Yo we should totally listen to some dank beats while we sports0");
INSERT INTO chat(username, gameID, message) values("MattCohen34", 19, "Yo we should totally listen to some dank beats while we sports1");
INSERT INTO chat(username, gameID, message) values("BobFontenot17", 19, "We still on?2");
INSERT INTO chat(username, gameID, message) values("MattCohen34", 19, "Just realized it's raining, so let's cancel?3");
INSERT INTO chat(username, gameID, message) values("JenniferCohen38", 19, "Just got here and its busy so we can't play. Sorry!4");
INSERT INTO chat(username, gameID, message) values("MattStenbit16", 20, "Just got here and its busy so we can't play. Sorry!0");
INSERT INTO chat(username, gameID, message) values("GraceKhan1", 20, "I'll bring some snacks!1");
INSERT INTO chat(username, gameID, message) values("KatieGabrielson26", 21, "I'll bring some snacks!0");
INSERT INTO chat(username, gameID, message) values("BobBanbury98", 21, "Just realized it's raining, so let's cancel?1");
INSERT INTO chat(username, gameID, message) values("SarahBanbury27", 21, "Hey, I'll bring a ball!2");
INSERT INTO chat(username, gameID, message) values("JohnGoldman96", 21, "Hey, I'll bring a ball!3");
INSERT INTO chat(username, gameID, message) values("SarahCarter81", 21, "Just realized it's raining, so let's cancel?4");
INSERT INTO chat(username, gameID, message) values("MarkSmith3", 21, "Just realized it's raining, so let's cancel?5");
INSERT INTO chat(username, gameID, message) values("GraceRenninger94", 21, "Yo we should totally listen to some dank beats while we sports6");
INSERT INTO chat(username, gameID, message) values("KatieMitchell97", 21, "We still on?7");
INSERT INTO chat(username, gameID, message) values("GraceRenninger54", 21, "Just realized it's raining, so let's cancel?8");
INSERT INTO chat(username, gameID, message) values("TomRenninger6", 21, "Just got here and its busy so we can't play. Sorry!9");
INSERT INTO chat(username, gameID, message) values("JohnGabrielson12", 22, "I'll bring some snacks!0");
INSERT INTO chat(username, gameID, message) values("MattBanbury67", 22, "I'll bring some snacks!1");
INSERT INTO chat(username, gameID, message) values("TomCohen41", 22, "Just realized it's raining, so let's cancel?2");
INSERT INTO chat(username, gameID, message) values("TomStenbit43", 22, "I'll bring some snacks!3");
INSERT INTO chat(username, gameID, message) values("SarahHansen49", 22, "We still on?4");
INSERT INTO chat(username, gameID, message) values("MattRenninger40", 22, "See you all in 10.5");
INSERT INTO chat(username, gameID, message) values("JonathanBanbury13", 22, "Hey, I'll bring a ball!6");
INSERT INTO chat(username, gameID, message) values("AllisonKhan55", 22, "I'll bring some snacks!7");
INSERT INTO chat(username, gameID, message) values("TimmothyGoldman11", 23, "Hey, I'll bring a ball!0");
INSERT INTO chat(username, gameID, message) values("MattJohnson83", 23, "We still on?1");
INSERT INTO chat(username, gameID, message) values("JohnSmith64", 23, "Just realized it's raining, so let's cancel?2");
INSERT INTO chat(username, gameID, message) values("GraceCarter50", 23, "I'll bring some snacks!3");
INSERT INTO chat(username, gameID, message) values("JohnGabrielson12", 23, "See you all in 10.4");
INSERT INTO chat(username, gameID, message) values("MattGabrielson79", 23, "I'll bring some snacks!5");
INSERT INTO chat(username, gameID, message) values("TimmothyStenbit87", 23, "Just got here and its busy so we can't play. Sorry!6");
INSERT INTO chat(username, gameID, message) values("GraceRenninger54", 23, "I'll bring some snacks!7");
INSERT INTO chat(username, gameID, message) values("GraceGabrielson58", 24, "Ay where the dank memes at?0");
INSERT INTO chat(username, gameID, message) values("JonathanBanbury13", 24, "Ay where the dank memes at?1");
INSERT INTO chat(username, gameID, message) values("BobCohen42", 24, "I'll bring some snacks!2");
INSERT INTO chat(username, gameID, message) values("JohnGabrielson12", 24, "I'll bring some snacks!3");
INSERT INTO chat(username, gameID, message) values("TomCohen41", 24, "Yo we should totally listen to some dank beats while we sports4");
INSERT INTO chat(username, gameID, message) values("JohnReiss23", 24, "See you all in 10.5");
INSERT INTO chat(username, gameID, message) values("PaigeFontenot7", 24, "I'll bring some snacks!6");
INSERT INTO chat(username, gameID, message) values("JohnCohen35", 24, "See you all in 10.7");
INSERT INTO chat(username, gameID, message) values("GraceGoldman84", 24, "Ay where the dank memes at?8");
INSERT INTO chat(username, gameID, message) values("BobFontenot56", 24, "I'll bring some snacks!9");
INSERT INTO chat(username, gameID, message) values("SarahHansen49", 25, "Yo we should totally listen to some dank beats while we sports0");
INSERT INTO chat(username, gameID, message) values("GraceRenninger54", 25, "I'll bring some snacks!1");
INSERT INTO chat(username, gameID, message) values("JohnGoldman96", 25, "We still on?2");
INSERT INTO chat(username, gameID, message) values("MattSmith28", 25, "Yo we should totally listen to some dank beats while we sports3");
INSERT INTO chat(username, gameID, message) values("PaigeFontenot7", 25, "Yo we should totally listen to some dank beats while we sports4");
INSERT INTO chat(username, gameID, message) values("MarkKhan92", 25, "Hey, I'll bring a ball!5");
INSERT INTO chat(username, gameID, message) values("MaryGabrielson75", 25, "Hey, I'll bring a ball!6");
INSERT INTO chat(username, gameID, message) values("GraceStenbit21", 25, "Yo we should totally listen to some dank beats while we sports7");
INSERT INTO chat(username, gameID, message) values("JohnReiss23", 25, "Ay where the dank memes at?8");
INSERT INTO chat(username, gameID, message) values("TomMitchell62", 25, "I'll bring some snacks!9");
INSERT INTO chat(username, gameID, message) values("MarkGabrielson32", 25, "Yo we should totally listen to some dank beats while we sports10");
INSERT INTO chat(username, gameID, message) values("JonathanFontenot37", 25, "Hey, I'll bring a ball!11");
INSERT INTO chat(username, gameID, message) values("MattGabrielson79", 25, "Ay where the dank memes at?12");
INSERT INTO chat(username, gameID, message) values("JohnGabrielson44", 25, "See you all in 10.13");
INSERT INTO chat(username, gameID, message) values("JohnGabrielson12", 25, "Just got here and its busy so we can't play. Sorry!14");
INSERT INTO chat(username, gameID, message) values("PaigeFontenot24", 26, "I'll bring some snacks!0");
INSERT INTO chat(username, gameID, message) values("JonathanCohen89", 26, "Just got here and its busy so we can't play. Sorry!1");
INSERT INTO chat(username, gameID, message) values("TimmothyBanbury46", 26, "Just got here and its busy so we can't play. Sorry!2");
INSERT INTO chat(username, gameID, message) values("MattCarter15", 26, "We still on?3");
INSERT INTO chat(username, gameID, message) values("MattStenbit16", 26, "Ay where the dank memes at?4");
INSERT INTO chat(username, gameID, message) values("MaryMitchell91", 26, "Hey, I'll bring a ball!5");
INSERT INTO chat(username, gameID, message) values("JonathanBanbury13", 27, "Hey, I'll bring a ball!0");
INSERT INTO chat(username, gameID, message) values("JackMitchell25", 27, "Just got here and its busy so we can't play. Sorry!1");
INSERT INTO chat(username, gameID, message) values("AllisonBanbury78", 28, "I'll bring some snacks!0");
INSERT INTO chat(username, gameID, message) values("BenHansen10", 28, "Hey, I'll bring a ball!1");
INSERT INTO chat(username, gameID, message) values("MaryGabrielson75", 28, "Ay where the dank memes at?2");
INSERT INTO chat(username, gameID, message) values("TimmothyHansen4", 28, "Just got here and its busy so we can't play. Sorry!3");
INSERT INTO chat(username, gameID, message) values("MaryGabrielson82", 29, "We still on?0");
INSERT INTO chat(username, gameID, message) values("JonathanFontenot86", 29, "Just realized it's raining, so let's cancel?1");
INSERT INTO chat(username, gameID, message) values("MattReiss51", 29, "Yo we should totally listen to some dank beats while we sports2");
INSERT INTO chat(username, gameID, message) values("AllisonKhan53", 29, "Yo we should totally listen to some dank beats while we sports3");
INSERT INTO chat(username, gameID, message) values("AllisonFontenot22", 29, "Just realized it's raining, so let's cancel?4");
INSERT INTO chat(username, gameID, message) values("GraceCarter50", 29, "Hey, I'll bring a ball!5");
INSERT INTO chat(username, gameID, message) values("TomRenninger6", 29, "Hey, I'll bring a ball!6");
INSERT INTO chat(username, gameID, message) values("SarahSmith45", 29, "Hey, I'll bring a ball!7");
INSERT INTO chat(username, gameID, message) values("JonathanFontenot37", 29, "See you all in 10.8");
INSERT INTO chat(username, gameID, message) values("MattCohen34", 29, "See you all in 10.9");
INSERT INTO chat(username, gameID, message) values("KatieBanbury73", 30, "Hey, I'll bring a ball!0");
INSERT INTO chat(username, gameID, message) values("JohnGoldman96", 30, "Yo we should totally listen to some dank beats while we sports1");
INSERT INTO chat(username, gameID, message) values("KatieKhan14", 30, "I'll bring some snacks!2");
INSERT INTO chat(username, gameID, message) values("MaryMitchell91", 30, "Ay where the dank memes at?3");
INSERT INTO chat(username, gameID, message) values("PaigeFontenot85", 30, "Just got here and its busy so we can't play. Sorry!4");
INSERT INTO chat(username, gameID, message) values("MaryMitchell91", 30, "I'll bring some snacks!5");
INSERT INTO chat(username, gameID, message) values("JohnSmith64", 31, "Just realized it's raining, so let's cancel?0");
INSERT INTO chat(username, gameID, message) values("TimmothyFontenot2", 31, "Just realized it's raining, so let's cancel?1");
INSERT INTO chat(username, gameID, message) values("MarkGabrielson61", 31, "Just realized it's raining, so let's cancel?2");
INSERT INTO chat(username, gameID, message) values("GraceGabrielson58", 31, "We still on?3");
INSERT INTO chat(username, gameID, message) values("BobFontenot17", 31, "Ay where the dank memes at?4");
INSERT INTO chat(username, gameID, message) values("TimmothyGoldman11", 31, "Just got here and its busy so we can't play. Sorry!5");
INSERT INTO chat(username, gameID, message) values("TimmothyStenbit87", 32, "See you all in 10.0");
INSERT INTO chat(username, gameID, message) values("GraceReiss80", 32, "We still on?1");
INSERT INTO chat(username, gameID, message) values("BobFontenot17", 32, "See you all in 10.2");
INSERT INTO chat(username, gameID, message) values("BobFontenot56", 32, "I'll bring some snacks!3");
INSERT INTO chat(username, gameID, message) values("TimmothyBanbury46", 32, "Just realized it's raining, so let's cancel?4");
INSERT INTO chat(username, gameID, message) values("PaigeFontenot7", 32, "Ay where the dank memes at?5");
INSERT INTO chat(username, gameID, message) values("MarySmith65", 32, "I'll bring some snacks!6");
INSERT INTO chat(username, gameID, message) values("JenniferJohnson5", 32, "Just got here and its busy so we can't play. Sorry!7");
INSERT INTO chat(username, gameID, message) values("BenHansen10", 32, "Hey, I'll bring a ball!8");
INSERT INTO chat(username, gameID, message) values("GraceKhan1", 32, "Just realized it's raining, so let's cancel?9");
INSERT INTO chat(username, gameID, message) values("MarkGabrielson61", 33, "Hey, I'll bring a ball!0");
INSERT INTO chat(username, gameID, message) values("AllisonFontenot22", 33, "We still on?1");
INSERT INTO chat(username, gameID, message) values("AllisonKhan53", 33, "Just realized it's raining, so let's cancel?2");
INSERT INTO chat(username, gameID, message) values("MarySmith65", 33, "Just realized it's raining, so let's cancel?3");
INSERT INTO chat(username, gameID, message) values("JenniferJohnson5", 34, "Just got here and its busy so we can't play. Sorry!0");
INSERT INTO chat(username, gameID, message) values("TimmothyGoldman11", 34, "See you all in 10.1");
INSERT INTO chat(username, gameID, message) values("MarySmith65", 34, "Ay where the dank memes at?2");
INSERT INTO chat(username, gameID, message) values("SarahHansen49", 34, "I'll bring some snacks!3");
INSERT INTO chat(username, gameID, message) values("PaigeFontenot24", 34, "We still on?4");
INSERT INTO chat(username, gameID, message) values("TimmothyBanbury46", 34, "Ay where the dank memes at?5");
INSERT INTO chat(username, gameID, message) values("KatieBanbury73", 34, "We still on?6");
INSERT INTO chat(username, gameID, message) values("PaigeMitchell8", 34, "Just got here and its busy so we can't play. Sorry!7");
INSERT INTO chat(username, gameID, message) values("BenRenninger95", 35, "We still on?0");
INSERT INTO chat(username, gameID, message) values("TomGoldman18", 35, "See you all in 10.1");
INSERT INTO chat(username, gameID, message) values("TomReiss88", 35, "Hey, I'll bring a ball!2");
INSERT INTO chat(username, gameID, message) values("PaigeMitchell8", 35, "Ay where the dank memes at?3");
INSERT INTO chat(username, gameID, message) values("TimmothyStenbit87", 35, "See you all in 10.4");
INSERT INTO chat(username, gameID, message) values("JenniferHansen48", 36, "Yo we should totally listen to some dank beats while we sports0");
INSERT INTO chat(username, gameID, message) values("JohnReiss23", 36, "Yo we should totally listen to some dank beats while we sports1");
INSERT INTO chat(username, gameID, message) values("JohnReiss23", 36, "Yo we should totally listen to some dank beats while we sports2");
INSERT INTO chat(username, gameID, message) values("MattKhan60", 36, "Ay where the dank memes at?3");
INSERT INTO chat(username, gameID, message) values("BobFontenot17", 36, "I'll bring some snacks!4");
INSERT INTO chat(username, gameID, message) values("JohnKhan52", 36, "Just realized it's raining, so let's cancel?5");
INSERT INTO chat(username, gameID, message) values("BobStenbit69", 37, "I'll bring some snacks!0");
INSERT INTO chat(username, gameID, message) values("AllisonGoldman29", 37, "Yo we should totally listen to some dank beats while we sports1");
INSERT INTO chat(username, gameID, message) values("JonathanFontenot37", 37, "See you all in 10.2");
INSERT INTO chat(username, gameID, message) values("MarySmith65", 37, "Just realized it's raining, so let's cancel?3");
INSERT INTO chat(username, gameID, message) values("JohnSmith64", 37, "Hey, I'll bring a ball!4");
INSERT INTO chat(username, gameID, message) values("TomGoldman18", 38, "We still on?0");
INSERT INTO chat(username, gameID, message) values("JohnHansen72", 38, "I'll bring some snacks!1");
INSERT INTO chat(username, gameID, message) values("JonathanBanbury30", 38, "I'll bring some snacks!2");
INSERT INTO chat(username, gameID, message) values("MattRenninger40", 38, "Hey, I'll bring a ball!3");
INSERT INTO chat(username, gameID, message) values("MattBanbury67", 38, "Just realized it's raining, so let's cancel?4");
INSERT INTO chat(username, gameID, message) values("KatieGabrielson26", 38, "Just realized it's raining, so let's cancel?5");
INSERT INTO chat(username, gameID, message) values("TomGoldman18", 39, "See you all in 10.0");
INSERT INTO chat(username, gameID, message) values("MattBanbury67", 39, "Yo we should totally listen to some dank beats while we sports1");
INSERT INTO chat(username, gameID, message) values("MattCohen20", 39, "Hey, I'll bring a ball!2");
INSERT INTO chat(username, gameID, message) values("PaigeFontenot85", 39, "Just got here and its busy so we can't play. Sorry!3");
INSERT INTO chat(username, gameID, message) values("JohnGoldman96", 39, "Hey, I'll bring a ball!4");
INSERT INTO chat(username, gameID, message) values("BenRenninger95", 39, "Just got here and its busy so we can't play. Sorry!5");
INSERT INTO chat(username, gameID, message) values("TimmothyGoldman66", 39, "Just got here and its busy so we can't play. Sorry!6");
INSERT INTO chat(username, gameID, message) values("TimmothyFontenot2", 39, "Ay where the dank memes at?7");
INSERT INTO chat(username, gameID, message) values("MattRenninger40", 39, "We still on?8");
INSERT INTO chat(username, gameID, message) values("JohnHansen72", 39, "We still on?9");
INSERT INTO chat(username, gameID, message) values("TomReiss88", 39, "Ay where the dank memes at?10");
INSERT INTO chat(username, gameID, message) values("AllisonMitchell70", 39, "We still on?11");
INSERT INTO chat(username, gameID, message) values("TomBanbury0", 39, "Yo we should totally listen to some dank beats while we sports12");
INSERT INTO chat(username, gameID, message) values("AllisonGoldman29", 39, "We still on?13");
INSERT INTO chat(username, gameID, message) values("TimmothyGoldman66", 39, "See you all in 10.14");
INSERT INTO chat(username, gameID, message) values("JenniferJohnson5", 40, "I'll bring some snacks!0");
INSERT INTO chat(username, gameID, message) values("JenniferHansen48", 40, "Yo we should totally listen to some dank beats while we sports1");
INSERT INTO chat(username, gameID, message) values("MattCarter19", 40, "Yo we should totally listen to some dank beats while we sports2");
INSERT INTO chat(username, gameID, message) values("MaryMitchell91", 40, "Yo we should totally listen to some dank beats while we sports3");
INSERT INTO chat(username, gameID, message) values("AllisonFontenot22", 40, "See you all in 10.4");
INSERT INTO chat(username, gameID, message) values("MattRenninger40", 40, "We still on?5");
INSERT INTO chat(username, gameID, message) values("MaryFontenot76", 41, "Yo we should totally listen to some dank beats while we sports0");
INSERT INTO chat(username, gameID, message) values("JonathanBanbury13", 41, "Yo we should totally listen to some dank beats while we sports1");
INSERT INTO chat(username, gameID, message) values("TimmothyHansen9", 41, "See you all in 10.2");
INSERT INTO chat(username, gameID, message) values("JohnHansen59", 41, "Ay where the dank memes at?3");
INSERT INTO chat(username, gameID, message) values("PaigeMitchell8", 41, "Just realized it's raining, so let's cancel?4");
INSERT INTO chat(username, gameID, message) values("JenniferHansen48", 41, "Hey, I'll bring a ball!5");
INSERT INTO chat(username, gameID, message) values("MarySmith65", 41, "I'll bring some snacks!6");
INSERT INTO chat(username, gameID, message) values("GraceGabrielson58", 41, "I'll bring some snacks!7");
INSERT INTO chat(username, gameID, message) values("BobFontenot17", 42, "Ay where the dank memes at?0");
INSERT INTO chat(username, gameID, message) values("MattCohen34", 42, "Just got here and its busy so we can't play. Sorry!1");
INSERT INTO chat(username, gameID, message) values("TomReiss88", 42, "I'll bring some snacks!2");
INSERT INTO chat(username, gameID, message) values("JackMitchell25", 42, "Yo we should totally listen to some dank beats while we sports3");
INSERT INTO chat(username, gameID, message) values("MaryFontenot76", 42, "Yo we should totally listen to some dank beats while we sports4");
INSERT INTO chat(username, gameID, message) values("MattBanbury67", 43, "I'll bring some snacks!0");
INSERT INTO chat(username, gameID, message) values("MattCarter19", 43, "Hey, I'll bring a ball!1");
INSERT INTO chat(username, gameID, message) values("MattCarter15", 43, "Just got here and its busy so we can't play. Sorry!2");
INSERT INTO chat(username, gameID, message) values("JohnKhan52", 43, "I'll bring some snacks!3");
INSERT INTO chat(username, gameID, message) values("MarkSmith3", 43, "Just got here and its busy so we can't play. Sorry!4");
INSERT INTO chat(username, gameID, message) values("TimmothyHansen9", 43, "See you all in 10.5");
INSERT INTO chat(username, gameID, message) values("AllisonFontenot22", 43, "See you all in 10.6");
INSERT INTO chat(username, gameID, message) values("MaryGabrielson75", 43, "I'll bring some snacks!7");
INSERT INTO chat(username, gameID, message) values("AllisonKhan55", 43, "Just got here and its busy so we can't play. Sorry!8");
INSERT INTO chat(username, gameID, message) values("BobStenbit69", 43, "Yo we should totally listen to some dank beats while we sports9");
INSERT INTO chat(username, gameID, message) values("MaryGabrielson82", 44, "Hey, I'll bring a ball!0");
INSERT INTO chat(username, gameID, message) values("MattRenninger40", 44, "We still on?1");
INSERT INTO chat(username, gameID, message) values("JenniferCohen38", 44, "See you all in 10.2");
INSERT INTO chat(username, gameID, message) values("JenniferCohen38", 44, "Yo we should totally listen to some dank beats while we sports3");
INSERT INTO chat(username, gameID, message) values("BenRenninger95", 45, "Hey, I'll bring a ball!0");
INSERT INTO chat(username, gameID, message) values("JohnGabrielson12", 45, "Just got here and its busy so we can't play. Sorry!1");
INSERT INTO chat(username, gameID, message) values("TomStenbit43", 45, "Ay where the dank memes at?2");
INSERT INTO chat(username, gameID, message) values("JohnGabrielson44", 45, "Just got here and its busy so we can't play. Sorry!3");
INSERT INTO chat(username, gameID, message) values("MaryGabrielson82", 45, "Just realized it's raining, so let's cancel?4");
INSERT INTO chat(username, gameID, message) values("GraceKhan47", 45, "Hey, I'll bring a ball!5");
INSERT INTO chat(username, gameID, message) values("MarkGabrielson32", 45, "Yo we should totally listen to some dank beats while we sports6");
INSERT INTO chat(username, gameID, message) values("TimmothyGoldman11", 45, "Yo we should totally listen to some dank beats while we sports7");
INSERT INTO chat(username, gameID, message) values("JohnKhan52", 46, "See you all in 10.0");
INSERT INTO chat(username, gameID, message) values("MattJohnson83", 46, "Just got here and its busy so we can't play. Sorry!1");
INSERT INTO chat(username, gameID, message) values("JohnHansen59", 47, "Hey, I'll bring a ball!0");
INSERT INTO chat(username, gameID, message) values("AllisonKhan53", 47, "I'll bring some snacks!1");
INSERT INTO chat(username, gameID, message) values("MattRenninger40", 47, "We still on?2");
INSERT INTO chat(username, gameID, message) values("PaigeFontenot85", 47, "Yo we should totally listen to some dank beats while we sports3");
INSERT INTO chat(username, gameID, message) values("TimmothyFontenot2", 47, "See you all in 10.4");
INSERT INTO chat(username, gameID, message) values("JackGabrielson71", 47, "Yo we should totally listen to some dank beats while we sports5");
INSERT INTO chat(username, gameID, message) values("JonathanFontenot86", 48, "See you all in 10.0");
INSERT INTO chat(username, gameID, message) values("MattBanbury67", 48, "I'll bring some snacks!1");
INSERT INTO chat(username, gameID, message) values("BobCohen42", 49, "I'll bring some snacks!0");
INSERT INTO chat(username, gameID, message) values("MaryRenninger74", 49, "We still on?1");
INSERT INTO chat(username, gameID, message) values("AllisonBanbury78", 49, "I'll bring some snacks!2");
INSERT INTO chat(username, gameID, message) values("JohnGoldman96", 49, "Hey, I'll bring a ball!3");
INSERT INTO chat(username, gameID, message) values("JonathanBanbury30", 49, "I'll bring some snacks!4");
INSERT INTO chat(username, gameID, message) values("TimmothyStenbit87", 50, "We still on?0");
INSERT INTO chat(username, gameID, message) values("MattJohnson83", 50, "Ay where the dank memes at?1");
INSERT INTO chat(username, gameID, message) values("JohnHansen59", 50, "See you all in 10.2");
INSERT INTO chat(username, gameID, message) values("MarySmith65", 50, "I'll bring some snacks!3");
