DROP DATABASE IF EXISTS pickup;

CREATE DATABASE pickup;

USE pickup;

CREATE TABLE user(
name VARCHAR(100),
id INT auto_increment PRIMARY KEY,
salt VARCHAR(256),
hash VARCHAR(64),
email VARCHAR(100)
);

CREATE TABLE login(
login DATETIME,
username VARCHAR(100),
PRIMARY KEY(login, username)
);

CREATE TABLE session(
username VARCHAR(100),
sessionKey VARCHAR(256)
);

CREATE TABLE chat(
chatID INT auto_increment PRIMARY KEY,
username VARCHAR(100),
gameID INT,
message VARCHAR(1000),
time TIME
);

CREATE TABLE friend(
friender VARCHAR(100),
friendee VARCHAR(100),
PRIMARY KEY(friender, friendee)
);

CREATE TABLE sportPreference(
username VARCHAR(100),
sport VARCHAR(100),
PRIMARY KEY(username, sport)
);

CREATE TABLE game(
id INT PRIMARY KEY auto_increment,
sport VARCHAR(100),
time TIME,
date DATE,
playerCount INT,
location VARCHAR(100),
full TINYINT
);

CREATE TABLE enlist(
playerName VARCHAR(100),
gameID INT,
PRIMARY KEY(playerName, gameID)
);



INSERT INTO user(name, salt, hash) values("JenniferGoldman0","1jo5OFAVDpC6xaEgt8sSuHcOSzo1SnkEVF5jHwD39SJegUlvz8nBLNeJBK6StVPCKzNNxUpOToQojUW304fW5gjniSqWejeBxo6Xtlgb0qIWW4vYoRYIIPRph8YwiW1mSxZ6sahYlfruDA52wtwPw82I9EVnEul7jRMbbFGFD2NDNW3AinEFt5sqMa84tKK0V9JJyRe4FY7yFTOVjSMV41WF2srbI3k0QVGoEaQ7r0tijCBnXil4QVwQ0ya1FW3g","e48856bbdbbb68291a2059fd540961ca213ee5b20b91a7a26bb8b59ae4b052b5");
INSERT INTO user(name, salt, hash) values("IanJohnson1","1jo5OFAVDpC6xaEgt8sSuHcOSzo1SnkEVF5jHwD39SJegUlvz8nBLNeJBK6StVPCKzNNxUpOToQojUW304fW5gjniSqWejeBxo6Xtlgb0qIWW4vYoRYIIPRph8YwiW1mSxZ6sahYlfruDA52wtwPw82I9EVnEul7jRMbbFGFD2NDNW3AinEFt5sqMa84tKK0V9JJyRe4FY7yFTOVjSMV41WF2srbI3k0QVGoEaQ7r0tijCBnXil4QVwQ0ya1FW3g","e48856bbdbbb68291a2059fd540961ca213ee5b20b91a7a26bb8b59ae4b052b5");
INSERT INTO user(name, salt, hash) values("TomRenninger2","1jo5OFAVDpC6xaEgt8sSuHcOSzo1SnkEVF5jHwD39SJegUlvz8nBLNeJBK6StVPCKzNNxUpOToQojUW304fW5gjniSqWejeBxo6Xtlgb0qIWW4vYoRYIIPRph8YwiW1mSxZ6sahYlfruDA52wtwPw82I9EVnEul7jRMbbFGFD2NDNW3AinEFt5sqMa84tKK0V9JJyRe4FY7yFTOVjSMV41WF2srbI3k0QVGoEaQ7r0tijCBnXil4QVwQ0ya1FW3g","e48856bbdbbb68291a2059fd540961ca213ee5b20b91a7a26bb8b59ae4b052b5");
INSERT INTO user(name, salt, hash) values("MattReiss3","1jo5OFAVDpC6xaEgt8sSuHcOSzo1SnkEVF5jHwD39SJegUlvz8nBLNeJBK6StVPCKzNNxUpOToQojUW304fW5gjniSqWejeBxo6Xtlgb0qIWW4vYoRYIIPRph8YwiW1mSxZ6sahYlfruDA52wtwPw82I9EVnEul7jRMbbFGFD2NDNW3AinEFt5sqMa84tKK0V9JJyRe4FY7yFTOVjSMV41WF2srbI3k0QVGoEaQ7r0tijCBnXil4QVwQ0ya1FW3g","e48856bbdbbb68291a2059fd540961ca213ee5b20b91a7a26bb8b59ae4b052b5");
INSERT INTO user(name, salt, hash) values("JohnStenbit4","1jo5OFAVDpC6xaEgt8sSuHcOSzo1SnkEVF5jHwD39SJegUlvz8nBLNeJBK6StVPCKzNNxUpOToQojUW304fW5gjniSqWejeBxo6Xtlgb0qIWW4vYoRYIIPRph8YwiW1mSxZ6sahYlfruDA52wtwPw82I9EVnEul7jRMbbFGFD2NDNW3AinEFt5sqMa84tKK0V9JJyRe4FY7yFTOVjSMV41WF2srbI3k0QVGoEaQ7r0tijCBnXil4QVwQ0ya1FW3g","e48856bbdbbb68291a2059fd540961ca213ee5b20b91a7a26bb8b59ae4b052b5");
INSERT INTO user(name, salt, hash) values("MarySmith5","1jo5OFAVDpC6xaEgt8sSuHcOSzo1SnkEVF5jHwD39SJegUlvz8nBLNeJBK6StVPCKzNNxUpOToQojUW304fW5gjniSqWejeBxo6Xtlgb0qIWW4vYoRYIIPRph8YwiW1mSxZ6sahYlfruDA52wtwPw82I9EVnEul7jRMbbFGFD2NDNW3AinEFt5sqMa84tKK0V9JJyRe4FY7yFTOVjSMV41WF2srbI3k0QVGoEaQ7r0tijCBnXil4QVwQ0ya1FW3g","e48856bbdbbb68291a2059fd540961ca213ee5b20b91a7a26bb8b59ae4b052b5");
INSERT INTO user(name, salt, hash) values("TimmothyHansen6","1jo5OFAVDpC6xaEgt8sSuHcOSzo1SnkEVF5jHwD39SJegUlvz8nBLNeJBK6StVPCKzNNxUpOToQojUW304fW5gjniSqWejeBxo6Xtlgb0qIWW4vYoRYIIPRph8YwiW1mSxZ6sahYlfruDA52wtwPw82I9EVnEul7jRMbbFGFD2NDNW3AinEFt5sqMa84tKK0V9JJyRe4FY7yFTOVjSMV41WF2srbI3k0QVGoEaQ7r0tijCBnXil4QVwQ0ya1FW3g","e48856bbdbbb68291a2059fd540961ca213ee5b20b91a7a26bb8b59ae4b052b5");
INSERT INTO user(name, salt, hash) values("GraceMitchell7","1jo5OFAVDpC6xaEgt8sSuHcOSzo1SnkEVF5jHwD39SJegUlvz8nBLNeJBK6StVPCKzNNxUpOToQojUW304fW5gjniSqWejeBxo6Xtlgb0qIWW4vYoRYIIPRph8YwiW1mSxZ6sahYlfruDA52wtwPw82I9EVnEul7jRMbbFGFD2NDNW3AinEFt5sqMa84tKK0V9JJyRe4FY7yFTOVjSMV41WF2srbI3k0QVGoEaQ7r0tijCBnXil4QVwQ0ya1FW3g","e48856bbdbbb68291a2059fd540961ca213ee5b20b91a7a26bb8b59ae4b052b5");
INSERT INTO user(name, salt, hash) values("JackCarter8","1jo5OFAVDpC6xaEgt8sSuHcOSzo1SnkEVF5jHwD39SJegUlvz8nBLNeJBK6StVPCKzNNxUpOToQojUW304fW5gjniSqWejeBxo6Xtlgb0qIWW4vYoRYIIPRph8YwiW1mSxZ6sahYlfruDA52wtwPw82I9EVnEul7jRMbbFGFD2NDNW3AinEFt5sqMa84tKK0V9JJyRe4FY7yFTOVjSMV41WF2srbI3k0QVGoEaQ7r0tijCBnXil4QVwQ0ya1FW3g","e48856bbdbbb68291a2059fd540961ca213ee5b20b91a7a26bb8b59ae4b052b5");
INSERT INTO user(name, salt, hash) values("TimmothyCohen9","1jo5OFAVDpC6xaEgt8sSuHcOSzo1SnkEVF5jHwD39SJegUlvz8nBLNeJBK6StVPCKzNNxUpOToQojUW304fW5gjniSqWejeBxo6Xtlgb0qIWW4vYoRYIIPRph8YwiW1mSxZ6sahYlfruDA52wtwPw82I9EVnEul7jRMbbFGFD2NDNW3AinEFt5sqMa84tKK0V9JJyRe4FY7yFTOVjSMV41WF2srbI3k0QVGoEaQ7r0tijCBnXil4QVwQ0ya1FW3g","e48856bbdbbb68291a2059fd540961ca213ee5b20b91a7a26bb8b59ae4b052b5");
INSERT INTO user(name, salt, hash) values("KatyJohnson10","1jo5OFAVDpC6xaEgt8sSuHcOSzo1SnkEVF5jHwD39SJegUlvz8nBLNeJBK6StVPCKzNNxUpOToQojUW304fW5gjniSqWejeBxo6Xtlgb0qIWW4vYoRYIIPRph8YwiW1mSxZ6sahYlfruDA52wtwPw82I9EVnEul7jRMbbFGFD2NDNW3AinEFt5sqMa84tKK0V9JJyRe4FY7yFTOVjSMV41WF2srbI3k0QVGoEaQ7r0tijCBnXil4QVwQ0ya1FW3g","e48856bbdbbb68291a2059fd540961ca213ee5b20b91a7a26bb8b59ae4b052b5");
INSERT INTO user(name, salt, hash) values("IanRenninger11","1jo5OFAVDpC6xaEgt8sSuHcOSzo1SnkEVF5jHwD39SJegUlvz8nBLNeJBK6StVPCKzNNxUpOToQojUW304fW5gjniSqWejeBxo6Xtlgb0qIWW4vYoRYIIPRph8YwiW1mSxZ6sahYlfruDA52wtwPw82I9EVnEul7jRMbbFGFD2NDNW3AinEFt5sqMa84tKK0V9JJyRe4FY7yFTOVjSMV41WF2srbI3k0QVGoEaQ7r0tijCBnXil4QVwQ0ya1FW3g","e48856bbdbbb68291a2059fd540961ca213ee5b20b91a7a26bb8b59ae4b052b5");
INSERT INTO user(name, salt, hash) values("JenniferMitchell12","1jo5OFAVDpC6xaEgt8sSuHcOSzo1SnkEVF5jHwD39SJegUlvz8nBLNeJBK6StVPCKzNNxUpOToQojUW304fW5gjniSqWejeBxo6Xtlgb0qIWW4vYoRYIIPRph8YwiW1mSxZ6sahYlfruDA52wtwPw82I9EVnEul7jRMbbFGFD2NDNW3AinEFt5sqMa84tKK0V9JJyRe4FY7yFTOVjSMV41WF2srbI3k0QVGoEaQ7r0tijCBnXil4QVwQ0ya1FW3g","e48856bbdbbb68291a2059fd540961ca213ee5b20b91a7a26bb8b59ae4b052b5");
INSERT INTO user(name, salt, hash) values("BobGabrielson13","1jo5OFAVDpC6xaEgt8sSuHcOSzo1SnkEVF5jHwD39SJegUlvz8nBLNeJBK6StVPCKzNNxUpOToQojUW304fW5gjniSqWejeBxo6Xtlgb0qIWW4vYoRYIIPRph8YwiW1mSxZ6sahYlfruDA52wtwPw82I9EVnEul7jRMbbFGFD2NDNW3AinEFt5sqMa84tKK0V9JJyRe4FY7yFTOVjSMV41WF2srbI3k0QVGoEaQ7r0tijCBnXil4QVwQ0ya1FW3g","e48856bbdbbb68291a2059fd540961ca213ee5b20b91a7a26bb8b59ae4b052b5");
INSERT INTO user(name, salt, hash) values("GraceStenbit14","1jo5OFAVDpC6xaEgt8sSuHcOSzo1SnkEVF5jHwD39SJegUlvz8nBLNeJBK6StVPCKzNNxUpOToQojUW304fW5gjniSqWejeBxo6Xtlgb0qIWW4vYoRYIIPRph8YwiW1mSxZ6sahYlfruDA52wtwPw82I9EVnEul7jRMbbFGFD2NDNW3AinEFt5sqMa84tKK0V9JJyRe4FY7yFTOVjSMV41WF2srbI3k0QVGoEaQ7r0tijCBnXil4QVwQ0ya1FW3g","e48856bbdbbb68291a2059fd540961ca213ee5b20b91a7a26bb8b59ae4b052b5");
INSERT INTO user(name, salt, hash) values("GraceFontenot15","1jo5OFAVDpC6xaEgt8sSuHcOSzo1SnkEVF5jHwD39SJegUlvz8nBLNeJBK6StVPCKzNNxUpOToQojUW304fW5gjniSqWejeBxo6Xtlgb0qIWW4vYoRYIIPRph8YwiW1mSxZ6sahYlfruDA52wtwPw82I9EVnEul7jRMbbFGFD2NDNW3AinEFt5sqMa84tKK0V9JJyRe4FY7yFTOVjSMV41WF2srbI3k0QVGoEaQ7r0tijCBnXil4QVwQ0ya1FW3g","e48856bbdbbb68291a2059fd540961ca213ee5b20b91a7a26bb8b59ae4b052b5");
INSERT INTO user(name, salt, hash) values("MaryFontenot16","1jo5OFAVDpC6xaEgt8sSuHcOSzo1SnkEVF5jHwD39SJegUlvz8nBLNeJBK6StVPCKzNNxUpOToQojUW304fW5gjniSqWejeBxo6Xtlgb0qIWW4vYoRYIIPRph8YwiW1mSxZ6sahYlfruDA52wtwPw82I9EVnEul7jRMbbFGFD2NDNW3AinEFt5sqMa84tKK0V9JJyRe4FY7yFTOVjSMV41WF2srbI3k0QVGoEaQ7r0tijCBnXil4QVwQ0ya1FW3g","e48856bbdbbb68291a2059fd540961ca213ee5b20b91a7a26bb8b59ae4b052b5");
INSERT INTO user(name, salt, hash) values("JackReiss17","1jo5OFAVDpC6xaEgt8sSuHcOSzo1SnkEVF5jHwD39SJegUlvz8nBLNeJBK6StVPCKzNNxUpOToQojUW304fW5gjniSqWejeBxo6Xtlgb0qIWW4vYoRYIIPRph8YwiW1mSxZ6sahYlfruDA52wtwPw82I9EVnEul7jRMbbFGFD2NDNW3AinEFt5sqMa84tKK0V9JJyRe4FY7yFTOVjSMV41WF2srbI3k0QVGoEaQ7r0tijCBnXil4QVwQ0ya1FW3g","e48856bbdbbb68291a2059fd540961ca213ee5b20b91a7a26bb8b59ae4b052b5");
INSERT INTO user(name, salt, hash) values("JenniferSmith18","1jo5OFAVDpC6xaEgt8sSuHcOSzo1SnkEVF5jHwD39SJegUlvz8nBLNeJBK6StVPCKzNNxUpOToQojUW304fW5gjniSqWejeBxo6Xtlgb0qIWW4vYoRYIIPRph8YwiW1mSxZ6sahYlfruDA52wtwPw82I9EVnEul7jRMbbFGFD2NDNW3AinEFt5sqMa84tKK0V9JJyRe4FY7yFTOVjSMV41WF2srbI3k0QVGoEaQ7r0tijCBnXil4QVwQ0ya1FW3g","e48856bbdbbb68291a2059fd540961ca213ee5b20b91a7a26bb8b59ae4b052b5");
INSERT INTO user(name, salt, hash) values("MaryCarter19","1jo5OFAVDpC6xaEgt8sSuHcOSzo1SnkEVF5jHwD39SJegUlvz8nBLNeJBK6StVPCKzNNxUpOToQojUW304fW5gjniSqWejeBxo6Xtlgb0qIWW4vYoRYIIPRph8YwiW1mSxZ6sahYlfruDA52wtwPw82I9EVnEul7jRMbbFGFD2NDNW3AinEFt5sqMa84tKK0V9JJyRe4FY7yFTOVjSMV41WF2srbI3k0QVGoEaQ7r0tijCBnXil4QVwQ0ya1FW3g","e48856bbdbbb68291a2059fd540961ca213ee5b20b91a7a26bb8b59ae4b052b5");
INSERT INTO user(name, salt, hash) values("TomGabrielson20","1jo5OFAVDpC6xaEgt8sSuHcOSzo1SnkEVF5jHwD39SJegUlvz8nBLNeJBK6StVPCKzNNxUpOToQojUW304fW5gjniSqWejeBxo6Xtlgb0qIWW4vYoRYIIPRph8YwiW1mSxZ6sahYlfruDA52wtwPw82I9EVnEul7jRMbbFGFD2NDNW3AinEFt5sqMa84tKK0V9JJyRe4FY7yFTOVjSMV41WF2srbI3k0QVGoEaQ7r0tijCBnXil4QVwQ0ya1FW3g","e48856bbdbbb68291a2059fd540961ca213ee5b20b91a7a26bb8b59ae4b052b5");
INSERT INTO user(name, salt, hash) values("JenniferSmith21","1jo5OFAVDpC6xaEgt8sSuHcOSzo1SnkEVF5jHwD39SJegUlvz8nBLNeJBK6StVPCKzNNxUpOToQojUW304fW5gjniSqWejeBxo6Xtlgb0qIWW4vYoRYIIPRph8YwiW1mSxZ6sahYlfruDA52wtwPw82I9EVnEul7jRMbbFGFD2NDNW3AinEFt5sqMa84tKK0V9JJyRe4FY7yFTOVjSMV41WF2srbI3k0QVGoEaQ7r0tijCBnXil4QVwQ0ya1FW3g","e48856bbdbbb68291a2059fd540961ca213ee5b20b91a7a26bb8b59ae4b052b5");
INSERT INTO user(name, salt, hash) values("SarahRenninger22","1jo5OFAVDpC6xaEgt8sSuHcOSzo1SnkEVF5jHwD39SJegUlvz8nBLNeJBK6StVPCKzNNxUpOToQojUW304fW5gjniSqWejeBxo6Xtlgb0qIWW4vYoRYIIPRph8YwiW1mSxZ6sahYlfruDA52wtwPw82I9EVnEul7jRMbbFGFD2NDNW3AinEFt5sqMa84tKK0V9JJyRe4FY7yFTOVjSMV41WF2srbI3k0QVGoEaQ7r0tijCBnXil4QVwQ0ya1FW3g","e48856bbdbbb68291a2059fd540961ca213ee5b20b91a7a26bb8b59ae4b052b5");
INSERT INTO user(name, salt, hash) values("JonathanMitchell23","1jo5OFAVDpC6xaEgt8sSuHcOSzo1SnkEVF5jHwD39SJegUlvz8nBLNeJBK6StVPCKzNNxUpOToQojUW304fW5gjniSqWejeBxo6Xtlgb0qIWW4vYoRYIIPRph8YwiW1mSxZ6sahYlfruDA52wtwPw82I9EVnEul7jRMbbFGFD2NDNW3AinEFt5sqMa84tKK0V9JJyRe4FY7yFTOVjSMV41WF2srbI3k0QVGoEaQ7r0tijCBnXil4QVwQ0ya1FW3g","e48856bbdbbb68291a2059fd540961ca213ee5b20b91a7a26bb8b59ae4b052b5");
INSERT INTO user(name, salt, hash) values("JohnGabrielson24","1jo5OFAVDpC6xaEgt8sSuHcOSzo1SnkEVF5jHwD39SJegUlvz8nBLNeJBK6StVPCKzNNxUpOToQojUW304fW5gjniSqWejeBxo6Xtlgb0qIWW4vYoRYIIPRph8YwiW1mSxZ6sahYlfruDA52wtwPw82I9EVnEul7jRMbbFGFD2NDNW3AinEFt5sqMa84tKK0V9JJyRe4FY7yFTOVjSMV41WF2srbI3k0QVGoEaQ7r0tijCBnXil4QVwQ0ya1FW3g","e48856bbdbbb68291a2059fd540961ca213ee5b20b91a7a26bb8b59ae4b052b5");
INSERT INTO user(name, salt, hash) values("JenniferStenbit25","1jo5OFAVDpC6xaEgt8sSuHcOSzo1SnkEVF5jHwD39SJegUlvz8nBLNeJBK6StVPCKzNNxUpOToQojUW304fW5gjniSqWejeBxo6Xtlgb0qIWW4vYoRYIIPRph8YwiW1mSxZ6sahYlfruDA52wtwPw82I9EVnEul7jRMbbFGFD2NDNW3AinEFt5sqMa84tKK0V9JJyRe4FY7yFTOVjSMV41WF2srbI3k0QVGoEaQ7r0tijCBnXil4QVwQ0ya1FW3g","e48856bbdbbb68291a2059fd540961ca213ee5b20b91a7a26bb8b59ae4b052b5");
INSERT INTO user(name, salt, hash) values("IanSmith26","1jo5OFAVDpC6xaEgt8sSuHcOSzo1SnkEVF5jHwD39SJegUlvz8nBLNeJBK6StVPCKzNNxUpOToQojUW304fW5gjniSqWejeBxo6Xtlgb0qIWW4vYoRYIIPRph8YwiW1mSxZ6sahYlfruDA52wtwPw82I9EVnEul7jRMbbFGFD2NDNW3AinEFt5sqMa84tKK0V9JJyRe4FY7yFTOVjSMV41WF2srbI3k0QVGoEaQ7r0tijCBnXil4QVwQ0ya1FW3g","e48856bbdbbb68291a2059fd540961ca213ee5b20b91a7a26bb8b59ae4b052b5");
INSERT INTO user(name, salt, hash) values("JenniferCohen27","1jo5OFAVDpC6xaEgt8sSuHcOSzo1SnkEVF5jHwD39SJegUlvz8nBLNeJBK6StVPCKzNNxUpOToQojUW304fW5gjniSqWejeBxo6Xtlgb0qIWW4vYoRYIIPRph8YwiW1mSxZ6sahYlfruDA52wtwPw82I9EVnEul7jRMbbFGFD2NDNW3AinEFt5sqMa84tKK0V9JJyRe4FY7yFTOVjSMV41WF2srbI3k0QVGoEaQ7r0tijCBnXil4QVwQ0ya1FW3g","e48856bbdbbb68291a2059fd540961ca213ee5b20b91a7a26bb8b59ae4b052b5");
INSERT INTO user(name, salt, hash) values("SarahCohen28","1jo5OFAVDpC6xaEgt8sSuHcOSzo1SnkEVF5jHwD39SJegUlvz8nBLNeJBK6StVPCKzNNxUpOToQojUW304fW5gjniSqWejeBxo6Xtlgb0qIWW4vYoRYIIPRph8YwiW1mSxZ6sahYlfruDA52wtwPw82I9EVnEul7jRMbbFGFD2NDNW3AinEFt5sqMa84tKK0V9JJyRe4FY7yFTOVjSMV41WF2srbI3k0QVGoEaQ7r0tijCBnXil4QVwQ0ya1FW3g","e48856bbdbbb68291a2059fd540961ca213ee5b20b91a7a26bb8b59ae4b052b5");
INSERT INTO user(name, salt, hash) values("IanRenninger29","1jo5OFAVDpC6xaEgt8sSuHcOSzo1SnkEVF5jHwD39SJegUlvz8nBLNeJBK6StVPCKzNNxUpOToQojUW304fW5gjniSqWejeBxo6Xtlgb0qIWW4vYoRYIIPRph8YwiW1mSxZ6sahYlfruDA52wtwPw82I9EVnEul7jRMbbFGFD2NDNW3AinEFt5sqMa84tKK0V9JJyRe4FY7yFTOVjSMV41WF2srbI3k0QVGoEaQ7r0tijCBnXil4QVwQ0ya1FW3g","e48856bbdbbb68291a2059fd540961ca213ee5b20b91a7a26bb8b59ae4b052b5");
INSERT INTO user(name, salt, hash) values("SarahKhan30","1jo5OFAVDpC6xaEgt8sSuHcOSzo1SnkEVF5jHwD39SJegUlvz8nBLNeJBK6StVPCKzNNxUpOToQojUW304fW5gjniSqWejeBxo6Xtlgb0qIWW4vYoRYIIPRph8YwiW1mSxZ6sahYlfruDA52wtwPw82I9EVnEul7jRMbbFGFD2NDNW3AinEFt5sqMa84tKK0V9JJyRe4FY7yFTOVjSMV41WF2srbI3k0QVGoEaQ7r0tijCBnXil4QVwQ0ya1FW3g","e48856bbdbbb68291a2059fd540961ca213ee5b20b91a7a26bb8b59ae4b052b5");
INSERT INTO user(name, salt, hash) values("JackBanbury31","1jo5OFAVDpC6xaEgt8sSuHcOSzo1SnkEVF5jHwD39SJegUlvz8nBLNeJBK6StVPCKzNNxUpOToQojUW304fW5gjniSqWejeBxo6Xtlgb0qIWW4vYoRYIIPRph8YwiW1mSxZ6sahYlfruDA52wtwPw82I9EVnEul7jRMbbFGFD2NDNW3AinEFt5sqMa84tKK0V9JJyRe4FY7yFTOVjSMV41WF2srbI3k0QVGoEaQ7r0tijCBnXil4QVwQ0ya1FW3g","e48856bbdbbb68291a2059fd540961ca213ee5b20b91a7a26bb8b59ae4b052b5");
INSERT INTO user(name, salt, hash) values("JackGoldman32","1jo5OFAVDpC6xaEgt8sSuHcOSzo1SnkEVF5jHwD39SJegUlvz8nBLNeJBK6StVPCKzNNxUpOToQojUW304fW5gjniSqWejeBxo6Xtlgb0qIWW4vYoRYIIPRph8YwiW1mSxZ6sahYlfruDA52wtwPw82I9EVnEul7jRMbbFGFD2NDNW3AinEFt5sqMa84tKK0V9JJyRe4FY7yFTOVjSMV41WF2srbI3k0QVGoEaQ7r0tijCBnXil4QVwQ0ya1FW3g","e48856bbdbbb68291a2059fd540961ca213ee5b20b91a7a26bb8b59ae4b052b5");
INSERT INTO user(name, salt, hash) values("MarkSmith33","1jo5OFAVDpC6xaEgt8sSuHcOSzo1SnkEVF5jHwD39SJegUlvz8nBLNeJBK6StVPCKzNNxUpOToQojUW304fW5gjniSqWejeBxo6Xtlgb0qIWW4vYoRYIIPRph8YwiW1mSxZ6sahYlfruDA52wtwPw82I9EVnEul7jRMbbFGFD2NDNW3AinEFt5sqMa84tKK0V9JJyRe4FY7yFTOVjSMV41WF2srbI3k0QVGoEaQ7r0tijCBnXil4QVwQ0ya1FW3g","e48856bbdbbb68291a2059fd540961ca213ee5b20b91a7a26bb8b59ae4b052b5");
INSERT INTO user(name, salt, hash) values("AllisonGoldman34","1jo5OFAVDpC6xaEgt8sSuHcOSzo1SnkEVF5jHwD39SJegUlvz8nBLNeJBK6StVPCKzNNxUpOToQojUW304fW5gjniSqWejeBxo6Xtlgb0qIWW4vYoRYIIPRph8YwiW1mSxZ6sahYlfruDA52wtwPw82I9EVnEul7jRMbbFGFD2NDNW3AinEFt5sqMa84tKK0V9JJyRe4FY7yFTOVjSMV41WF2srbI3k0QVGoEaQ7r0tijCBnXil4QVwQ0ya1FW3g","e48856bbdbbb68291a2059fd540961ca213ee5b20b91a7a26bb8b59ae4b052b5");
INSERT INTO user(name, salt, hash) values("MaryGoldman35","1jo5OFAVDpC6xaEgt8sSuHcOSzo1SnkEVF5jHwD39SJegUlvz8nBLNeJBK6StVPCKzNNxUpOToQojUW304fW5gjniSqWejeBxo6Xtlgb0qIWW4vYoRYIIPRph8YwiW1mSxZ6sahYlfruDA52wtwPw82I9EVnEul7jRMbbFGFD2NDNW3AinEFt5sqMa84tKK0V9JJyRe4FY7yFTOVjSMV41WF2srbI3k0QVGoEaQ7r0tijCBnXil4QVwQ0ya1FW3g","e48856bbdbbb68291a2059fd540961ca213ee5b20b91a7a26bb8b59ae4b052b5");
INSERT INTO user(name, salt, hash) values("MarkJohnson36","1jo5OFAVDpC6xaEgt8sSuHcOSzo1SnkEVF5jHwD39SJegUlvz8nBLNeJBK6StVPCKzNNxUpOToQojUW304fW5gjniSqWejeBxo6Xtlgb0qIWW4vYoRYIIPRph8YwiW1mSxZ6sahYlfruDA52wtwPw82I9EVnEul7jRMbbFGFD2NDNW3AinEFt5sqMa84tKK0V9JJyRe4FY7yFTOVjSMV41WF2srbI3k0QVGoEaQ7r0tijCBnXil4QVwQ0ya1FW3g","e48856bbdbbb68291a2059fd540961ca213ee5b20b91a7a26bb8b59ae4b052b5");
INSERT INTO user(name, salt, hash) values("MarkReiss37","1jo5OFAVDpC6xaEgt8sSuHcOSzo1SnkEVF5jHwD39SJegUlvz8nBLNeJBK6StVPCKzNNxUpOToQojUW304fW5gjniSqWejeBxo6Xtlgb0qIWW4vYoRYIIPRph8YwiW1mSxZ6sahYlfruDA52wtwPw82I9EVnEul7jRMbbFGFD2NDNW3AinEFt5sqMa84tKK0V9JJyRe4FY7yFTOVjSMV41WF2srbI3k0QVGoEaQ7r0tijCBnXil4QVwQ0ya1FW3g","e48856bbdbbb68291a2059fd540961ca213ee5b20b91a7a26bb8b59ae4b052b5");
INSERT INTO user(name, salt, hash) values("AllisonGabrielson38","1jo5OFAVDpC6xaEgt8sSuHcOSzo1SnkEVF5jHwD39SJegUlvz8nBLNeJBK6StVPCKzNNxUpOToQojUW304fW5gjniSqWejeBxo6Xtlgb0qIWW4vYoRYIIPRph8YwiW1mSxZ6sahYlfruDA52wtwPw82I9EVnEul7jRMbbFGFD2NDNW3AinEFt5sqMa84tKK0V9JJyRe4FY7yFTOVjSMV41WF2srbI3k0QVGoEaQ7r0tijCBnXil4QVwQ0ya1FW3g","e48856bbdbbb68291a2059fd540961ca213ee5b20b91a7a26bb8b59ae4b052b5");
INSERT INTO user(name, salt, hash) values("MattGabrielson39","1jo5OFAVDpC6xaEgt8sSuHcOSzo1SnkEVF5jHwD39SJegUlvz8nBLNeJBK6StVPCKzNNxUpOToQojUW304fW5gjniSqWejeBxo6Xtlgb0qIWW4vYoRYIIPRph8YwiW1mSxZ6sahYlfruDA52wtwPw82I9EVnEul7jRMbbFGFD2NDNW3AinEFt5sqMa84tKK0V9JJyRe4FY7yFTOVjSMV41WF2srbI3k0QVGoEaQ7r0tijCBnXil4QVwQ0ya1FW3g","e48856bbdbbb68291a2059fd540961ca213ee5b20b91a7a26bb8b59ae4b052b5");
INSERT INTO user(name, salt, hash) values("MarkSmith40","1jo5OFAVDpC6xaEgt8sSuHcOSzo1SnkEVF5jHwD39SJegUlvz8nBLNeJBK6StVPCKzNNxUpOToQojUW304fW5gjniSqWejeBxo6Xtlgb0qIWW4vYoRYIIPRph8YwiW1mSxZ6sahYlfruDA52wtwPw82I9EVnEul7jRMbbFGFD2NDNW3AinEFt5sqMa84tKK0V9JJyRe4FY7yFTOVjSMV41WF2srbI3k0QVGoEaQ7r0tijCBnXil4QVwQ0ya1FW3g","e48856bbdbbb68291a2059fd540961ca213ee5b20b91a7a26bb8b59ae4b052b5");
INSERT INTO user(name, salt, hash) values("SarahBanbury41","1jo5OFAVDpC6xaEgt8sSuHcOSzo1SnkEVF5jHwD39SJegUlvz8nBLNeJBK6StVPCKzNNxUpOToQojUW304fW5gjniSqWejeBxo6Xtlgb0qIWW4vYoRYIIPRph8YwiW1mSxZ6sahYlfruDA52wtwPw82I9EVnEul7jRMbbFGFD2NDNW3AinEFt5sqMa84tKK0V9JJyRe4FY7yFTOVjSMV41WF2srbI3k0QVGoEaQ7r0tijCBnXil4QVwQ0ya1FW3g","e48856bbdbbb68291a2059fd540961ca213ee5b20b91a7a26bb8b59ae4b052b5");
INSERT INTO user(name, salt, hash) values("SarahMitchell42","1jo5OFAVDpC6xaEgt8sSuHcOSzo1SnkEVF5jHwD39SJegUlvz8nBLNeJBK6StVPCKzNNxUpOToQojUW304fW5gjniSqWejeBxo6Xtlgb0qIWW4vYoRYIIPRph8YwiW1mSxZ6sahYlfruDA52wtwPw82I9EVnEul7jRMbbFGFD2NDNW3AinEFt5sqMa84tKK0V9JJyRe4FY7yFTOVjSMV41WF2srbI3k0QVGoEaQ7r0tijCBnXil4QVwQ0ya1FW3g","e48856bbdbbb68291a2059fd540961ca213ee5b20b91a7a26bb8b59ae4b052b5");
INSERT INTO user(name, salt, hash) values("SarahGoldman43","1jo5OFAVDpC6xaEgt8sSuHcOSzo1SnkEVF5jHwD39SJegUlvz8nBLNeJBK6StVPCKzNNxUpOToQojUW304fW5gjniSqWejeBxo6Xtlgb0qIWW4vYoRYIIPRph8YwiW1mSxZ6sahYlfruDA52wtwPw82I9EVnEul7jRMbbFGFD2NDNW3AinEFt5sqMa84tKK0V9JJyRe4FY7yFTOVjSMV41WF2srbI3k0QVGoEaQ7r0tijCBnXil4QVwQ0ya1FW3g","e48856bbdbbb68291a2059fd540961ca213ee5b20b91a7a26bb8b59ae4b052b5");
INSERT INTO user(name, salt, hash) values("JonathanMitchell44","1jo5OFAVDpC6xaEgt8sSuHcOSzo1SnkEVF5jHwD39SJegUlvz8nBLNeJBK6StVPCKzNNxUpOToQojUW304fW5gjniSqWejeBxo6Xtlgb0qIWW4vYoRYIIPRph8YwiW1mSxZ6sahYlfruDA52wtwPw82I9EVnEul7jRMbbFGFD2NDNW3AinEFt5sqMa84tKK0V9JJyRe4FY7yFTOVjSMV41WF2srbI3k0QVGoEaQ7r0tijCBnXil4QVwQ0ya1FW3g","e48856bbdbbb68291a2059fd540961ca213ee5b20b91a7a26bb8b59ae4b052b5");
INSERT INTO user(name, salt, hash) values("GraceHansen45","1jo5OFAVDpC6xaEgt8sSuHcOSzo1SnkEVF5jHwD39SJegUlvz8nBLNeJBK6StVPCKzNNxUpOToQojUW304fW5gjniSqWejeBxo6Xtlgb0qIWW4vYoRYIIPRph8YwiW1mSxZ6sahYlfruDA52wtwPw82I9EVnEul7jRMbbFGFD2NDNW3AinEFt5sqMa84tKK0V9JJyRe4FY7yFTOVjSMV41WF2srbI3k0QVGoEaQ7r0tijCBnXil4QVwQ0ya1FW3g","e48856bbdbbb68291a2059fd540961ca213ee5b20b91a7a26bb8b59ae4b052b5");
INSERT INTO user(name, salt, hash) values("MaryBanbury46","1jo5OFAVDpC6xaEgt8sSuHcOSzo1SnkEVF5jHwD39SJegUlvz8nBLNeJBK6StVPCKzNNxUpOToQojUW304fW5gjniSqWejeBxo6Xtlgb0qIWW4vYoRYIIPRph8YwiW1mSxZ6sahYlfruDA52wtwPw82I9EVnEul7jRMbbFGFD2NDNW3AinEFt5sqMa84tKK0V9JJyRe4FY7yFTOVjSMV41WF2srbI3k0QVGoEaQ7r0tijCBnXil4QVwQ0ya1FW3g","e48856bbdbbb68291a2059fd540961ca213ee5b20b91a7a26bb8b59ae4b052b5");
INSERT INTO user(name, salt, hash) values("IanKhan47","1jo5OFAVDpC6xaEgt8sSuHcOSzo1SnkEVF5jHwD39SJegUlvz8nBLNeJBK6StVPCKzNNxUpOToQojUW304fW5gjniSqWejeBxo6Xtlgb0qIWW4vYoRYIIPRph8YwiW1mSxZ6sahYlfruDA52wtwPw82I9EVnEul7jRMbbFGFD2NDNW3AinEFt5sqMa84tKK0V9JJyRe4FY7yFTOVjSMV41WF2srbI3k0QVGoEaQ7r0tijCBnXil4QVwQ0ya1FW3g","e48856bbdbbb68291a2059fd540961ca213ee5b20b91a7a26bb8b59ae4b052b5");
INSERT INTO user(name, salt, hash) values("TimmothyMitchell48","1jo5OFAVDpC6xaEgt8sSuHcOSzo1SnkEVF5jHwD39SJegUlvz8nBLNeJBK6StVPCKzNNxUpOToQojUW304fW5gjniSqWejeBxo6Xtlgb0qIWW4vYoRYIIPRph8YwiW1mSxZ6sahYlfruDA52wtwPw82I9EVnEul7jRMbbFGFD2NDNW3AinEFt5sqMa84tKK0V9JJyRe4FY7yFTOVjSMV41WF2srbI3k0QVGoEaQ7r0tijCBnXil4QVwQ0ya1FW3g","e48856bbdbbb68291a2059fd540961ca213ee5b20b91a7a26bb8b59ae4b052b5");
INSERT INTO user(name, salt, hash) values("GraceRenninger49","1jo5OFAVDpC6xaEgt8sSuHcOSzo1SnkEVF5jHwD39SJegUlvz8nBLNeJBK6StVPCKzNNxUpOToQojUW304fW5gjniSqWejeBxo6Xtlgb0qIWW4vYoRYIIPRph8YwiW1mSxZ6sahYlfruDA52wtwPw82I9EVnEul7jRMbbFGFD2NDNW3AinEFt5sqMa84tKK0V9JJyRe4FY7yFTOVjSMV41WF2srbI3k0QVGoEaQ7r0tijCBnXil4QVwQ0ya1FW3g","e48856bbdbbb68291a2059fd540961ca213ee5b20b91a7a26bb8b59ae4b052b5");
INSERT INTO user(name, salt, hash) values("BobCohen50","1jo5OFAVDpC6xaEgt8sSuHcOSzo1SnkEVF5jHwD39SJegUlvz8nBLNeJBK6StVPCKzNNxUpOToQojUW304fW5gjniSqWejeBxo6Xtlgb0qIWW4vYoRYIIPRph8YwiW1mSxZ6sahYlfruDA52wtwPw82I9EVnEul7jRMbbFGFD2NDNW3AinEFt5sqMa84tKK0V9JJyRe4FY7yFTOVjSMV41WF2srbI3k0QVGoEaQ7r0tijCBnXil4QVwQ0ya1FW3g","e48856bbdbbb68291a2059fd540961ca213ee5b20b91a7a26bb8b59ae4b052b5");
INSERT INTO user(name, salt, hash) values("GraceRenninger51","1jo5OFAVDpC6xaEgt8sSuHcOSzo1SnkEVF5jHwD39SJegUlvz8nBLNeJBK6StVPCKzNNxUpOToQojUW304fW5gjniSqWejeBxo6Xtlgb0qIWW4vYoRYIIPRph8YwiW1mSxZ6sahYlfruDA52wtwPw82I9EVnEul7jRMbbFGFD2NDNW3AinEFt5sqMa84tKK0V9JJyRe4FY7yFTOVjSMV41WF2srbI3k0QVGoEaQ7r0tijCBnXil4QVwQ0ya1FW3g","e48856bbdbbb68291a2059fd540961ca213ee5b20b91a7a26bb8b59ae4b052b5");
INSERT INTO user(name, salt, hash) values("BenCarter52","1jo5OFAVDpC6xaEgt8sSuHcOSzo1SnkEVF5jHwD39SJegUlvz8nBLNeJBK6StVPCKzNNxUpOToQojUW304fW5gjniSqWejeBxo6Xtlgb0qIWW4vYoRYIIPRph8YwiW1mSxZ6sahYlfruDA52wtwPw82I9EVnEul7jRMbbFGFD2NDNW3AinEFt5sqMa84tKK0V9JJyRe4FY7yFTOVjSMV41WF2srbI3k0QVGoEaQ7r0tijCBnXil4QVwQ0ya1FW3g","e48856bbdbbb68291a2059fd540961ca213ee5b20b91a7a26bb8b59ae4b052b5");
INSERT INTO user(name, salt, hash) values("GraceGabrielson53","1jo5OFAVDpC6xaEgt8sSuHcOSzo1SnkEVF5jHwD39SJegUlvz8nBLNeJBK6StVPCKzNNxUpOToQojUW304fW5gjniSqWejeBxo6Xtlgb0qIWW4vYoRYIIPRph8YwiW1mSxZ6sahYlfruDA52wtwPw82I9EVnEul7jRMbbFGFD2NDNW3AinEFt5sqMa84tKK0V9JJyRe4FY7yFTOVjSMV41WF2srbI3k0QVGoEaQ7r0tijCBnXil4QVwQ0ya1FW3g","e48856bbdbbb68291a2059fd540961ca213ee5b20b91a7a26bb8b59ae4b052b5");
INSERT INTO user(name, salt, hash) values("TimmothyMitchell54","1jo5OFAVDpC6xaEgt8sSuHcOSzo1SnkEVF5jHwD39SJegUlvz8nBLNeJBK6StVPCKzNNxUpOToQojUW304fW5gjniSqWejeBxo6Xtlgb0qIWW4vYoRYIIPRph8YwiW1mSxZ6sahYlfruDA52wtwPw82I9EVnEul7jRMbbFGFD2NDNW3AinEFt5sqMa84tKK0V9JJyRe4FY7yFTOVjSMV41WF2srbI3k0QVGoEaQ7r0tijCBnXil4QVwQ0ya1FW3g","e48856bbdbbb68291a2059fd540961ca213ee5b20b91a7a26bb8b59ae4b052b5");
INSERT INTO user(name, salt, hash) values("TomFontenot55","1jo5OFAVDpC6xaEgt8sSuHcOSzo1SnkEVF5jHwD39SJegUlvz8nBLNeJBK6StVPCKzNNxUpOToQojUW304fW5gjniSqWejeBxo6Xtlgb0qIWW4vYoRYIIPRph8YwiW1mSxZ6sahYlfruDA52wtwPw82I9EVnEul7jRMbbFGFD2NDNW3AinEFt5sqMa84tKK0V9JJyRe4FY7yFTOVjSMV41WF2srbI3k0QVGoEaQ7r0tijCBnXil4QVwQ0ya1FW3g","e48856bbdbbb68291a2059fd540961ca213ee5b20b91a7a26bb8b59ae4b052b5");
INSERT INTO user(name, salt, hash) values("AllisonCohen56","1jo5OFAVDpC6xaEgt8sSuHcOSzo1SnkEVF5jHwD39SJegUlvz8nBLNeJBK6StVPCKzNNxUpOToQojUW304fW5gjniSqWejeBxo6Xtlgb0qIWW4vYoRYIIPRph8YwiW1mSxZ6sahYlfruDA52wtwPw82I9EVnEul7jRMbbFGFD2NDNW3AinEFt5sqMa84tKK0V9JJyRe4FY7yFTOVjSMV41WF2srbI3k0QVGoEaQ7r0tijCBnXil4QVwQ0ya1FW3g","e48856bbdbbb68291a2059fd540961ca213ee5b20b91a7a26bb8b59ae4b052b5");
INSERT INTO user(name, salt, hash) values("BenBanbury57","1jo5OFAVDpC6xaEgt8sSuHcOSzo1SnkEVF5jHwD39SJegUlvz8nBLNeJBK6StVPCKzNNxUpOToQojUW304fW5gjniSqWejeBxo6Xtlgb0qIWW4vYoRYIIPRph8YwiW1mSxZ6sahYlfruDA52wtwPw82I9EVnEul7jRMbbFGFD2NDNW3AinEFt5sqMa84tKK0V9JJyRe4FY7yFTOVjSMV41WF2srbI3k0QVGoEaQ7r0tijCBnXil4QVwQ0ya1FW3g","e48856bbdbbb68291a2059fd540961ca213ee5b20b91a7a26bb8b59ae4b052b5");
INSERT INTO user(name, salt, hash) values("TimmothyRenninger58","1jo5OFAVDpC6xaEgt8sSuHcOSzo1SnkEVF5jHwD39SJegUlvz8nBLNeJBK6StVPCKzNNxUpOToQojUW304fW5gjniSqWejeBxo6Xtlgb0qIWW4vYoRYIIPRph8YwiW1mSxZ6sahYlfruDA52wtwPw82I9EVnEul7jRMbbFGFD2NDNW3AinEFt5sqMa84tKK0V9JJyRe4FY7yFTOVjSMV41WF2srbI3k0QVGoEaQ7r0tijCBnXil4QVwQ0ya1FW3g","e48856bbdbbb68291a2059fd540961ca213ee5b20b91a7a26bb8b59ae4b052b5");
INSERT INTO user(name, salt, hash) values("MattReiss59","1jo5OFAVDpC6xaEgt8sSuHcOSzo1SnkEVF5jHwD39SJegUlvz8nBLNeJBK6StVPCKzNNxUpOToQojUW304fW5gjniSqWejeBxo6Xtlgb0qIWW4vYoRYIIPRph8YwiW1mSxZ6sahYlfruDA52wtwPw82I9EVnEul7jRMbbFGFD2NDNW3AinEFt5sqMa84tKK0V9JJyRe4FY7yFTOVjSMV41WF2srbI3k0QVGoEaQ7r0tijCBnXil4QVwQ0ya1FW3g","e48856bbdbbb68291a2059fd540961ca213ee5b20b91a7a26bb8b59ae4b052b5");
INSERT INTO user(name, salt, hash) values("TomStenbit60","1jo5OFAVDpC6xaEgt8sSuHcOSzo1SnkEVF5jHwD39SJegUlvz8nBLNeJBK6StVPCKzNNxUpOToQojUW304fW5gjniSqWejeBxo6Xtlgb0qIWW4vYoRYIIPRph8YwiW1mSxZ6sahYlfruDA52wtwPw82I9EVnEul7jRMbbFGFD2NDNW3AinEFt5sqMa84tKK0V9JJyRe4FY7yFTOVjSMV41WF2srbI3k0QVGoEaQ7r0tijCBnXil4QVwQ0ya1FW3g","e48856bbdbbb68291a2059fd540961ca213ee5b20b91a7a26bb8b59ae4b052b5");
INSERT INTO user(name, salt, hash) values("BobCohen61","1jo5OFAVDpC6xaEgt8sSuHcOSzo1SnkEVF5jHwD39SJegUlvz8nBLNeJBK6StVPCKzNNxUpOToQojUW304fW5gjniSqWejeBxo6Xtlgb0qIWW4vYoRYIIPRph8YwiW1mSxZ6sahYlfruDA52wtwPw82I9EVnEul7jRMbbFGFD2NDNW3AinEFt5sqMa84tKK0V9JJyRe4FY7yFTOVjSMV41WF2srbI3k0QVGoEaQ7r0tijCBnXil4QVwQ0ya1FW3g","e48856bbdbbb68291a2059fd540961ca213ee5b20b91a7a26bb8b59ae4b052b5");
INSERT INTO user(name, salt, hash) values("BobKhan62","1jo5OFAVDpC6xaEgt8sSuHcOSzo1SnkEVF5jHwD39SJegUlvz8nBLNeJBK6StVPCKzNNxUpOToQojUW304fW5gjniSqWejeBxo6Xtlgb0qIWW4vYoRYIIPRph8YwiW1mSxZ6sahYlfruDA52wtwPw82I9EVnEul7jRMbbFGFD2NDNW3AinEFt5sqMa84tKK0V9JJyRe4FY7yFTOVjSMV41WF2srbI3k0QVGoEaQ7r0tijCBnXil4QVwQ0ya1FW3g","e48856bbdbbb68291a2059fd540961ca213ee5b20b91a7a26bb8b59ae4b052b5");
INSERT INTO user(name, salt, hash) values("JackGoldman63","1jo5OFAVDpC6xaEgt8sSuHcOSzo1SnkEVF5jHwD39SJegUlvz8nBLNeJBK6StVPCKzNNxUpOToQojUW304fW5gjniSqWejeBxo6Xtlgb0qIWW4vYoRYIIPRph8YwiW1mSxZ6sahYlfruDA52wtwPw82I9EVnEul7jRMbbFGFD2NDNW3AinEFt5sqMa84tKK0V9JJyRe4FY7yFTOVjSMV41WF2srbI3k0QVGoEaQ7r0tijCBnXil4QVwQ0ya1FW3g","e48856bbdbbb68291a2059fd540961ca213ee5b20b91a7a26bb8b59ae4b052b5");
INSERT INTO user(name, salt, hash) values("AllisonGabrielson64","1jo5OFAVDpC6xaEgt8sSuHcOSzo1SnkEVF5jHwD39SJegUlvz8nBLNeJBK6StVPCKzNNxUpOToQojUW304fW5gjniSqWejeBxo6Xtlgb0qIWW4vYoRYIIPRph8YwiW1mSxZ6sahYlfruDA52wtwPw82I9EVnEul7jRMbbFGFD2NDNW3AinEFt5sqMa84tKK0V9JJyRe4FY7yFTOVjSMV41WF2srbI3k0QVGoEaQ7r0tijCBnXil4QVwQ0ya1FW3g","e48856bbdbbb68291a2059fd540961ca213ee5b20b91a7a26bb8b59ae4b052b5");
INSERT INTO user(name, salt, hash) values("MarkMitchell65","1jo5OFAVDpC6xaEgt8sSuHcOSzo1SnkEVF5jHwD39SJegUlvz8nBLNeJBK6StVPCKzNNxUpOToQojUW304fW5gjniSqWejeBxo6Xtlgb0qIWW4vYoRYIIPRph8YwiW1mSxZ6sahYlfruDA52wtwPw82I9EVnEul7jRMbbFGFD2NDNW3AinEFt5sqMa84tKK0V9JJyRe4FY7yFTOVjSMV41WF2srbI3k0QVGoEaQ7r0tijCBnXil4QVwQ0ya1FW3g","e48856bbdbbb68291a2059fd540961ca213ee5b20b91a7a26bb8b59ae4b052b5");
INSERT INTO user(name, salt, hash) values("SarahBanbury66","1jo5OFAVDpC6xaEgt8sSuHcOSzo1SnkEVF5jHwD39SJegUlvz8nBLNeJBK6StVPCKzNNxUpOToQojUW304fW5gjniSqWejeBxo6Xtlgb0qIWW4vYoRYIIPRph8YwiW1mSxZ6sahYlfruDA52wtwPw82I9EVnEul7jRMbbFGFD2NDNW3AinEFt5sqMa84tKK0V9JJyRe4FY7yFTOVjSMV41WF2srbI3k0QVGoEaQ7r0tijCBnXil4QVwQ0ya1FW3g","e48856bbdbbb68291a2059fd540961ca213ee5b20b91a7a26bb8b59ae4b052b5");
INSERT INTO user(name, salt, hash) values("BobRenninger67","1jo5OFAVDpC6xaEgt8sSuHcOSzo1SnkEVF5jHwD39SJegUlvz8nBLNeJBK6StVPCKzNNxUpOToQojUW304fW5gjniSqWejeBxo6Xtlgb0qIWW4vYoRYIIPRph8YwiW1mSxZ6sahYlfruDA52wtwPw82I9EVnEul7jRMbbFGFD2NDNW3AinEFt5sqMa84tKK0V9JJyRe4FY7yFTOVjSMV41WF2srbI3k0QVGoEaQ7r0tijCBnXil4QVwQ0ya1FW3g","e48856bbdbbb68291a2059fd540961ca213ee5b20b91a7a26bb8b59ae4b052b5");
INSERT INTO user(name, salt, hash) values("TomSmith68","1jo5OFAVDpC6xaEgt8sSuHcOSzo1SnkEVF5jHwD39SJegUlvz8nBLNeJBK6StVPCKzNNxUpOToQojUW304fW5gjniSqWejeBxo6Xtlgb0qIWW4vYoRYIIPRph8YwiW1mSxZ6sahYlfruDA52wtwPw82I9EVnEul7jRMbbFGFD2NDNW3AinEFt5sqMa84tKK0V9JJyRe4FY7yFTOVjSMV41WF2srbI3k0QVGoEaQ7r0tijCBnXil4QVwQ0ya1FW3g","e48856bbdbbb68291a2059fd540961ca213ee5b20b91a7a26bb8b59ae4b052b5");
INSERT INTO user(name, salt, hash) values("JohnGabrielson69","1jo5OFAVDpC6xaEgt8sSuHcOSzo1SnkEVF5jHwD39SJegUlvz8nBLNeJBK6StVPCKzNNxUpOToQojUW304fW5gjniSqWejeBxo6Xtlgb0qIWW4vYoRYIIPRph8YwiW1mSxZ6sahYlfruDA52wtwPw82I9EVnEul7jRMbbFGFD2NDNW3AinEFt5sqMa84tKK0V9JJyRe4FY7yFTOVjSMV41WF2srbI3k0QVGoEaQ7r0tijCBnXil4QVwQ0ya1FW3g","e48856bbdbbb68291a2059fd540961ca213ee5b20b91a7a26bb8b59ae4b052b5");
INSERT INTO user(name, salt, hash) values("AllisonMitchell70","1jo5OFAVDpC6xaEgt8sSuHcOSzo1SnkEVF5jHwD39SJegUlvz8nBLNeJBK6StVPCKzNNxUpOToQojUW304fW5gjniSqWejeBxo6Xtlgb0qIWW4vYoRYIIPRph8YwiW1mSxZ6sahYlfruDA52wtwPw82I9EVnEul7jRMbbFGFD2NDNW3AinEFt5sqMa84tKK0V9JJyRe4FY7yFTOVjSMV41WF2srbI3k0QVGoEaQ7r0tijCBnXil4QVwQ0ya1FW3g","e48856bbdbbb68291a2059fd540961ca213ee5b20b91a7a26bb8b59ae4b052b5");
INSERT INTO user(name, salt, hash) values("IanBanbury71","1jo5OFAVDpC6xaEgt8sSuHcOSzo1SnkEVF5jHwD39SJegUlvz8nBLNeJBK6StVPCKzNNxUpOToQojUW304fW5gjniSqWejeBxo6Xtlgb0qIWW4vYoRYIIPRph8YwiW1mSxZ6sahYlfruDA52wtwPw82I9EVnEul7jRMbbFGFD2NDNW3AinEFt5sqMa84tKK0V9JJyRe4FY7yFTOVjSMV41WF2srbI3k0QVGoEaQ7r0tijCBnXil4QVwQ0ya1FW3g","e48856bbdbbb68291a2059fd540961ca213ee5b20b91a7a26bb8b59ae4b052b5");
INSERT INTO user(name, salt, hash) values("TomFontenot72","1jo5OFAVDpC6xaEgt8sSuHcOSzo1SnkEVF5jHwD39SJegUlvz8nBLNeJBK6StVPCKzNNxUpOToQojUW304fW5gjniSqWejeBxo6Xtlgb0qIWW4vYoRYIIPRph8YwiW1mSxZ6sahYlfruDA52wtwPw82I9EVnEul7jRMbbFGFD2NDNW3AinEFt5sqMa84tKK0V9JJyRe4FY7yFTOVjSMV41WF2srbI3k0QVGoEaQ7r0tijCBnXil4QVwQ0ya1FW3g","e48856bbdbbb68291a2059fd540961ca213ee5b20b91a7a26bb8b59ae4b052b5");
INSERT INTO user(name, salt, hash) values("JohnHansen73","1jo5OFAVDpC6xaEgt8sSuHcOSzo1SnkEVF5jHwD39SJegUlvz8nBLNeJBK6StVPCKzNNxUpOToQojUW304fW5gjniSqWejeBxo6Xtlgb0qIWW4vYoRYIIPRph8YwiW1mSxZ6sahYlfruDA52wtwPw82I9EVnEul7jRMbbFGFD2NDNW3AinEFt5sqMa84tKK0V9JJyRe4FY7yFTOVjSMV41WF2srbI3k0QVGoEaQ7r0tijCBnXil4QVwQ0ya1FW3g","e48856bbdbbb68291a2059fd540961ca213ee5b20b91a7a26bb8b59ae4b052b5");
INSERT INTO user(name, salt, hash) values("MarkBanbury74","1jo5OFAVDpC6xaEgt8sSuHcOSzo1SnkEVF5jHwD39SJegUlvz8nBLNeJBK6StVPCKzNNxUpOToQojUW304fW5gjniSqWejeBxo6Xtlgb0qIWW4vYoRYIIPRph8YwiW1mSxZ6sahYlfruDA52wtwPw82I9EVnEul7jRMbbFGFD2NDNW3AinEFt5sqMa84tKK0V9JJyRe4FY7yFTOVjSMV41WF2srbI3k0QVGoEaQ7r0tijCBnXil4QVwQ0ya1FW3g","e48856bbdbbb68291a2059fd540961ca213ee5b20b91a7a26bb8b59ae4b052b5");
INSERT INTO user(name, salt, hash) values("MarkCarter75","1jo5OFAVDpC6xaEgt8sSuHcOSzo1SnkEVF5jHwD39SJegUlvz8nBLNeJBK6StVPCKzNNxUpOToQojUW304fW5gjniSqWejeBxo6Xtlgb0qIWW4vYoRYIIPRph8YwiW1mSxZ6sahYlfruDA52wtwPw82I9EVnEul7jRMbbFGFD2NDNW3AinEFt5sqMa84tKK0V9JJyRe4FY7yFTOVjSMV41WF2srbI3k0QVGoEaQ7r0tijCBnXil4QVwQ0ya1FW3g","e48856bbdbbb68291a2059fd540961ca213ee5b20b91a7a26bb8b59ae4b052b5");
INSERT INTO user(name, salt, hash) values("MaryBanbury76","1jo5OFAVDpC6xaEgt8sSuHcOSzo1SnkEVF5jHwD39SJegUlvz8nBLNeJBK6StVPCKzNNxUpOToQojUW304fW5gjniSqWejeBxo6Xtlgb0qIWW4vYoRYIIPRph8YwiW1mSxZ6sahYlfruDA52wtwPw82I9EVnEul7jRMbbFGFD2NDNW3AinEFt5sqMa84tKK0V9JJyRe4FY7yFTOVjSMV41WF2srbI3k0QVGoEaQ7r0tijCBnXil4QVwQ0ya1FW3g","e48856bbdbbb68291a2059fd540961ca213ee5b20b91a7a26bb8b59ae4b052b5");
INSERT INTO user(name, salt, hash) values("TomCohen77","1jo5OFAVDpC6xaEgt8sSuHcOSzo1SnkEVF5jHwD39SJegUlvz8nBLNeJBK6StVPCKzNNxUpOToQojUW304fW5gjniSqWejeBxo6Xtlgb0qIWW4vYoRYIIPRph8YwiW1mSxZ6sahYlfruDA52wtwPw82I9EVnEul7jRMbbFGFD2NDNW3AinEFt5sqMa84tKK0V9JJyRe4FY7yFTOVjSMV41WF2srbI3k0QVGoEaQ7r0tijCBnXil4QVwQ0ya1FW3g","e48856bbdbbb68291a2059fd540961ca213ee5b20b91a7a26bb8b59ae4b052b5");
INSERT INTO user(name, salt, hash) values("MarkMitchell78","1jo5OFAVDpC6xaEgt8sSuHcOSzo1SnkEVF5jHwD39SJegUlvz8nBLNeJBK6StVPCKzNNxUpOToQojUW304fW5gjniSqWejeBxo6Xtlgb0qIWW4vYoRYIIPRph8YwiW1mSxZ6sahYlfruDA52wtwPw82I9EVnEul7jRMbbFGFD2NDNW3AinEFt5sqMa84tKK0V9JJyRe4FY7yFTOVjSMV41WF2srbI3k0QVGoEaQ7r0tijCBnXil4QVwQ0ya1FW3g","e48856bbdbbb68291a2059fd540961ca213ee5b20b91a7a26bb8b59ae4b052b5");
INSERT INTO user(name, salt, hash) values("IanStenbit79","1jo5OFAVDpC6xaEgt8sSuHcOSzo1SnkEVF5jHwD39SJegUlvz8nBLNeJBK6StVPCKzNNxUpOToQojUW304fW5gjniSqWejeBxo6Xtlgb0qIWW4vYoRYIIPRph8YwiW1mSxZ6sahYlfruDA52wtwPw82I9EVnEul7jRMbbFGFD2NDNW3AinEFt5sqMa84tKK0V9JJyRe4FY7yFTOVjSMV41WF2srbI3k0QVGoEaQ7r0tijCBnXil4QVwQ0ya1FW3g","e48856bbdbbb68291a2059fd540961ca213ee5b20b91a7a26bb8b59ae4b052b5");
INSERT INTO user(name, salt, hash) values("IanGoldman80","1jo5OFAVDpC6xaEgt8sSuHcOSzo1SnkEVF5jHwD39SJegUlvz8nBLNeJBK6StVPCKzNNxUpOToQojUW304fW5gjniSqWejeBxo6Xtlgb0qIWW4vYoRYIIPRph8YwiW1mSxZ6sahYlfruDA52wtwPw82I9EVnEul7jRMbbFGFD2NDNW3AinEFt5sqMa84tKK0V9JJyRe4FY7yFTOVjSMV41WF2srbI3k0QVGoEaQ7r0tijCBnXil4QVwQ0ya1FW3g","e48856bbdbbb68291a2059fd540961ca213ee5b20b91a7a26bb8b59ae4b052b5");
INSERT INTO user(name, salt, hash) values("AllisonFontenot81","1jo5OFAVDpC6xaEgt8sSuHcOSzo1SnkEVF5jHwD39SJegUlvz8nBLNeJBK6StVPCKzNNxUpOToQojUW304fW5gjniSqWejeBxo6Xtlgb0qIWW4vYoRYIIPRph8YwiW1mSxZ6sahYlfruDA52wtwPw82I9EVnEul7jRMbbFGFD2NDNW3AinEFt5sqMa84tKK0V9JJyRe4FY7yFTOVjSMV41WF2srbI3k0QVGoEaQ7r0tijCBnXil4QVwQ0ya1FW3g","e48856bbdbbb68291a2059fd540961ca213ee5b20b91a7a26bb8b59ae4b052b5");
INSERT INTO user(name, salt, hash) values("JonathanKhan82","1jo5OFAVDpC6xaEgt8sSuHcOSzo1SnkEVF5jHwD39SJegUlvz8nBLNeJBK6StVPCKzNNxUpOToQojUW304fW5gjniSqWejeBxo6Xtlgb0qIWW4vYoRYIIPRph8YwiW1mSxZ6sahYlfruDA52wtwPw82I9EVnEul7jRMbbFGFD2NDNW3AinEFt5sqMa84tKK0V9JJyRe4FY7yFTOVjSMV41WF2srbI3k0QVGoEaQ7r0tijCBnXil4QVwQ0ya1FW3g","e48856bbdbbb68291a2059fd540961ca213ee5b20b91a7a26bb8b59ae4b052b5");
INSERT INTO user(name, salt, hash) values("MaryJohnson83","1jo5OFAVDpC6xaEgt8sSuHcOSzo1SnkEVF5jHwD39SJegUlvz8nBLNeJBK6StVPCKzNNxUpOToQojUW304fW5gjniSqWejeBxo6Xtlgb0qIWW4vYoRYIIPRph8YwiW1mSxZ6sahYlfruDA52wtwPw82I9EVnEul7jRMbbFGFD2NDNW3AinEFt5sqMa84tKK0V9JJyRe4FY7yFTOVjSMV41WF2srbI3k0QVGoEaQ7r0tijCBnXil4QVwQ0ya1FW3g","e48856bbdbbb68291a2059fd540961ca213ee5b20b91a7a26bb8b59ae4b052b5");
INSERT INTO user(name, salt, hash) values("GraceReiss84","1jo5OFAVDpC6xaEgt8sSuHcOSzo1SnkEVF5jHwD39SJegUlvz8nBLNeJBK6StVPCKzNNxUpOToQojUW304fW5gjniSqWejeBxo6Xtlgb0qIWW4vYoRYIIPRph8YwiW1mSxZ6sahYlfruDA52wtwPw82I9EVnEul7jRMbbFGFD2NDNW3AinEFt5sqMa84tKK0V9JJyRe4FY7yFTOVjSMV41WF2srbI3k0QVGoEaQ7r0tijCBnXil4QVwQ0ya1FW3g","e48856bbdbbb68291a2059fd540961ca213ee5b20b91a7a26bb8b59ae4b052b5");
INSERT INTO user(name, salt, hash) values("IanGoldman85","1jo5OFAVDpC6xaEgt8sSuHcOSzo1SnkEVF5jHwD39SJegUlvz8nBLNeJBK6StVPCKzNNxUpOToQojUW304fW5gjniSqWejeBxo6Xtlgb0qIWW4vYoRYIIPRph8YwiW1mSxZ6sahYlfruDA52wtwPw82I9EVnEul7jRMbbFGFD2NDNW3AinEFt5sqMa84tKK0V9JJyRe4FY7yFTOVjSMV41WF2srbI3k0QVGoEaQ7r0tijCBnXil4QVwQ0ya1FW3g","e48856bbdbbb68291a2059fd540961ca213ee5b20b91a7a26bb8b59ae4b052b5");
INSERT INTO user(name, salt, hash) values("JackStenbit86","1jo5OFAVDpC6xaEgt8sSuHcOSzo1SnkEVF5jHwD39SJegUlvz8nBLNeJBK6StVPCKzNNxUpOToQojUW304fW5gjniSqWejeBxo6Xtlgb0qIWW4vYoRYIIPRph8YwiW1mSxZ6sahYlfruDA52wtwPw82I9EVnEul7jRMbbFGFD2NDNW3AinEFt5sqMa84tKK0V9JJyRe4FY7yFTOVjSMV41WF2srbI3k0QVGoEaQ7r0tijCBnXil4QVwQ0ya1FW3g","e48856bbdbbb68291a2059fd540961ca213ee5b20b91a7a26bb8b59ae4b052b5");
INSERT INTO user(name, salt, hash) values("MaryKhan87","1jo5OFAVDpC6xaEgt8sSuHcOSzo1SnkEVF5jHwD39SJegUlvz8nBLNeJBK6StVPCKzNNxUpOToQojUW304fW5gjniSqWejeBxo6Xtlgb0qIWW4vYoRYIIPRph8YwiW1mSxZ6sahYlfruDA52wtwPw82I9EVnEul7jRMbbFGFD2NDNW3AinEFt5sqMa84tKK0V9JJyRe4FY7yFTOVjSMV41WF2srbI3k0QVGoEaQ7r0tijCBnXil4QVwQ0ya1FW3g","e48856bbdbbb68291a2059fd540961ca213ee5b20b91a7a26bb8b59ae4b052b5");
INSERT INTO user(name, salt, hash) values("MaryCohen88","1jo5OFAVDpC6xaEgt8sSuHcOSzo1SnkEVF5jHwD39SJegUlvz8nBLNeJBK6StVPCKzNNxUpOToQojUW304fW5gjniSqWejeBxo6Xtlgb0qIWW4vYoRYIIPRph8YwiW1mSxZ6sahYlfruDA52wtwPw82I9EVnEul7jRMbbFGFD2NDNW3AinEFt5sqMa84tKK0V9JJyRe4FY7yFTOVjSMV41WF2srbI3k0QVGoEaQ7r0tijCBnXil4QVwQ0ya1FW3g","e48856bbdbbb68291a2059fd540961ca213ee5b20b91a7a26bb8b59ae4b052b5");
INSERT INTO user(name, salt, hash) values("JackStenbit89","1jo5OFAVDpC6xaEgt8sSuHcOSzo1SnkEVF5jHwD39SJegUlvz8nBLNeJBK6StVPCKzNNxUpOToQojUW304fW5gjniSqWejeBxo6Xtlgb0qIWW4vYoRYIIPRph8YwiW1mSxZ6sahYlfruDA52wtwPw82I9EVnEul7jRMbbFGFD2NDNW3AinEFt5sqMa84tKK0V9JJyRe4FY7yFTOVjSMV41WF2srbI3k0QVGoEaQ7r0tijCBnXil4QVwQ0ya1FW3g","e48856bbdbbb68291a2059fd540961ca213ee5b20b91a7a26bb8b59ae4b052b5");
INSERT INTO user(name, salt, hash) values("JonathanGabrielson90","1jo5OFAVDpC6xaEgt8sSuHcOSzo1SnkEVF5jHwD39SJegUlvz8nBLNeJBK6StVPCKzNNxUpOToQojUW304fW5gjniSqWejeBxo6Xtlgb0qIWW4vYoRYIIPRph8YwiW1mSxZ6sahYlfruDA52wtwPw82I9EVnEul7jRMbbFGFD2NDNW3AinEFt5sqMa84tKK0V9JJyRe4FY7yFTOVjSMV41WF2srbI3k0QVGoEaQ7r0tijCBnXil4QVwQ0ya1FW3g","e48856bbdbbb68291a2059fd540961ca213ee5b20b91a7a26bb8b59ae4b052b5");
INSERT INTO user(name, salt, hash) values("SarahGoldman91","1jo5OFAVDpC6xaEgt8sSuHcOSzo1SnkEVF5jHwD39SJegUlvz8nBLNeJBK6StVPCKzNNxUpOToQojUW304fW5gjniSqWejeBxo6Xtlgb0qIWW4vYoRYIIPRph8YwiW1mSxZ6sahYlfruDA52wtwPw82I9EVnEul7jRMbbFGFD2NDNW3AinEFt5sqMa84tKK0V9JJyRe4FY7yFTOVjSMV41WF2srbI3k0QVGoEaQ7r0tijCBnXil4QVwQ0ya1FW3g","e48856bbdbbb68291a2059fd540961ca213ee5b20b91a7a26bb8b59ae4b052b5");
INSERT INTO user(name, salt, hash) values("GraceKhan92","1jo5OFAVDpC6xaEgt8sSuHcOSzo1SnkEVF5jHwD39SJegUlvz8nBLNeJBK6StVPCKzNNxUpOToQojUW304fW5gjniSqWejeBxo6Xtlgb0qIWW4vYoRYIIPRph8YwiW1mSxZ6sahYlfruDA52wtwPw82I9EVnEul7jRMbbFGFD2NDNW3AinEFt5sqMa84tKK0V9JJyRe4FY7yFTOVjSMV41WF2srbI3k0QVGoEaQ7r0tijCBnXil4QVwQ0ya1FW3g","e48856bbdbbb68291a2059fd540961ca213ee5b20b91a7a26bb8b59ae4b052b5");
INSERT INTO user(name, salt, hash) values("MaryBanbury93","1jo5OFAVDpC6xaEgt8sSuHcOSzo1SnkEVF5jHwD39SJegUlvz8nBLNeJBK6StVPCKzNNxUpOToQojUW304fW5gjniSqWejeBxo6Xtlgb0qIWW4vYoRYIIPRph8YwiW1mSxZ6sahYlfruDA52wtwPw82I9EVnEul7jRMbbFGFD2NDNW3AinEFt5sqMa84tKK0V9JJyRe4FY7yFTOVjSMV41WF2srbI3k0QVGoEaQ7r0tijCBnXil4QVwQ0ya1FW3g","e48856bbdbbb68291a2059fd540961ca213ee5b20b91a7a26bb8b59ae4b052b5");
INSERT INTO user(name, salt, hash) values("SarahGoldman94","1jo5OFAVDpC6xaEgt8sSuHcOSzo1SnkEVF5jHwD39SJegUlvz8nBLNeJBK6StVPCKzNNxUpOToQojUW304fW5gjniSqWejeBxo6Xtlgb0qIWW4vYoRYIIPRph8YwiW1mSxZ6sahYlfruDA52wtwPw82I9EVnEul7jRMbbFGFD2NDNW3AinEFt5sqMa84tKK0V9JJyRe4FY7yFTOVjSMV41WF2srbI3k0QVGoEaQ7r0tijCBnXil4QVwQ0ya1FW3g","e48856bbdbbb68291a2059fd540961ca213ee5b20b91a7a26bb8b59ae4b052b5");
INSERT INTO user(name, salt, hash) values("TimmothyHansen95","1jo5OFAVDpC6xaEgt8sSuHcOSzo1SnkEVF5jHwD39SJegUlvz8nBLNeJBK6StVPCKzNNxUpOToQojUW304fW5gjniSqWejeBxo6Xtlgb0qIWW4vYoRYIIPRph8YwiW1mSxZ6sahYlfruDA52wtwPw82I9EVnEul7jRMbbFGFD2NDNW3AinEFt5sqMa84tKK0V9JJyRe4FY7yFTOVjSMV41WF2srbI3k0QVGoEaQ7r0tijCBnXil4QVwQ0ya1FW3g","e48856bbdbbb68291a2059fd540961ca213ee5b20b91a7a26bb8b59ae4b052b5");
INSERT INTO user(name, salt, hash) values("JohnKhan96","1jo5OFAVDpC6xaEgt8sSuHcOSzo1SnkEVF5jHwD39SJegUlvz8nBLNeJBK6StVPCKzNNxUpOToQojUW304fW5gjniSqWejeBxo6Xtlgb0qIWW4vYoRYIIPRph8YwiW1mSxZ6sahYlfruDA52wtwPw82I9EVnEul7jRMbbFGFD2NDNW3AinEFt5sqMa84tKK0V9JJyRe4FY7yFTOVjSMV41WF2srbI3k0QVGoEaQ7r0tijCBnXil4QVwQ0ya1FW3g","e48856bbdbbb68291a2059fd540961ca213ee5b20b91a7a26bb8b59ae4b052b5");
INSERT INTO user(name, salt, hash) values("KatyCarter97","1jo5OFAVDpC6xaEgt8sSuHcOSzo1SnkEVF5jHwD39SJegUlvz8nBLNeJBK6StVPCKzNNxUpOToQojUW304fW5gjniSqWejeBxo6Xtlgb0qIWW4vYoRYIIPRph8YwiW1mSxZ6sahYlfruDA52wtwPw82I9EVnEul7jRMbbFGFD2NDNW3AinEFt5sqMa84tKK0V9JJyRe4FY7yFTOVjSMV41WF2srbI3k0QVGoEaQ7r0tijCBnXil4QVwQ0ya1FW3g","e48856bbdbbb68291a2059fd540961ca213ee5b20b91a7a26bb8b59ae4b052b5");
INSERT INTO user(name, salt, hash) values("JohnGoldman98","1jo5OFAVDpC6xaEgt8sSuHcOSzo1SnkEVF5jHwD39SJegUlvz8nBLNeJBK6StVPCKzNNxUpOToQojUW304fW5gjniSqWejeBxo6Xtlgb0qIWW4vYoRYIIPRph8YwiW1mSxZ6sahYlfruDA52wtwPw82I9EVnEul7jRMbbFGFD2NDNW3AinEFt5sqMa84tKK0V9JJyRe4FY7yFTOVjSMV41WF2srbI3k0QVGoEaQ7r0tijCBnXil4QVwQ0ya1FW3g","e48856bbdbbb68291a2059fd540961ca213ee5b20b91a7a26bb8b59ae4b052b5");
INSERT INTO user(name, salt, hash) values("TimmothyRenninger99","1jo5OFAVDpC6xaEgt8sSuHcOSzo1SnkEVF5jHwD39SJegUlvz8nBLNeJBK6StVPCKzNNxUpOToQojUW304fW5gjniSqWejeBxo6Xtlgb0qIWW4vYoRYIIPRph8YwiW1mSxZ6sahYlfruDA52wtwPw82I9EVnEul7jRMbbFGFD2NDNW3AinEFt5sqMa84tKK0V9JJyRe4FY7yFTOVjSMV41WF2srbI3k0QVGoEaQ7r0tijCBnXil4QVwQ0ya1FW3g","e48856bbdbbb68291a2059fd540961ca213ee5b20b91a7a26bb8b59ae4b052b5");





INSERT INTO game(sport, time, date, playerCount, location, full) values("ultimate frisbee","22:00:00", "2016-5-12" , 10 , "Moody Colliseum" , FALSE);
INSERT INTO game(sport, time, date, playerCount, location, full) values("ultimate frisbee","09:30:00", "2016-7-11" , 15 , "Some Park" , FALSE);
INSERT INTO game(sport, time, date, playerCount, location, full) values("pool","14:20:00", "2016-5-12" , 10 , "Some Park" , FALSE);
INSERT INTO game(sport, time, date, playerCount, location, full) values("ultimate frisbee","21:05:00", "2016-3-28" , 10 , "Some Park" , FALSE);
INSERT INTO game(sport, time, date, playerCount, location, full) values("indoor soccer","14:20:00", "2016-5-18" , 15 , "Intramural Fields" , FALSE);
INSERT INTO game(sport, time, date, playerCount, location, full) values("soccer","09:30:00", "2016-7-11" , 6 , "Dedman" , FALSE);
INSERT INTO game(sport, time, date, playerCount, location, full) values("pool","22:00:00", "2016-4-14" , 6 , "Intramural Fields" , FALSE);
INSERT INTO game(sport, time, date, playerCount, location, full) values("pool","14:20:00", "2016-4-14" , 15 , "Some Park" , TRUE);
INSERT INTO game(sport, time, date, playerCount, location, full) values("squash","16:40:00", "2016-4-14" , 10 , "Dedman" , FALSE);
INSERT INTO game(sport, time, date, playerCount, location, full) values("soccer","12:30:00", "2016-5-12" , 10 , "Dedman" , FALSE);
INSERT INTO game(sport, time, date, playerCount, location, full) values("ping pong","18:15:00", "2016-4-11" , 2 , "Intramural Fields" , FALSE);
INSERT INTO game(sport, time, date, playerCount, location, full) values("indoor soccer","21:05:00", "2016-7-11" , 5 , "Dedman" , FALSE);
INSERT INTO game(sport, time, date, playerCount, location, full) values("squash","13:25:00", "2016-7-11" , 15 , "Moody Colliseum" , FALSE);
INSERT INTO game(sport, time, date, playerCount, location, full) values("indoor soccer","09:30:00", "2016-3-28" , 6 , "Dedman" , FALSE);
INSERT INTO game(sport, time, date, playerCount, location, full) values("squash","21:05:00", "2016-5-18" , 15 , "Intramural Fields" , FALSE);
INSERT INTO game(sport, time, date, playerCount, location, full) values("indoor soccer","14:20:00", "2016-4-11" , 6 , "Wescott Field" , FALSE);
INSERT INTO game(sport, time, date, playerCount, location, full) values("ping pong","13:25:00", "2016-4-14" , 6 , "Intramural Fields" , FALSE);
INSERT INTO game(sport, time, date, playerCount, location, full) values("ping pong","16:40:00", "2016-4-28" , 2 , "Dedman" , FALSE);
INSERT INTO game(sport, time, date, playerCount, location, full) values("squash","14:20:00", "2016-5-18" , 15 , "Wescott Field" , FALSE);
INSERT INTO game(sport, time, date, playerCount, location, full) values("squash","08:00:00", "2016-3-14" , 8 , "Wescott Field" , FALSE);
INSERT INTO game(sport, time, date, playerCount, location, full) values("soccer","09:30:00", "2016-5-18" , 2 , "Some Park" , FALSE);
INSERT INTO game(sport, time, date, playerCount, location, full) values("soccer","22:00:00", "2016-4-11" , 6 , "Dedman" , FALSE);
INSERT INTO game(sport, time, date, playerCount, location, full) values("ultimate frisbee","21:05:00", "2016-5-12" , 4 , "Moody Colliseum" , FALSE);
INSERT INTO game(sport, time, date, playerCount, location, full) values("tennis","21:05:00", "2016-3-28" , 5 , "Moody Colliseum" , FALSE);
INSERT INTO game(sport, time, date, playerCount, location, full) values("pool","09:30:00", "2016-5-18" , 15 , "Intramural Fields" , FALSE);
INSERT INTO game(sport, time, date, playerCount, location, full) values("basketball","09:30:00", "2016-5-18" , 5 , "Dedman" , FALSE);
INSERT INTO game(sport, time, date, playerCount, location, full) values("football","22:00:00", "2016-7-11" , 4 , "Dedman" , TRUE);
INSERT INTO game(sport, time, date, playerCount, location, full) values("pool","22:00:00", "2016-3-14" , 10 , "Moody Colliseum" , FALSE);
INSERT INTO game(sport, time, date, playerCount, location, full) values("tennis","21:05:00", "2016-5-12" , 5 , "Some Park" , FALSE);
INSERT INTO game(sport, time, date, playerCount, location, full) values("ping pong","18:15:00", "2016-4-28" , 6 , "Intramural Fields" , FALSE);
INSERT INTO game(sport, time, date, playerCount, location, full) values("ultimate frisbee","09:30:00", "2016-4-14" , 8 , "Moody Colliseum" , FALSE);
INSERT INTO game(sport, time, date, playerCount, location, full) values("football","08:00:00", "2016-7-11" , 15 , "Wescott Field" , FALSE);
INSERT INTO game(sport, time, date, playerCount, location, full) values("squash","12:30:00", "2016-3-14" , 5 , "Dedman" , FALSE);
INSERT INTO game(sport, time, date, playerCount, location, full) values("tennis","18:15:00", "2016-4-11" , 6 , "Wescott Field" , FALSE);
INSERT INTO game(sport, time, date, playerCount, location, full) values("pool","14:20:00", "2016-4-14" , 10 , "Wescott Field" , FALSE);
INSERT INTO game(sport, time, date, playerCount, location, full) values("indoor soccer","18:15:00", "2016-7-11" , 5 , "Wescott Field" , FALSE);
INSERT INTO game(sport, time, date, playerCount, location, full) values("ultimate frisbee","14:20:00", "2016-4-14" , 4 , "Moody Colliseum" , FALSE);
INSERT INTO game(sport, time, date, playerCount, location, full) values("indoor soccer","21:05:00", "2016-5-12" , 2 , "Wescott Field" , FALSE);
INSERT INTO game(sport, time, date, playerCount, location, full) values("pool","16:40:00", "2016-5-18" , 15 , "Some Park" , FALSE);
INSERT INTO game(sport, time, date, playerCount, location, full) values("basketball","14:20:00", "2016-4-28" , 15 , "Wescott Field" , FALSE);
INSERT INTO game(sport, time, date, playerCount, location, full) values("pool","08:00:00", "2016-4-14" , 15 , "Wescott Field" , FALSE);
INSERT INTO game(sport, time, date, playerCount, location, full) values("soccer","22:00:00", "2016-3-14" , 10 , "Wescott Field" , TRUE);
INSERT INTO game(sport, time, date, playerCount, location, full) values("basketball","14:20:00", "2016-4-28" , 8 , "Wescott Field" , FALSE);
INSERT INTO game(sport, time, date, playerCount, location, full) values("soccer","08:00:00", "2016-3-14" , 4 , "Moody Colliseum" , TRUE);
INSERT INTO game(sport, time, date, playerCount, location, full) values("basketball","13:25:00", "2016-5-18" , 8 , "Moody Colliseum" , FALSE);
INSERT INTO game(sport, time, date, playerCount, location, full) values("indoor soccer","13:25:00", "2016-3-28" , 6 , "Dedman" , FALSE);
INSERT INTO game(sport, time, date, playerCount, location, full) values("football","13:25:00", "2016-4-11" , 5 , "Intramural Fields" , FALSE);
INSERT INTO game(sport, time, date, playerCount, location, full) values("ping pong","14:20:00", "2016-4-28" , 6 , "Some Park" , FALSE);
INSERT INTO game(sport, time, date, playerCount, location, full) values("tennis","16:40:00", "2016-3-28" , 5 , "Intramural Fields" , FALSE);
INSERT INTO game(sport, time, date, playerCount, location, full) values("basketball","22:00:00", "2016-4-14" , 5 , "Intramural Fields" , FALSE);





INSERT INTO enlist values("MarkSmith33", 1 );
INSERT INTO enlist values("MaryKhan87", 1 );
INSERT INTO enlist values("JohnGabrielson69", 1 );
INSERT INTO enlist values("MaryCarter19", 1 );
INSERT INTO enlist values("BenBanbury57", 1 );
INSERT INTO enlist values("SarahKhan30", 1 );
INSERT INTO enlist values("MaryGoldman35", 1 );
INSERT INTO enlist values("IanStenbit79", 2 );
INSERT INTO enlist values("TimmothyMitchell54", 2 );
INSERT INTO enlist values("MattReiss3", 2 );
INSERT INTO enlist values("JenniferSmith18", 2 );
INSERT INTO enlist values("TomGabrielson20", 2 );
INSERT INTO enlist values("JackCarter8", 2 );
INSERT INTO enlist values("IanBanbury71", 2 );
INSERT INTO enlist values("MattGabrielson39", 2 );
INSERT INTO enlist values("JackBanbury31", 2 );
INSERT INTO enlist values("BenCarter52", 2 );
INSERT INTO enlist values("TomStenbit60", 2 );
INSERT INTO enlist values("MaryJohnson83", 2 );
INSERT INTO enlist values("JackBanbury31", 3 );
INSERT INTO enlist values("IanGoldman85", 3 );
INSERT INTO enlist values("TimmothyRenninger99", 3 );
INSERT INTO enlist values("IanRenninger11", 3 );
INSERT INTO enlist values("IanStenbit79", 3 );
INSERT INTO enlist values("MarkSmith40", 3 );
INSERT INTO enlist values("AllisonGoldman34", 3 );
INSERT INTO enlist values("GraceHansen45", 4 );
INSERT INTO enlist values("IanGoldman80", 4 );
INSERT INTO enlist values("TomStenbit60", 4 );
INSERT INTO enlist values("MaryBanbury93", 4 );
INSERT INTO enlist values("SarahGoldman91", 4 );
INSERT INTO enlist values("AllisonGabrielson38", 4 );
INSERT INTO enlist values("MarkReiss37", 4 );
INSERT INTO enlist values("SarahCohen28", 5 );
INSERT INTO enlist values("BobCohen61", 5 );
INSERT INTO enlist values("MarySmith5", 5 );
INSERT INTO enlist values("TimmothyMitchell54", 5 );
INSERT INTO enlist values("SarahBanbury66", 5 );
INSERT INTO enlist values("TimmothyRenninger58", 5 );
INSERT INTO enlist values("JenniferSmith18", 5 );
INSERT INTO enlist values("JonathanGabrielson90", 5 );
INSERT INTO enlist values("MaryCohen88", 5 );
INSERT INTO enlist values("MaryFontenot16", 5 );
INSERT INTO enlist values("MarkBanbury74", 5 );
INSERT INTO enlist values("GraceRenninger51", 5 );
INSERT INTO enlist values("AllisonMitchell70", 6 );
INSERT INTO enlist values("MaryBanbury46", 6 );
INSERT INTO enlist values("MarkJohnson36", 6 );
INSERT INTO enlist values("JackBanbury31", 7 );
INSERT INTO enlist values("IanBanbury71", 7 );
INSERT INTO enlist values("IanStenbit79", 7 );
INSERT INTO enlist values("MarkJohnson36", 8 );
INSERT INTO enlist values("TomFontenot55", 8 );
INSERT INTO enlist values("SarahMitchell42", 8 );
INSERT INTO enlist values("JackCarter8", 8 );
INSERT INTO enlist values("SarahGoldman43", 8 );
INSERT INTO enlist values("IanKhan47", 8 );
INSERT INTO enlist values("GraceRenninger49", 8 );
INSERT INTO enlist values("TimmothyHansen6", 8 );
INSERT INTO enlist values("KatyCarter97", 8 );
INSERT INTO enlist values("GraceStenbit14", 8 );
INSERT INTO enlist values("JackBanbury31", 8 );
INSERT INTO enlist values("TimmothyMitchell54", 8 );
INSERT INTO enlist values("AllisonGabrielson38", 8 );
INSERT INTO enlist values("JenniferStenbit25", 8 );
INSERT INTO enlist values("MaryBanbury93", 8 );
INSERT INTO enlist values("BenBanbury57", 9 );
INSERT INTO enlist values("MaryBanbury93", 9 );
INSERT INTO enlist values("MarkMitchell65", 9 );
INSERT INTO enlist values("MarySmith5", 9 );
INSERT INTO enlist values("JenniferGoldman0", 9 );
INSERT INTO enlist values("AllisonCohen56", 9 );
INSERT INTO enlist values("MarkSmith33", 9 );
INSERT INTO enlist values("SarahMitchell42", 10 );
INSERT INTO enlist values("JohnStenbit4", 10 );
INSERT INTO enlist values("MattReiss3", 10 );
INSERT INTO enlist values("IanRenninger29", 10 );
INSERT INTO enlist values("SarahBanbury66", 10 );
INSERT INTO enlist values("MarkSmith40", 10 );
INSERT INTO enlist values("SarahGoldman91", 10 );
INSERT INTO enlist values("MarySmith5", 12 );
INSERT INTO enlist values("GraceKhan92", 12 );
INSERT INTO enlist values("JackReiss17", 13 );
INSERT INTO enlist values("MaryBanbury46", 13 );
INSERT INTO enlist values("MattGabrielson39", 13 );
INSERT INTO enlist values("JenniferGoldman0", 13 );
INSERT INTO enlist values("GraceStenbit14", 13 );
INSERT INTO enlist values("GraceRenninger51", 13 );
INSERT INTO enlist values("MarkJohnson36", 13 );
INSERT INTO enlist values("IanStenbit79", 13 );
INSERT INTO enlist values("AllisonGabrielson64", 13 );
INSERT INTO enlist values("JenniferSmith18", 13 );
INSERT INTO enlist values("AllisonGabrielson38", 13 );
INSERT INTO enlist values("IanRenninger29", 13 );
INSERT INTO enlist values("SarahMitchell42", 14 );
INSERT INTO enlist values("TimmothyHansen95", 14 );
INSERT INTO enlist values("KatyCarter97", 14 );
INSERT INTO enlist values("MaryBanbury76", 15 );
INSERT INTO enlist values("MaryGoldman35", 15 );
INSERT INTO enlist values("BobRenninger67", 15 );
INSERT INTO enlist values("IanBanbury71", 15 );
INSERT INTO enlist values("TimmothyCohen9", 15 );
INSERT INTO enlist values("JenniferSmith21", 15 );
INSERT INTO enlist values("TomFontenot72", 15 );
INSERT INTO enlist values("TimmothyMitchell48", 15 );
INSERT INTO enlist values("AllisonGabrielson64", 15 );
INSERT INTO enlist values("TimmothyHansen6", 15 );
INSERT INTO enlist values("IanKhan47", 15 );
INSERT INTO enlist values("MaryJohnson83", 15 );
INSERT INTO enlist values("AllisonCohen56", 16 );
INSERT INTO enlist values("IanGoldman80", 16 );
INSERT INTO enlist values("TomCohen77", 16 );
INSERT INTO enlist values("TomSmith68", 17 );
INSERT INTO enlist values("SarahGoldman94", 17 );
INSERT INTO enlist values("MaryJohnson83", 17 );
INSERT INTO enlist values("AllisonFontenot81", 19 );
INSERT INTO enlist values("TimmothyMitchell48", 19 );
INSERT INTO enlist values("IanRenninger29", 19 );
INSERT INTO enlist values("IanGoldman80", 19 );
INSERT INTO enlist values("GraceFontenot15", 19 );
INSERT INTO enlist values("JenniferMitchell12", 19 );
INSERT INTO enlist values("JenniferSmith18", 19 );
INSERT INTO enlist values("MaryJohnson83", 19 );
INSERT INTO enlist values("TimmothyHansen6", 19 );
INSERT INTO enlist values("MaryBanbury76", 19 );
INSERT INTO enlist values("TomGabrielson20", 19 );
INSERT INTO enlist values("IanRenninger11", 19 );
INSERT INTO enlist values("SarahBanbury41", 20 );
INSERT INTO enlist values("MaryFontenot16", 20 );
INSERT INTO enlist values("SarahBanbury66", 20 );
INSERT INTO enlist values("SarahMitchell42", 20 );
INSERT INTO enlist values("JenniferSmith18", 20 );
INSERT INTO enlist values("MaryBanbury93", 22 );
INSERT INTO enlist values("MarkReiss37", 22 );
INSERT INTO enlist values("AllisonGabrielson64", 22 );
INSERT INTO enlist values("SarahBanbury66", 23 );
INSERT INTO enlist values("MarkMitchell78", 24 );
INSERT INTO enlist values("MaryBanbury46", 24 );
INSERT INTO enlist values("JackStenbit86", 25 );
INSERT INTO enlist values("GraceRenninger51", 25 );
INSERT INTO enlist values("IanRenninger29", 25 );
INSERT INTO enlist values("AllisonMitchell70", 25 );
INSERT INTO enlist values("GraceMitchell7", 25 );
INSERT INTO enlist values("MaryKhan87", 25 );
INSERT INTO enlist values("JohnGabrielson69", 25 );
INSERT INTO enlist values("TimmothyRenninger99", 25 );
INSERT INTO enlist values("GraceFontenot15", 25 );
INSERT INTO enlist values("GraceReiss84", 25 );
INSERT INTO enlist values("SarahMitchell42", 25 );
INSERT INTO enlist values("JenniferGoldman0", 25 );
INSERT INTO enlist values("SarahRenninger22", 26 );
INSERT INTO enlist values("MarkCarter75", 26 );
INSERT INTO enlist values("MaryBanbury46", 27 );
INSERT INTO enlist values("IanKhan47", 27 );
INSERT INTO enlist values("IanBanbury71", 27 );
INSERT INTO enlist values("BobCohen50", 27 );
INSERT INTO enlist values("JonathanKhan82", 28 );
INSERT INTO enlist values("JonathanMitchell23", 28 );
INSERT INTO enlist values("MaryBanbury46", 28 );
INSERT INTO enlist values("MarkMitchell65", 28 );
INSERT INTO enlist values("MarkJohnson36", 28 );
INSERT INTO enlist values("GraceKhan92", 28 );
INSERT INTO enlist values("TimmothyMitchell48", 28 );
INSERT INTO enlist values("BenCarter52", 29 );
INSERT INTO enlist values("GraceMitchell7", 29 );
INSERT INTO enlist values("IanStenbit79", 30 );
INSERT INTO enlist values("MarkJohnson36", 30 );
INSERT INTO enlist values("BobCohen50", 30 );
INSERT INTO enlist values("IanKhan47", 31 );
INSERT INTO enlist values("SarahBanbury66", 31 );
INSERT INTO enlist values("MarkCarter75", 31 );
INSERT INTO enlist values("TomStenbit60", 31 );
INSERT INTO enlist values("GraceStenbit14", 31 );
INSERT INTO enlist values("SarahBanbury66", 32 );
INSERT INTO enlist values("TimmothyHansen95", 32 );
INSERT INTO enlist values("IanKhan47", 32 );
INSERT INTO enlist values("JonathanMitchell23", 32 );
INSERT INTO enlist values("TimmothyHansen6", 32 );
INSERT INTO enlist values("TomCohen77", 32 );
INSERT INTO enlist values("SarahMitchell42", 32 );
INSERT INTO enlist values("JohnGabrielson69", 32 );
INSERT INTO enlist values("MattGabrielson39", 32 );
INSERT INTO enlist values("JonathanGabrielson90", 32 );
INSERT INTO enlist values("MaryBanbury93", 32 );
INSERT INTO enlist values("MarkJohnson36", 32 );
INSERT INTO enlist values("GraceReiss84", 33 );
INSERT INTO enlist values("JackStenbit86", 33 );
INSERT INTO enlist values("MaryBanbury76", 34 );
INSERT INTO enlist values("JenniferCohen27", 34 );
INSERT INTO enlist values("JohnHansen73", 34 );
INSERT INTO enlist values("TimmothyMitchell48", 35 );
INSERT INTO enlist values("KatyCarter97", 35 );
INSERT INTO enlist values("TimmothyHansen6", 35 );
INSERT INTO enlist values("BobKhan62", 35 );
INSERT INTO enlist values("JenniferStenbit25", 35 );
INSERT INTO enlist values("AllisonGabrielson38", 35 );
INSERT INTO enlist values("SarahBanbury66", 35 );
INSERT INTO enlist values("AllisonGabrielson38", 36 );
INSERT INTO enlist values("GraceGabrielson53", 36 );
INSERT INTO enlist values("JohnGabrielson24", 37 );
INSERT INTO enlist values("MaryBanbury76", 39 );
INSERT INTO enlist values("TomStenbit60", 39 );
INSERT INTO enlist values("JackCarter8", 39 );
INSERT INTO enlist values("BobRenninger67", 39 );
INSERT INTO enlist values("MarkJohnson36", 39 );
INSERT INTO enlist values("JackStenbit89", 39 );
INSERT INTO enlist values("BobGabrielson13", 39 );
INSERT INTO enlist values("GraceFontenot15", 39 );
INSERT INTO enlist values("JohnKhan96", 39 );
INSERT INTO enlist values("JenniferCohen27", 39 );
INSERT INTO enlist values("MattReiss3", 39 );
INSERT INTO enlist values("JenniferStenbit25", 39 );
INSERT INTO enlist values("TimmothyRenninger99", 40 );
INSERT INTO enlist values("JohnHansen73", 40 );
INSERT INTO enlist values("JohnGabrielson69", 40 );
INSERT INTO enlist values("JonathanKhan82", 40 );
INSERT INTO enlist values("JenniferCohen27", 40 );
INSERT INTO enlist values("JackBanbury31", 40 );
INSERT INTO enlist values("SarahKhan30", 40 );
INSERT INTO enlist values("MarkMitchell65", 40 );
INSERT INTO enlist values("JackStenbit89", 40 );
INSERT INTO enlist values("BobRenninger67", 40 );
INSERT INTO enlist values("AllisonMitchell70", 40 );
INSERT INTO enlist values("TomCohen77", 40 );
INSERT INTO enlist values("MaryCohen88", 41 );
INSERT INTO enlist values("TimmothyHansen6", 41 );
INSERT INTO enlist values("AllisonGabrielson64", 41 );
INSERT INTO enlist values("TomGabrielson20", 41 );
INSERT INTO enlist values("JohnGoldman98", 41 );
INSERT INTO enlist values("SarahGoldman43", 41 );
INSERT INTO enlist values("SarahBanbury41", 41 );
INSERT INTO enlist values("JackReiss17", 41 );
INSERT INTO enlist values("BobKhan62", 41 );
INSERT INTO enlist values("IanBanbury71", 41 );
INSERT INTO enlist values("MaryCarter19", 41 );
INSERT INTO enlist values("SarahRenninger22", 41 );
INSERT INTO enlist values("IanRenninger29", 42 );
INSERT INTO enlist values("JonathanGabrielson90", 42 );
INSERT INTO enlist values("JenniferSmith21", 42 );
INSERT INTO enlist values("TimmothyRenninger99", 42 );
INSERT INTO enlist values("MarkMitchell65", 42 );
INSERT INTO enlist values("TomStenbit60", 42 );
INSERT INTO enlist values("IanGoldman85", 42 );
INSERT INTO enlist values("SarahMitchell42", 42 );
INSERT INTO enlist values("JenniferCohen27", 42 );
INSERT INTO enlist values("SarahGoldman91", 42 );
INSERT INTO enlist values("SarahGoldman91", 43 );
INSERT INTO enlist values("AllisonGabrielson38", 43 );
INSERT INTO enlist values("JohnGabrielson69", 43 );
INSERT INTO enlist values("SarahGoldman94", 43 );
INSERT INTO enlist values("TomCohen77", 43 );
INSERT INTO enlist values("TimmothyHansen6", 44 );
INSERT INTO enlist values("JackCarter8", 44 );
INSERT INTO enlist values("MaryCohen88", 44 );
INSERT INTO enlist values("GraceGabrielson53", 44 );
INSERT INTO enlist values("JenniferSmith21", 45 );
INSERT INTO enlist values("TimmothyRenninger99", 45 );
INSERT INTO enlist values("MarkBanbury74", 45 );
INSERT INTO enlist values("JonathanMitchell44", 45 );
INSERT INTO enlist values("KatyCarter97", 45 );
INSERT INTO enlist values("MarkMitchell78", 46 );
INSERT INTO enlist values("GraceFontenot15", 46 );
INSERT INTO enlist values("JackStenbit86", 46 );
INSERT INTO enlist values("SarahMitchell42", 47 );
INSERT INTO enlist values("JackStenbit86", 47 );
INSERT INTO enlist values("JohnStenbit4", 48 );
INSERT INTO enlist values("BobCohen61", 48 );
INSERT INTO enlist values("IanSmith26", 48 );
INSERT INTO enlist values("MaryBanbury93", 49 );
INSERT INTO enlist values("JohnGoldman98", 49 );
INSERT INTO enlist values("SarahGoldman94", 50 );
INSERT INTO enlist values("MarkReiss37", 50 );
INSERT INTO sportPreference(username, sport) values("JenniferGoldman0", "ping pong");
INSERT INTO sportPreference(username, sport) values("JenniferGoldman0", "tennis");
INSERT INTO sportPreference(username, sport) values("JenniferGoldman0", "basketball");
INSERT INTO sportPreference(username, sport) values("JenniferGoldman0", "soccer");
INSERT INTO sportPreference(username, sport) values("IanJohnson1", "basketball");
INSERT INTO sportPreference(username, sport) values("IanJohnson1", "tennis");
INSERT INTO sportPreference(username, sport) values("IanJohnson1", "squash");
INSERT INTO sportPreference(username, sport) values("TomRenninger2", "indoor soccer");
INSERT INTO sportPreference(username, sport) values("TomRenninger2", "football");
INSERT INTO sportPreference(username, sport) values("TomRenninger2", "pool");
INSERT INTO sportPreference(username, sport) values("TomRenninger2", "basketball");
INSERT INTO sportPreference(username, sport) values("MattReiss3", "ping pong");
INSERT INTO sportPreference(username, sport) values("MattReiss3", "football");
INSERT INTO sportPreference(username, sport) values("MattReiss3", "basketball");
INSERT INTO sportPreference(username, sport) values("JohnStenbit4", "soccer");
INSERT INTO sportPreference(username, sport) values("MarySmith5", "basketball");
INSERT INTO sportPreference(username, sport) values("MarySmith5", "ping pong");
INSERT INTO sportPreference(username, sport) values("MarySmith5", "squash");
INSERT INTO sportPreference(username, sport) values("MarySmith5", "soccer");
INSERT INTO sportPreference(username, sport) values("TimmothyHansen6", "tennis");
INSERT INTO sportPreference(username, sport) values("TimmothyHansen6", "pool");
INSERT INTO sportPreference(username, sport) values("TimmothyHansen6", "ultimate frisbee");
INSERT INTO sportPreference(username, sport) values("TimmothyHansen6", "soccer");
INSERT INTO sportPreference(username, sport) values("GraceMitchell7", "squash");
INSERT INTO sportPreference(username, sport) values("GraceMitchell7", "ping pong");
INSERT INTO sportPreference(username, sport) values("GraceMitchell7", "ultimate frisbee");
INSERT INTO sportPreference(username, sport) values("JackCarter8", "basketball");
INSERT INTO sportPreference(username, sport) values("JackCarter8", "ping pong");
INSERT INTO sportPreference(username, sport) values("JackCarter8", "tennis");
INSERT INTO sportPreference(username, sport) values("JackCarter8", "soccer");
INSERT INTO sportPreference(username, sport) values("TimmothyCohen9", "basketball");
INSERT INTO sportPreference(username, sport) values("TimmothyCohen9", "indoor soccer");
INSERT INTO sportPreference(username, sport) values("TimmothyCohen9", "ultimate frisbee");
INSERT INTO sportPreference(username, sport) values("KatyJohnson10", "tennis");
INSERT INTO sportPreference(username, sport) values("KatyJohnson10", "squash");
INSERT INTO sportPreference(username, sport) values("IanRenninger11", "indoor soccer");
INSERT INTO sportPreference(username, sport) values("JenniferMitchell12", "ping pong");
INSERT INTO sportPreference(username, sport) values("JenniferMitchell12", "ultimate frisbee");
INSERT INTO sportPreference(username, sport) values("JenniferMitchell12", "squash");
INSERT INTO sportPreference(username, sport) values("JenniferMitchell12", "tennis");
INSERT INTO sportPreference(username, sport) values("BobGabrielson13", "tennis");
INSERT INTO sportPreference(username, sport) values("BobGabrielson13", "soccer");
INSERT INTO sportPreference(username, sport) values("GraceStenbit14", "squash");
INSERT INTO sportPreference(username, sport) values("GraceFontenot15", "basketball");
INSERT INTO sportPreference(username, sport) values("GraceFontenot15", "ping pong");
INSERT INTO sportPreference(username, sport) values("MaryFontenot16", "indoor soccer");
INSERT INTO sportPreference(username, sport) values("MaryFontenot16", "ultimate frisbee");
INSERT INTO sportPreference(username, sport) values("JackReiss17", "pool");
INSERT INTO sportPreference(username, sport) values("JackReiss17", "tennis");
INSERT INTO sportPreference(username, sport) values("JackReiss17", "football");
INSERT INTO sportPreference(username, sport) values("JackReiss17", "squash");
INSERT INTO sportPreference(username, sport) values("JenniferSmith18", "football");
INSERT INTO sportPreference(username, sport) values("JenniferSmith18", "indoor soccer");
INSERT INTO sportPreference(username, sport) values("JenniferSmith18", "soccer");
INSERT INTO sportPreference(username, sport) values("JenniferSmith18", "squash");
INSERT INTO sportPreference(username, sport) values("MaryCarter19", "indoor soccer");
INSERT INTO sportPreference(username, sport) values("TomGabrielson20", "pool");
INSERT INTO sportPreference(username, sport) values("TomGabrielson20", "tennis");
INSERT INTO sportPreference(username, sport) values("TomGabrielson20", "basketball");
INSERT INTO sportPreference(username, sport) values("TomGabrielson20", "soccer");
INSERT INTO sportPreference(username, sport) values("JenniferSmith21", "ultimate frisbee");
INSERT INTO sportPreference(username, sport) values("JenniferSmith21", "squash");
INSERT INTO sportPreference(username, sport) values("JenniferSmith21", "basketball");
INSERT INTO sportPreference(username, sport) values("JenniferSmith21", "football");
INSERT INTO sportPreference(username, sport) values("SarahRenninger22", "squash");
INSERT INTO sportPreference(username, sport) values("SarahRenninger22", "pool");
INSERT INTO sportPreference(username, sport) values("SarahRenninger22", "basketball");
INSERT INTO sportPreference(username, sport) values("JonathanMitchell23", "indoor soccer");
INSERT INTO sportPreference(username, sport) values("JonathanMitchell23", "football");
INSERT INTO sportPreference(username, sport) values("JonathanMitchell23", "tennis");
INSERT INTO sportPreference(username, sport) values("JonathanMitchell23", "ultimate frisbee");
INSERT INTO sportPreference(username, sport) values("JohnGabrielson24", "squash");
INSERT INTO sportPreference(username, sport) values("JohnGabrielson24", "ultimate frisbee");
INSERT INTO sportPreference(username, sport) values("JohnGabrielson24", "tennis");
INSERT INTO sportPreference(username, sport) values("JenniferStenbit25", "tennis");
INSERT INTO sportPreference(username, sport) values("IanSmith26", "indoor soccer");
INSERT INTO sportPreference(username, sport) values("IanSmith26", "soccer");
INSERT INTO sportPreference(username, sport) values("IanSmith26", "ultimate frisbee");
INSERT INTO sportPreference(username, sport) values("IanSmith26", "tennis");
INSERT INTO sportPreference(username, sport) values("JenniferCohen27", "soccer");
INSERT INTO sportPreference(username, sport) values("JenniferCohen27", "tennis");
INSERT INTO sportPreference(username, sport) values("JenniferCohen27", "pool");
INSERT INTO sportPreference(username, sport) values("JenniferCohen27", "basketball");
INSERT INTO sportPreference(username, sport) values("SarahCohen28", "soccer");
INSERT INTO sportPreference(username, sport) values("SarahCohen28", "ultimate frisbee");
INSERT INTO sportPreference(username, sport) values("SarahCohen28", "pool");
INSERT INTO sportPreference(username, sport) values("IanRenninger29", "basketball");
INSERT INTO sportPreference(username, sport) values("IanRenninger29", "ultimate frisbee");
INSERT INTO sportPreference(username, sport) values("SarahKhan30", "ultimate frisbee");
INSERT INTO sportPreference(username, sport) values("SarahKhan30", "ping pong");
INSERT INTO sportPreference(username, sport) values("SarahKhan30", "pool");
INSERT INTO sportPreference(username, sport) values("SarahKhan30", "indoor soccer");
INSERT INTO sportPreference(username, sport) values("JackBanbury31", "tennis");
INSERT INTO sportPreference(username, sport) values("JackBanbury31", "soccer");
INSERT INTO sportPreference(username, sport) values("JackBanbury31", "basketball");
INSERT INTO sportPreference(username, sport) values("JackGoldman32", "ping pong");
INSERT INTO sportPreference(username, sport) values("JackGoldman32", "indoor soccer");
INSERT INTO sportPreference(username, sport) values("JackGoldman32", "tennis");
INSERT INTO sportPreference(username, sport) values("JackGoldman32", "ultimate frisbee");
INSERT INTO sportPreference(username, sport) values("MarkSmith33", "indoor soccer");
INSERT INTO sportPreference(username, sport) values("MarkSmith33", "ultimate frisbee");
INSERT INTO sportPreference(username, sport) values("AllisonGoldman34", "pool");
INSERT INTO sportPreference(username, sport) values("MaryGoldman35", "tennis");
INSERT INTO sportPreference(username, sport) values("MaryGoldman35", "pool");
INSERT INTO sportPreference(username, sport) values("MaryGoldman35", "soccer");
INSERT INTO sportPreference(username, sport) values("MarkJohnson36", "tennis");
INSERT INTO sportPreference(username, sport) values("MarkJohnson36", "indoor soccer");
INSERT INTO sportPreference(username, sport) values("MarkJohnson36", "football");
INSERT INTO sportPreference(username, sport) values("MarkReiss37", "squash");
INSERT INTO sportPreference(username, sport) values("MarkReiss37", "ping pong");
INSERT INTO sportPreference(username, sport) values("MarkReiss37", "tennis");
INSERT INTO sportPreference(username, sport) values("MarkReiss37", "football");
INSERT INTO sportPreference(username, sport) values("AllisonGabrielson38", "squash");
INSERT INTO sportPreference(username, sport) values("AllisonGabrielson38", "football");
INSERT INTO sportPreference(username, sport) values("AllisonGabrielson38", "pool");
INSERT INTO sportPreference(username, sport) values("AllisonGabrielson38", "ping pong");
INSERT INTO sportPreference(username, sport) values("MattGabrielson39", "ultimate frisbee");
INSERT INTO sportPreference(username, sport) values("MattGabrielson39", "ping pong");
INSERT INTO sportPreference(username, sport) values("MarkSmith40", "basketball");
INSERT INTO sportPreference(username, sport) values("MarkSmith40", "pool");
INSERT INTO sportPreference(username, sport) values("SarahBanbury41", "basketball");
INSERT INTO sportPreference(username, sport) values("SarahBanbury41", "ping pong");
INSERT INTO sportPreference(username, sport) values("SarahMitchell42", "soccer");
INSERT INTO sportPreference(username, sport) values("SarahMitchell42", "basketball");
INSERT INTO sportPreference(username, sport) values("SarahGoldman43", "basketball");
INSERT INTO sportPreference(username, sport) values("JonathanMitchell44", "indoor soccer");
INSERT INTO sportPreference(username, sport) values("JonathanMitchell44", "tennis");
INSERT INTO sportPreference(username, sport) values("JonathanMitchell44", "ultimate frisbee");
INSERT INTO sportPreference(username, sport) values("JonathanMitchell44", "basketball");
INSERT INTO sportPreference(username, sport) values("GraceHansen45", "pool");
INSERT INTO sportPreference(username, sport) values("GraceHansen45", "ultimate frisbee");
INSERT INTO sportPreference(username, sport) values("MaryBanbury46", "ultimate frisbee");
INSERT INTO sportPreference(username, sport) values("IanKhan47", "football");
INSERT INTO sportPreference(username, sport) values("IanKhan47", "ultimate frisbee");
INSERT INTO sportPreference(username, sport) values("TimmothyMitchell48", "pool");
INSERT INTO sportPreference(username, sport) values("GraceRenninger49", "basketball");
INSERT INTO sportPreference(username, sport) values("GraceRenninger49", "indoor soccer");
INSERT INTO sportPreference(username, sport) values("BobCohen50", "football");
INSERT INTO sportPreference(username, sport) values("GraceRenninger51", "pool");
INSERT INTO sportPreference(username, sport) values("GraceRenninger51", "ultimate frisbee");
INSERT INTO sportPreference(username, sport) values("GraceRenninger51", "basketball");
INSERT INTO sportPreference(username, sport) values("GraceRenninger51", "indoor soccer");
INSERT INTO sportPreference(username, sport) values("BenCarter52", "soccer");
INSERT INTO sportPreference(username, sport) values("GraceGabrielson53", "tennis");
INSERT INTO sportPreference(username, sport) values("GraceGabrielson53", "indoor soccer");
INSERT INTO sportPreference(username, sport) values("TimmothyMitchell54", "football");
INSERT INTO sportPreference(username, sport) values("TomFontenot55", "ultimate frisbee");
INSERT INTO sportPreference(username, sport) values("AllisonCohen56", "football");
INSERT INTO sportPreference(username, sport) values("BenBanbury57", "indoor soccer");
INSERT INTO sportPreference(username, sport) values("BenBanbury57", "squash");
INSERT INTO sportPreference(username, sport) values("BenBanbury57", "football");
INSERT INTO sportPreference(username, sport) values("BenBanbury57", "ultimate frisbee");
INSERT INTO sportPreference(username, sport) values("TimmothyRenninger58", "pool");
INSERT INTO sportPreference(username, sport) values("TimmothyRenninger58", "indoor soccer");
INSERT INTO sportPreference(username, sport) values("TimmothyRenninger58", "tennis");
INSERT INTO sportPreference(username, sport) values("MattReiss59", "indoor soccer");
INSERT INTO sportPreference(username, sport) values("MattReiss59", "soccer");
INSERT INTO sportPreference(username, sport) values("MattReiss59", "basketball");
INSERT INTO sportPreference(username, sport) values("TomStenbit60", "football");
INSERT INTO sportPreference(username, sport) values("BobCohen61", "indoor soccer");
INSERT INTO sportPreference(username, sport) values("BobCohen61", "basketball");
INSERT INTO sportPreference(username, sport) values("BobCohen61", "squash");
INSERT INTO sportPreference(username, sport) values("BobKhan62", "ultimate frisbee");
INSERT INTO sportPreference(username, sport) values("BobKhan62", "squash");
INSERT INTO sportPreference(username, sport) values("JackGoldman63", "ultimate frisbee");
INSERT INTO sportPreference(username, sport) values("JackGoldman63", "pool");
INSERT INTO sportPreference(username, sport) values("JackGoldman63", "squash");
INSERT INTO sportPreference(username, sport) values("AllisonGabrielson64", "ultimate frisbee");
INSERT INTO sportPreference(username, sport) values("AllisonGabrielson64", "squash");
INSERT INTO sportPreference(username, sport) values("MarkMitchell65", "soccer");
INSERT INTO sportPreference(username, sport) values("MarkMitchell65", "squash");
INSERT INTO sportPreference(username, sport) values("MarkMitchell65", "football");
INSERT INTO sportPreference(username, sport) values("MarkMitchell65", "indoor soccer");
INSERT INTO sportPreference(username, sport) values("SarahBanbury66", "football");
INSERT INTO sportPreference(username, sport) values("SarahBanbury66", "basketball");
INSERT INTO sportPreference(username, sport) values("BobRenninger67", "soccer");
INSERT INTO sportPreference(username, sport) values("BobRenninger67", "pool");
INSERT INTO sportPreference(username, sport) values("BobRenninger67", "squash");
INSERT INTO sportPreference(username, sport) values("TomSmith68", "indoor soccer");
INSERT INTO sportPreference(username, sport) values("JohnGabrielson69", "ping pong");
INSERT INTO sportPreference(username, sport) values("JohnGabrielson69", "basketball");
INSERT INTO sportPreference(username, sport) values("JohnGabrielson69", "football");
INSERT INTO sportPreference(username, sport) values("JohnGabrielson69", "soccer");
INSERT INTO sportPreference(username, sport) values("AllisonMitchell70", "soccer");
INSERT INTO sportPreference(username, sport) values("AllisonMitchell70", "indoor soccer");
INSERT INTO sportPreference(username, sport) values("AllisonMitchell70", "football");
INSERT INTO sportPreference(username, sport) values("AllisonMitchell70", "basketball");
INSERT INTO sportPreference(username, sport) values("IanBanbury71", "basketball");
INSERT INTO sportPreference(username, sport) values("IanBanbury71", "tennis");
INSERT INTO sportPreference(username, sport) values("TomFontenot72", "tennis");
INSERT INTO sportPreference(username, sport) values("TomFontenot72", "indoor soccer");
INSERT INTO sportPreference(username, sport) values("TomFontenot72", "squash");
INSERT INTO sportPreference(username, sport) values("JohnHansen73", "ping pong");
INSERT INTO sportPreference(username, sport) values("JohnHansen73", "football");
INSERT INTO sportPreference(username, sport) values("MarkBanbury74", "basketball");
INSERT INTO sportPreference(username, sport) values("MarkBanbury74", "soccer");
INSERT INTO sportPreference(username, sport) values("MarkBanbury74", "ultimate frisbee");
INSERT INTO sportPreference(username, sport) values("MarkCarter75", "indoor soccer");
INSERT INTO sportPreference(username, sport) values("MarkCarter75", "squash");
INSERT INTO sportPreference(username, sport) values("MaryBanbury76", "ultimate frisbee");
INSERT INTO sportPreference(username, sport) values("MaryBanbury76", "pool");
INSERT INTO sportPreference(username, sport) values("TomCohen77", "football");
INSERT INTO sportPreference(username, sport) values("TomCohen77", "basketball");
INSERT INTO sportPreference(username, sport) values("TomCohen77", "tennis");
INSERT INTO sportPreference(username, sport) values("TomCohen77", "soccer");
INSERT INTO sportPreference(username, sport) values("MarkMitchell78", "pool");
INSERT INTO sportPreference(username, sport) values("MarkMitchell78", "ping pong");
INSERT INTO sportPreference(username, sport) values("IanStenbit79", "ping pong");
INSERT INTO sportPreference(username, sport) values("IanGoldman80", "football");
INSERT INTO sportPreference(username, sport) values("IanGoldman80", "soccer");
INSERT INTO sportPreference(username, sport) values("IanGoldman80", "ping pong");
INSERT INTO sportPreference(username, sport) values("IanGoldman80", "ultimate frisbee");
INSERT INTO sportPreference(username, sport) values("AllisonFontenot81", "pool");
INSERT INTO sportPreference(username, sport) values("AllisonFontenot81", "soccer");
INSERT INTO sportPreference(username, sport) values("JonathanKhan82", "squash");
INSERT INTO sportPreference(username, sport) values("JonathanKhan82", "pool");
INSERT INTO sportPreference(username, sport) values("JonathanKhan82", "football");
INSERT INTO sportPreference(username, sport) values("JonathanKhan82", "ping pong");
INSERT INTO sportPreference(username, sport) values("MaryJohnson83", "indoor soccer");
INSERT INTO sportPreference(username, sport) values("MaryJohnson83", "ultimate frisbee");
INSERT INTO sportPreference(username, sport) values("MaryJohnson83", "basketball");
INSERT INTO sportPreference(username, sport) values("GraceReiss84", "squash");
INSERT INTO sportPreference(username, sport) values("GraceReiss84", "football");
INSERT INTO sportPreference(username, sport) values("GraceReiss84", "indoor soccer");
INSERT INTO sportPreference(username, sport) values("GraceReiss84", "basketball");
INSERT INTO sportPreference(username, sport) values("IanGoldman85", "football");
INSERT INTO sportPreference(username, sport) values("IanGoldman85", "indoor soccer");
INSERT INTO sportPreference(username, sport) values("IanGoldman85", "basketball");
INSERT INTO sportPreference(username, sport) values("JackStenbit86", "pool");
INSERT INTO sportPreference(username, sport) values("JackStenbit86", "soccer");
INSERT INTO sportPreference(username, sport) values("JackStenbit86", "squash");
INSERT INTO sportPreference(username, sport) values("JackStenbit86", "tennis");
INSERT INTO sportPreference(username, sport) values("MaryKhan87", "soccer");
INSERT INTO sportPreference(username, sport) values("MaryKhan87", "basketball");
INSERT INTO sportPreference(username, sport) values("MaryKhan87", "indoor soccer");
INSERT INTO sportPreference(username, sport) values("MaryCohen88", "tennis");
INSERT INTO sportPreference(username, sport) values("MaryCohen88", "soccer");
INSERT INTO sportPreference(username, sport) values("MaryCohen88", "squash");
INSERT INTO sportPreference(username, sport) values("MaryCohen88", "ping pong");
INSERT INTO sportPreference(username, sport) values("JackStenbit89", "ultimate frisbee");
INSERT INTO sportPreference(username, sport) values("JonathanGabrielson90", "pool");
INSERT INTO sportPreference(username, sport) values("JonathanGabrielson90", "squash");
INSERT INTO sportPreference(username, sport) values("JonathanGabrielson90", "ping pong");
INSERT INTO sportPreference(username, sport) values("SarahGoldman91", "tennis");
INSERT INTO sportPreference(username, sport) values("SarahGoldman91", "pool");
INSERT INTO sportPreference(username, sport) values("GraceKhan92", "indoor soccer");
INSERT INTO sportPreference(username, sport) values("MaryBanbury93", "squash");
INSERT INTO sportPreference(username, sport) values("SarahGoldman94", "basketball");
INSERT INTO sportPreference(username, sport) values("SarahGoldman94", "ping pong");
INSERT INTO sportPreference(username, sport) values("TimmothyHansen95", "soccer");
INSERT INTO sportPreference(username, sport) values("TimmothyHansen95", "ultimate frisbee");
INSERT INTO sportPreference(username, sport) values("JohnKhan96", "pool");
INSERT INTO sportPreference(username, sport) values("JohnKhan96", "football");
INSERT INTO sportPreference(username, sport) values("KatyCarter97", "soccer");
INSERT INTO sportPreference(username, sport) values("KatyCarter97", "ping pong");
INSERT INTO sportPreference(username, sport) values("JohnGoldman98", "ping pong");
INSERT INTO sportPreference(username, sport) values("JohnGoldman98", "soccer");
INSERT INTO sportPreference(username, sport) values("TimmothyRenninger99", "indoor soccer");
INSERT INTO sportPreference(username, sport) values("TimmothyRenninger99", "soccer");
INSERT INTO sportPreference(username, sport) values("TimmothyRenninger99", "ultimate frisbee");





INSERT INTO chat(username, gameID, message) values("MaryBanbury76", 1, "Lorem Ipsum, yo! 0");
INSERT INTO chat(username, gameID, message) values("JonathanKhan82", 1, "Lorem Ipsum, yo! 1");
INSERT INTO chat(username, gameID, message) values("BenBanbury57", 1, "Lorem Ipsum, yo! 2");
INSERT INTO chat(username, gameID, message) values("GraceHansen45", 1, "Lorem Ipsum, yo! 3");
INSERT INTO chat(username, gameID, message) values("AllisonGabrielson38", 1, "Lorem Ipsum, yo! 4");
INSERT INTO chat(username, gameID, message) values("JackStenbit86", 1, "Lorem Ipsum, yo! 5");
INSERT INTO chat(username, gameID, message) values("BenCarter52", 2, "Lorem Ipsum, yo! 0");
INSERT INTO chat(username, gameID, message) values("MaryBanbury93", 2, "Lorem Ipsum, yo! 1");
INSERT INTO chat(username, gameID, message) values("TimmothyMitchell54", 2, "Lorem Ipsum, yo! 2");
INSERT INTO chat(username, gameID, message) values("MarkJohnson36", 2, "Lorem Ipsum, yo! 3");
INSERT INTO chat(username, gameID, message) values("JenniferMitchell12", 2, "Lorem Ipsum, yo! 4");
INSERT INTO chat(username, gameID, message) values("MattReiss59", 2, "Lorem Ipsum, yo! 5");
INSERT INTO chat(username, gameID, message) values("JohnGoldman98", 3, "Lorem Ipsum, yo! 0");
INSERT INTO chat(username, gameID, message) values("JackStenbit86", 3, "Lorem Ipsum, yo! 1");
INSERT INTO chat(username, gameID, message) values("KatyCarter97", 3, "Lorem Ipsum, yo! 2");
INSERT INTO chat(username, gameID, message) values("JohnGabrielson24", 3, "Lorem Ipsum, yo! 3");
INSERT INTO chat(username, gameID, message) values("AllisonCohen56", 4, "Lorem Ipsum, yo! 0");
INSERT INTO chat(username, gameID, message) values("BobGabrielson13", 4, "Lorem Ipsum, yo! 1");
INSERT INTO chat(username, gameID, message) values("SarahMitchell42", 4, "Lorem Ipsum, yo! 2");
INSERT INTO chat(username, gameID, message) values("GraceHansen45", 4, "Lorem Ipsum, yo! 3");
INSERT INTO chat(username, gameID, message) values("MarkCarter75", 4, "Lorem Ipsum, yo! 4");
INSERT INTO chat(username, gameID, message) values("SarahKhan30", 4, "Lorem Ipsum, yo! 5");
INSERT INTO chat(username, gameID, message) values("BobGabrielson13", 4, "Lorem Ipsum, yo! 6");
INSERT INTO chat(username, gameID, message) values("MarySmith5", 4, "Lorem Ipsum, yo! 7");
INSERT INTO chat(username, gameID, message) values("TomSmith68", 5, "Lorem Ipsum, yo! 0");
INSERT INTO chat(username, gameID, message) values("JohnHansen73", 5, "Lorem Ipsum, yo! 1");
INSERT INTO chat(username, gameID, message) values("AllisonCohen56", 5, "Lorem Ipsum, yo! 2");
INSERT INTO chat(username, gameID, message) values("TomFontenot55", 5, "Lorem Ipsum, yo! 3");
INSERT INTO chat(username, gameID, message) values("IanJohnson1", 5, "Lorem Ipsum, yo! 4");
INSERT INTO chat(username, gameID, message) values("IanStenbit79", 5, "Lorem Ipsum, yo! 5");
INSERT INTO chat(username, gameID, message) values("JackGoldman63", 5, "Lorem Ipsum, yo! 6");
INSERT INTO chat(username, gameID, message) values("AllisonGabrielson38", 5, "Lorem Ipsum, yo! 7");
INSERT INTO chat(username, gameID, message) values("SarahGoldman94", 6, "Lorem Ipsum, yo! 0");
INSERT INTO chat(username, gameID, message) values("TimmothyMitchell48", 6, "Lorem Ipsum, yo! 1");
INSERT INTO chat(username, gameID, message) values("TomFontenot55", 6, "Lorem Ipsum, yo! 2");
INSERT INTO chat(username, gameID, message) values("BenBanbury57", 6, "Lorem Ipsum, yo! 3");
INSERT INTO chat(username, gameID, message) values("SarahKhan30", 7, "Lorem Ipsum, yo! 0");
INSERT INTO chat(username, gameID, message) values("SarahGoldman91", 7, "Lorem Ipsum, yo! 1");
INSERT INTO chat(username, gameID, message) values("MarkJohnson36", 7, "Lorem Ipsum, yo! 2");
INSERT INTO chat(username, gameID, message) values("TomFontenot72", 7, "Lorem Ipsum, yo! 3");
INSERT INTO chat(username, gameID, message) values("JohnKhan96", 7, "Lorem Ipsum, yo! 4");
INSERT INTO chat(username, gameID, message) values("IanGoldman85", 8, "Lorem Ipsum, yo! 0");
INSERT INTO chat(username, gameID, message) values("GraceRenninger49", 8, "Lorem Ipsum, yo! 1");
INSERT INTO chat(username, gameID, message) values("SarahCohen28", 8, "Lorem Ipsum, yo! 2");
INSERT INTO chat(username, gameID, message) values("JohnHansen73", 8, "Lorem Ipsum, yo! 3");
INSERT INTO chat(username, gameID, message) values("SarahBanbury66", 9, "Lorem Ipsum, yo! 0");
INSERT INTO chat(username, gameID, message) values("MarkJohnson36", 9, "Lorem Ipsum, yo! 1");
INSERT INTO chat(username, gameID, message) values("MaryBanbury46", 9, "Lorem Ipsum, yo! 2");
INSERT INTO chat(username, gameID, message) values("IanJohnson1", 9, "Lorem Ipsum, yo! 3");
INSERT INTO chat(username, gameID, message) values("TomSmith68", 9, "Lorem Ipsum, yo! 4");
INSERT INTO chat(username, gameID, message) values("JackReiss17", 9, "Lorem Ipsum, yo! 5");
INSERT INTO chat(username, gameID, message) values("MarkSmith40", 9, "Lorem Ipsum, yo! 6");
INSERT INTO chat(username, gameID, message) values("JackGoldman63", 9, "Lorem Ipsum, yo! 7");
INSERT INTO chat(username, gameID, message) values("BobGabrielson13", 10, "Lorem Ipsum, yo! 0");
INSERT INTO chat(username, gameID, message) values("TomGabrielson20", 10, "Lorem Ipsum, yo! 1");
INSERT INTO chat(username, gameID, message) values("JackReiss17", 11, "Lorem Ipsum, yo! 0");
INSERT INTO chat(username, gameID, message) values("JonathanKhan82", 11, "Lorem Ipsum, yo! 1");
INSERT INTO chat(username, gameID, message) values("BobGabrielson13", 11, "Lorem Ipsum, yo! 2");
INSERT INTO chat(username, gameID, message) values("JonathanKhan82", 11, "Lorem Ipsum, yo! 3");
INSERT INTO chat(username, gameID, message) values("MarkSmith40", 11, "Lorem Ipsum, yo! 4");
INSERT INTO chat(username, gameID, message) values("JohnGoldman98", 11, "Lorem Ipsum, yo! 5");
INSERT INTO chat(username, gameID, message) values("TomCohen77", 11, "Lorem Ipsum, yo! 6");
INSERT INTO chat(username, gameID, message) values("JenniferSmith21", 11, "Lorem Ipsum, yo! 7");
INSERT INTO chat(username, gameID, message) values("MattReiss59", 11, "Lorem Ipsum, yo! 8");
INSERT INTO chat(username, gameID, message) values("TimmothyMitchell48", 11, "Lorem Ipsum, yo! 9");
INSERT INTO chat(username, gameID, message) values("TimmothyHansen95", 11, "Lorem Ipsum, yo! 10");
INSERT INTO chat(username, gameID, message) values("MarkSmith33", 11, "Lorem Ipsum, yo! 11");
INSERT INTO chat(username, gameID, message) values("JackBanbury31", 11, "Lorem Ipsum, yo! 12");
INSERT INTO chat(username, gameID, message) values("GraceStenbit14", 11, "Lorem Ipsum, yo! 13");
INSERT INTO chat(username, gameID, message) values("IanGoldman80", 11, "Lorem Ipsum, yo! 14");
INSERT INTO chat(username, gameID, message) values("JonathanMitchell23", 12, "Lorem Ipsum, yo! 0");
INSERT INTO chat(username, gameID, message) values("GraceFontenot15", 12, "Lorem Ipsum, yo! 1");
INSERT INTO chat(username, gameID, message) values("JohnGabrielson69", 12, "Lorem Ipsum, yo! 2");
INSERT INTO chat(username, gameID, message) values("TomCohen77", 12, "Lorem Ipsum, yo! 3");
INSERT INTO chat(username, gameID, message) values("TimmothyCohen9", 13, "Lorem Ipsum, yo! 0");
INSERT INTO chat(username, gameID, message) values("JackCarter8", 13, "Lorem Ipsum, yo! 1");
INSERT INTO chat(username, gameID, message) values("JohnGabrielson24", 13, "Lorem Ipsum, yo! 2");
INSERT INTO chat(username, gameID, message) values("IanBanbury71", 13, "Lorem Ipsum, yo! 3");
INSERT INTO chat(username, gameID, message) values("JohnHansen73", 14, "Lorem Ipsum, yo! 0");
INSERT INTO chat(username, gameID, message) values("JonathanMitchell23", 14, "Lorem Ipsum, yo! 1");
INSERT INTO chat(username, gameID, message) values("TimmothyHansen6", 15, "Lorem Ipsum, yo! 0");
INSERT INTO chat(username, gameID, message) values("SarahGoldman43", 15, "Lorem Ipsum, yo! 1");
INSERT INTO chat(username, gameID, message) values("AllisonMitchell70", 15, "Lorem Ipsum, yo! 2");
INSERT INTO chat(username, gameID, message) values("AllisonCohen56", 15, "Lorem Ipsum, yo! 3");
INSERT INTO chat(username, gameID, message) values("MaryJohnson83", 16, "Lorem Ipsum, yo! 0");
INSERT INTO chat(username, gameID, message) values("SarahRenninger22", 16, "Lorem Ipsum, yo! 1");
INSERT INTO chat(username, gameID, message) values("TimmothyHansen95", 16, "Lorem Ipsum, yo! 2");
INSERT INTO chat(username, gameID, message) values("SarahGoldman94", 16, "Lorem Ipsum, yo! 3");
INSERT INTO chat(username, gameID, message) values("AllisonFontenot81", 16, "Lorem Ipsum, yo! 4");
INSERT INTO chat(username, gameID, message) values("IanGoldman80", 16, "Lorem Ipsum, yo! 5");
INSERT INTO chat(username, gameID, message) values("MaryCarter19", 16, "Lorem Ipsum, yo! 6");
INSERT INTO chat(username, gameID, message) values("JonathanKhan82", 16, "Lorem Ipsum, yo! 7");
INSERT INTO chat(username, gameID, message) values("AllisonGabrielson64", 16, "Lorem Ipsum, yo! 8");
INSERT INTO chat(username, gameID, message) values("MaryBanbury46", 16, "Lorem Ipsum, yo! 9");
INSERT INTO chat(username, gameID, message) values("IanSmith26", 17, "Lorem Ipsum, yo! 0");
INSERT INTO chat(username, gameID, message) values("TimmothyRenninger58", 17, "Lorem Ipsum, yo! 1");
INSERT INTO chat(username, gameID, message) values("TomStenbit60", 18, "Lorem Ipsum, yo! 0");
INSERT INTO chat(username, gameID, message) values("MaryBanbury76", 18, "Lorem Ipsum, yo! 1");
INSERT INTO chat(username, gameID, message) values("JenniferMitchell12", 18, "Lorem Ipsum, yo! 2");
INSERT INTO chat(username, gameID, message) values("IanKhan47", 18, "Lorem Ipsum, yo! 3");
INSERT INTO chat(username, gameID, message) values("MarkMitchell78", 18, "Lorem Ipsum, yo! 4");
INSERT INTO chat(username, gameID, message) values("IanSmith26", 19, "Lorem Ipsum, yo! 0");
INSERT INTO chat(username, gameID, message) values("MarkJohnson36", 19, "Lorem Ipsum, yo! 1");
INSERT INTO chat(username, gameID, message) values("TomFontenot55", 19, "Lorem Ipsum, yo! 2");
INSERT INTO chat(username, gameID, message) values("IanStenbit79", 19, "Lorem Ipsum, yo! 3");
INSERT INTO chat(username, gameID, message) values("IanBanbury71", 19, "Lorem Ipsum, yo! 4");
INSERT INTO chat(username, gameID, message) values("IanStenbit79", 19, "Lorem Ipsum, yo! 5");
INSERT INTO chat(username, gameID, message) values("AllisonMitchell70", 19, "Lorem Ipsum, yo! 6");
INSERT INTO chat(username, gameID, message) values("BobGabrielson13", 19, "Lorem Ipsum, yo! 7");
INSERT INTO chat(username, gameID, message) values("TimmothyRenninger58", 19, "Lorem Ipsum, yo! 8");
INSERT INTO chat(username, gameID, message) values("MattReiss3", 19, "Lorem Ipsum, yo! 9");
INSERT INTO chat(username, gameID, message) values("JohnGoldman98", 19, "Lorem Ipsum, yo! 10");
INSERT INTO chat(username, gameID, message) values("IanKhan47", 19, "Lorem Ipsum, yo! 11");
INSERT INTO chat(username, gameID, message) values("MaryKhan87", 19, "Lorem Ipsum, yo! 12");
INSERT INTO chat(username, gameID, message) values("JohnKhan96", 19, "Lorem Ipsum, yo! 13");
INSERT INTO chat(username, gameID, message) values("AllisonFontenot81", 19, "Lorem Ipsum, yo! 14");
INSERT INTO chat(username, gameID, message) values("SarahBanbury41", 20, "Lorem Ipsum, yo! 0");
INSERT INTO chat(username, gameID, message) values("MaryBanbury93", 20, "Lorem Ipsum, yo! 1");
INSERT INTO chat(username, gameID, message) values("TomGabrielson20", 20, "Lorem Ipsum, yo! 2");
INSERT INTO chat(username, gameID, message) values("IanJohnson1", 20, "Lorem Ipsum, yo! 3");
INSERT INTO chat(username, gameID, message) values("JohnKhan96", 20, "Lorem Ipsum, yo! 4");
INSERT INTO chat(username, gameID, message) values("JackBanbury31", 20, "Lorem Ipsum, yo! 5");
INSERT INTO chat(username, gameID, message) values("SarahGoldman94", 20, "Lorem Ipsum, yo! 6");
INSERT INTO chat(username, gameID, message) values("MaryCarter19", 20, "Lorem Ipsum, yo! 7");
INSERT INTO chat(username, gameID, message) values("AllisonGabrielson38", 21, "Lorem Ipsum, yo! 0");
INSERT INTO chat(username, gameID, message) values("JackCarter8", 21, "Lorem Ipsum, yo! 1");
INSERT INTO chat(username, gameID, message) values("JackStenbit86", 21, "Lorem Ipsum, yo! 2");
INSERT INTO chat(username, gameID, message) values("JackBanbury31", 21, "Lorem Ipsum, yo! 3");
INSERT INTO chat(username, gameID, message) values("JohnGoldman98", 21, "Lorem Ipsum, yo! 4");
INSERT INTO chat(username, gameID, message) values("MaryGoldman35", 21, "Lorem Ipsum, yo! 5");
INSERT INTO chat(username, gameID, message) values("TimmothyRenninger99", 21, "Lorem Ipsum, yo! 6");
INSERT INTO chat(username, gameID, message) values("TomFontenot55", 21, "Lorem Ipsum, yo! 7");
INSERT INTO chat(username, gameID, message) values("MarkJohnson36", 21, "Lorem Ipsum, yo! 8");
INSERT INTO chat(username, gameID, message) values("BobGabrielson13", 21, "Lorem Ipsum, yo! 9");
INSERT INTO chat(username, gameID, message) values("TomFontenot72", 22, "Lorem Ipsum, yo! 0");
INSERT INTO chat(username, gameID, message) values("GraceKhan92", 22, "Lorem Ipsum, yo! 1");
INSERT INTO chat(username, gameID, message) values("TomRenninger2", 23, "Lorem Ipsum, yo! 0");
INSERT INTO chat(username, gameID, message) values("MarkJohnson36", 23, "Lorem Ipsum, yo! 1");
INSERT INTO chat(username, gameID, message) values("JonathanKhan82", 23, "Lorem Ipsum, yo! 2");
INSERT INTO chat(username, gameID, message) values("MaryGoldman35", 23, "Lorem Ipsum, yo! 3");
INSERT INTO chat(username, gameID, message) values("TomGabrielson20", 23, "Lorem Ipsum, yo! 4");
INSERT INTO chat(username, gameID, message) values("MaryBanbury46", 23, "Lorem Ipsum, yo! 5");
INSERT INTO chat(username, gameID, message) values("JonathanMitchell44", 24, "Lorem Ipsum, yo! 0");
INSERT INTO chat(username, gameID, message) values("AllisonGoldman34", 24, "Lorem Ipsum, yo! 1");
INSERT INTO chat(username, gameID, message) values("TimmothyMitchell54", 24, "Lorem Ipsum, yo! 2");
INSERT INTO chat(username, gameID, message) values("MarkJohnson36", 24, "Lorem Ipsum, yo! 3");
INSERT INTO chat(username, gameID, message) values("AllisonGabrielson64", 24, "Lorem Ipsum, yo! 4");
INSERT INTO chat(username, gameID, message) values("JonathanMitchell44", 24, "Lorem Ipsum, yo! 5");
INSERT INTO chat(username, gameID, message) values("BenCarter52", 24, "Lorem Ipsum, yo! 6");
INSERT INTO chat(username, gameID, message) values("MaryCarter19", 24, "Lorem Ipsum, yo! 7");
INSERT INTO chat(username, gameID, message) values("MaryKhan87", 24, "Lorem Ipsum, yo! 8");
INSERT INTO chat(username, gameID, message) values("JackBanbury31", 24, "Lorem Ipsum, yo! 9");
INSERT INTO chat(username, gameID, message) values("TimmothyMitchell48", 24, "Lorem Ipsum, yo! 10");
INSERT INTO chat(username, gameID, message) values("TimmothyMitchell54", 24, "Lorem Ipsum, yo! 11");
INSERT INTO chat(username, gameID, message) values("JackGoldman63", 24, "Lorem Ipsum, yo! 12");
INSERT INTO chat(username, gameID, message) values("MattReiss59", 24, "Lorem Ipsum, yo! 13");
INSERT INTO chat(username, gameID, message) values("JonathanMitchell23", 24, "Lorem Ipsum, yo! 14");
INSERT INTO chat(username, gameID, message) values("MaryCohen88", 25, "Lorem Ipsum, yo! 0");
INSERT INTO chat(username, gameID, message) values("AllisonGoldman34", 25, "Lorem Ipsum, yo! 1");
INSERT INTO chat(username, gameID, message) values("MaryCohen88", 25, "Lorem Ipsum, yo! 2");
INSERT INTO chat(username, gameID, message) values("TomCohen77", 25, "Lorem Ipsum, yo! 3");
INSERT INTO chat(username, gameID, message) values("MaryKhan87", 25, "Lorem Ipsum, yo! 4");
INSERT INTO chat(username, gameID, message) values("JohnHansen73", 26, "Lorem Ipsum, yo! 0");
INSERT INTO chat(username, gameID, message) values("MaryBanbury93", 26, "Lorem Ipsum, yo! 1");
INSERT INTO chat(username, gameID, message) values("TimmothyRenninger99", 26, "Lorem Ipsum, yo! 2");
INSERT INTO chat(username, gameID, message) values("MarkMitchell78", 26, "Lorem Ipsum, yo! 3");
INSERT INTO chat(username, gameID, message) values("TomGabrielson20", 26, "Lorem Ipsum, yo! 4");
INSERT INTO chat(username, gameID, message) values("GraceRenninger51", 26, "Lorem Ipsum, yo! 5");
INSERT INTO chat(username, gameID, message) values("SarahCohen28", 27, "Lorem Ipsum, yo! 0");
INSERT INTO chat(username, gameID, message) values("TomStenbit60", 27, "Lorem Ipsum, yo! 1");
INSERT INTO chat(username, gameID, message) values("JackGoldman32", 27, "Lorem Ipsum, yo! 2");
INSERT INTO chat(username, gameID, message) values("IanJohnson1", 27, "Lorem Ipsum, yo! 3");
INSERT INTO chat(username, gameID, message) values("JenniferSmith18", 28, "Lorem Ipsum, yo! 0");
INSERT INTO chat(username, gameID, message) values("TimmothyMitchell48", 28, "Lorem Ipsum, yo! 1");
INSERT INTO chat(username, gameID, message) values("AllisonGoldman34", 28, "Lorem Ipsum, yo! 2");
INSERT INTO chat(username, gameID, message) values("JenniferGoldman0", 28, "Lorem Ipsum, yo! 3");
INSERT INTO chat(username, gameID, message) values("BenBanbury57", 28, "Lorem Ipsum, yo! 4");
INSERT INTO chat(username, gameID, message) values("TomGabrielson20", 28, "Lorem Ipsum, yo! 5");
INSERT INTO chat(username, gameID, message) values("SarahBanbury66", 28, "Lorem Ipsum, yo! 6");
INSERT INTO chat(username, gameID, message) values("JackStenbit86", 28, "Lorem Ipsum, yo! 7");
INSERT INTO chat(username, gameID, message) values("SarahMitchell42", 28, "Lorem Ipsum, yo! 8");
INSERT INTO chat(username, gameID, message) values("MarkSmith40", 28, "Lorem Ipsum, yo! 9");
INSERT INTO chat(username, gameID, message) values("SarahGoldman43", 29, "Lorem Ipsum, yo! 0");
INSERT INTO chat(username, gameID, message) values("TomStenbit60", 29, "Lorem Ipsum, yo! 1");
INSERT INTO chat(username, gameID, message) values("MarkBanbury74", 29, "Lorem Ipsum, yo! 2");
INSERT INTO chat(username, gameID, message) values("KatyCarter97", 29, "Lorem Ipsum, yo! 3");
INSERT INTO chat(username, gameID, message) values("MaryGoldman35", 29, "Lorem Ipsum, yo! 4");
INSERT INTO chat(username, gameID, message) values("MaryGoldman35", 29, "Lorem Ipsum, yo! 5");
INSERT INTO chat(username, gameID, message) values("BobCohen61", 30, "Lorem Ipsum, yo! 0");
INSERT INTO chat(username, gameID, message) values("GraceMitchell7", 30, "Lorem Ipsum, yo! 1");
INSERT INTO chat(username, gameID, message) values("JonathanMitchell44", 30, "Lorem Ipsum, yo! 2");
INSERT INTO chat(username, gameID, message) values("GraceRenninger51", 30, "Lorem Ipsum, yo! 3");
INSERT INTO chat(username, gameID, message) values("JackCarter8", 31, "Lorem Ipsum, yo! 0");
INSERT INTO chat(username, gameID, message) values("GraceHansen45", 31, "Lorem Ipsum, yo! 1");
INSERT INTO chat(username, gameID, message) values("MarySmith5", 32, "Lorem Ipsum, yo! 0");
INSERT INTO chat(username, gameID, message) values("MarkJohnson36", 32, "Lorem Ipsum, yo! 1");
INSERT INTO chat(username, gameID, message) values("BenCarter52", 32, "Lorem Ipsum, yo! 2");
INSERT INTO chat(username, gameID, message) values("JackCarter8", 32, "Lorem Ipsum, yo! 3");
INSERT INTO chat(username, gameID, message) values("GraceMitchell7", 32, "Lorem Ipsum, yo! 4");
INSERT INTO chat(username, gameID, message) values("SarahMitchell42", 32, "Lorem Ipsum, yo! 5");
INSERT INTO chat(username, gameID, message) values("MaryBanbury93", 33, "Lorem Ipsum, yo! 0");
INSERT INTO chat(username, gameID, message) values("MarkReiss37", 33, "Lorem Ipsum, yo! 1");
INSERT INTO chat(username, gameID, message) values("AllisonGabrielson64", 33, "Lorem Ipsum, yo! 2");
INSERT INTO chat(username, gameID, message) values("JonathanGabrielson90", 33, "Lorem Ipsum, yo! 3");
INSERT INTO chat(username, gameID, message) values("JohnKhan96", 33, "Lorem Ipsum, yo! 4");
INSERT INTO chat(username, gameID, message) values("IanGoldman85", 33, "Lorem Ipsum, yo! 5");
INSERT INTO chat(username, gameID, message) values("JackStenbit89", 33, "Lorem Ipsum, yo! 6");
INSERT INTO chat(username, gameID, message) values("BobCohen50", 33, "Lorem Ipsum, yo! 7");
INSERT INTO chat(username, gameID, message) values("MarySmith5", 33, "Lorem Ipsum, yo! 8");
INSERT INTO chat(username, gameID, message) values("GraceFontenot15", 33, "Lorem Ipsum, yo! 9");
INSERT INTO chat(username, gameID, message) values("TimmothyHansen95", 34, "Lorem Ipsum, yo! 0");
INSERT INTO chat(username, gameID, message) values("IanBanbury71", 34, "Lorem Ipsum, yo! 1");
INSERT INTO chat(username, gameID, message) values("IanRenninger29", 34, "Lorem Ipsum, yo! 2");
INSERT INTO chat(username, gameID, message) values("MarkMitchell78", 34, "Lorem Ipsum, yo! 3");
INSERT INTO chat(username, gameID, message) values("AllisonGabrielson38", 34, "Lorem Ipsum, yo! 4");
INSERT INTO chat(username, gameID, message) values("MattGabrielson39", 34, "Lorem Ipsum, yo! 5");
INSERT INTO chat(username, gameID, message) values("MaryFontenot16", 34, "Lorem Ipsum, yo! 6");
INSERT INTO chat(username, gameID, message) values("SarahGoldman91", 34, "Lorem Ipsum, yo! 7");
INSERT INTO chat(username, gameID, message) values("JohnHansen73", 34, "Lorem Ipsum, yo! 8");
INSERT INTO chat(username, gameID, message) values("JackStenbit89", 34, "Lorem Ipsum, yo! 9");
INSERT INTO chat(username, gameID, message) values("MarkCarter75", 34, "Lorem Ipsum, yo! 10");
INSERT INTO chat(username, gameID, message) values("AllisonGabrielson64", 34, "Lorem Ipsum, yo! 11");
INSERT INTO chat(username, gameID, message) values("TomCohen77", 34, "Lorem Ipsum, yo! 12");
INSERT INTO chat(username, gameID, message) values("IanKhan47", 34, "Lorem Ipsum, yo! 13");
INSERT INTO chat(username, gameID, message) values("JenniferStenbit25", 34, "Lorem Ipsum, yo! 14");
INSERT INTO chat(username, gameID, message) values("BobCohen61", 35, "Lorem Ipsum, yo! 0");
INSERT INTO chat(username, gameID, message) values("IanRenninger11", 35, "Lorem Ipsum, yo! 1");
INSERT INTO chat(username, gameID, message) values("MaryJohnson83", 35, "Lorem Ipsum, yo! 2");
INSERT INTO chat(username, gameID, message) values("IanGoldman85", 35, "Lorem Ipsum, yo! 3");
INSERT INTO chat(username, gameID, message) values("MaryBanbury76", 35, "Lorem Ipsum, yo! 4");
INSERT INTO chat(username, gameID, message) values("SarahRenninger22", 35, "Lorem Ipsum, yo! 5");
INSERT INTO chat(username, gameID, message) values("TomFontenot55", 35, "Lorem Ipsum, yo! 6");
INSERT INTO chat(username, gameID, message) values("TomSmith68", 35, "Lorem Ipsum, yo! 7");
INSERT INTO chat(username, gameID, message) values("TimmothyRenninger99", 35, "Lorem Ipsum, yo! 8");
INSERT INTO chat(username, gameID, message) values("IanJohnson1", 35, "Lorem Ipsum, yo! 9");
INSERT INTO chat(username, gameID, message) values("BobKhan62", 35, "Lorem Ipsum, yo! 10");
INSERT INTO chat(username, gameID, message) values("AllisonGabrielson64", 35, "Lorem Ipsum, yo! 11");
INSERT INTO chat(username, gameID, message) values("IanGoldman85", 35, "Lorem Ipsum, yo! 12");
INSERT INTO chat(username, gameID, message) values("TimmothyMitchell54", 35, "Lorem Ipsum, yo! 13");
INSERT INTO chat(username, gameID, message) values("MarkJohnson36", 35, "Lorem Ipsum, yo! 14");
INSERT INTO chat(username, gameID, message) values("JackBanbury31", 36, "Lorem Ipsum, yo! 0");
INSERT INTO chat(username, gameID, message) values("JenniferStenbit25", 36, "Lorem Ipsum, yo! 1");
INSERT INTO chat(username, gameID, message) values("MarkSmith40", 36, "Lorem Ipsum, yo! 2");
INSERT INTO chat(username, gameID, message) values("MarkCarter75", 36, "Lorem Ipsum, yo! 3");
INSERT INTO chat(username, gameID, message) values("TomFontenot72", 36, "Lorem Ipsum, yo! 4");
INSERT INTO chat(username, gameID, message) values("IanKhan47", 36, "Lorem Ipsum, yo! 5");
INSERT INTO chat(username, gameID, message) values("IanJohnson1", 37, "Lorem Ipsum, yo! 0");
INSERT INTO chat(username, gameID, message) values("GraceMitchell7", 37, "Lorem Ipsum, yo! 1");
INSERT INTO chat(username, gameID, message) values("SarahGoldman94", 37, "Lorem Ipsum, yo! 2");
INSERT INTO chat(username, gameID, message) values("GraceFontenot15", 37, "Lorem Ipsum, yo! 3");
INSERT INTO chat(username, gameID, message) values("MarkSmith33", 37, "Lorem Ipsum, yo! 4");
INSERT INTO chat(username, gameID, message) values("MarySmith5", 38, "Lorem Ipsum, yo! 0");
INSERT INTO chat(username, gameID, message) values("IanRenninger11", 38, "Lorem Ipsum, yo! 1");
INSERT INTO chat(username, gameID, message) values("TomFontenot55", 38, "Lorem Ipsum, yo! 2");
INSERT INTO chat(username, gameID, message) values("AllisonGabrielson64", 38, "Lorem Ipsum, yo! 3");
INSERT INTO chat(username, gameID, message) values("JenniferStenbit25", 38, "Lorem Ipsum, yo! 4");
INSERT INTO chat(username, gameID, message) values("MaryGoldman35", 38, "Lorem Ipsum, yo! 5");
INSERT INTO chat(username, gameID, message) values("TomGabrielson20", 38, "Lorem Ipsum, yo! 6");
INSERT INTO chat(username, gameID, message) values("JohnStenbit4", 38, "Lorem Ipsum, yo! 7");
INSERT INTO chat(username, gameID, message) values("MarkMitchell78", 39, "Lorem Ipsum, yo! 0");
INSERT INTO chat(username, gameID, message) values("GraceKhan92", 39, "Lorem Ipsum, yo! 1");
INSERT INTO chat(username, gameID, message) values("GraceHansen45", 39, "Lorem Ipsum, yo! 2");
INSERT INTO chat(username, gameID, message) values("JonathanMitchell44", 39, "Lorem Ipsum, yo! 3");
INSERT INTO chat(username, gameID, message) values("JonathanMitchell23", 39, "Lorem Ipsum, yo! 4");
INSERT INTO chat(username, gameID, message) values("IanStenbit79", 39, "Lorem Ipsum, yo! 5");
INSERT INTO chat(username, gameID, message) values("TomStenbit60", 39, "Lorem Ipsum, yo! 6");
INSERT INTO chat(username, gameID, message) values("IanGoldman80", 39, "Lorem Ipsum, yo! 7");
INSERT INTO chat(username, gameID, message) values("MaryCarter19", 39, "Lorem Ipsum, yo! 8");
INSERT INTO chat(username, gameID, message) values("JohnStenbit4", 39, "Lorem Ipsum, yo! 9");
INSERT INTO chat(username, gameID, message) values("BobKhan62", 40, "Lorem Ipsum, yo! 0");
INSERT INTO chat(username, gameID, message) values("MaryJohnson83", 40, "Lorem Ipsum, yo! 1");
INSERT INTO chat(username, gameID, message) values("MaryCarter19", 40, "Lorem Ipsum, yo! 2");
INSERT INTO chat(username, gameID, message) values("MattGabrielson39", 40, "Lorem Ipsum, yo! 3");
INSERT INTO chat(username, gameID, message) values("IanKhan47", 40, "Lorem Ipsum, yo! 4");
INSERT INTO chat(username, gameID, message) values("MarkCarter75", 40, "Lorem Ipsum, yo! 5");
INSERT INTO chat(username, gameID, message) values("SarahGoldman91", 41, "Lorem Ipsum, yo! 0");
INSERT INTO chat(username, gameID, message) values("IanGoldman80", 41, "Lorem Ipsum, yo! 1");
INSERT INTO chat(username, gameID, message) values("TimmothyMitchell48", 41, "Lorem Ipsum, yo! 2");
INSERT INTO chat(username, gameID, message) values("SarahGoldman94", 41, "Lorem Ipsum, yo! 3");
INSERT INTO chat(username, gameID, message) values("IanJohnson1", 42, "Lorem Ipsum, yo! 0");
INSERT INTO chat(username, gameID, message) values("MattGabrielson39", 42, "Lorem Ipsum, yo! 1");
INSERT INTO chat(username, gameID, message) values("BobKhan62", 42, "Lorem Ipsum, yo! 2");
INSERT INTO chat(username, gameID, message) values("TomCohen77", 42, "Lorem Ipsum, yo! 3");
INSERT INTO chat(username, gameID, message) values("MattReiss3", 42, "Lorem Ipsum, yo! 4");
INSERT INTO chat(username, gameID, message) values("IanGoldman85", 42, "Lorem Ipsum, yo! 5");
INSERT INTO chat(username, gameID, message) values("TomGabrielson20", 42, "Lorem Ipsum, yo! 6");
INSERT INTO chat(username, gameID, message) values("IanRenninger11", 42, "Lorem Ipsum, yo! 7");
INSERT INTO chat(username, gameID, message) values("JackStenbit86", 42, "Lorem Ipsum, yo! 8");
INSERT INTO chat(username, gameID, message) values("MaryCarter19", 42, "Lorem Ipsum, yo! 9");
INSERT INTO chat(username, gameID, message) values("JenniferSmith21", 42, "Lorem Ipsum, yo! 10");
INSERT INTO chat(username, gameID, message) values("JonathanKhan82", 42, "Lorem Ipsum, yo! 11");
INSERT INTO chat(username, gameID, message) values("TomFontenot72", 42, "Lorem Ipsum, yo! 12");
INSERT INTO chat(username, gameID, message) values("MarkJohnson36", 42, "Lorem Ipsum, yo! 13");
INSERT INTO chat(username, gameID, message) values("JackReiss17", 42, "Lorem Ipsum, yo! 14");
INSERT INTO chat(username, gameID, message) values("TomSmith68", 43, "Lorem Ipsum, yo! 0");
INSERT INTO chat(username, gameID, message) values("IanGoldman80", 43, "Lorem Ipsum, yo! 1");
INSERT INTO chat(username, gameID, message) values("MaryJohnson83", 43, "Lorem Ipsum, yo! 2");
INSERT INTO chat(username, gameID, message) values("IanGoldman85", 43, "Lorem Ipsum, yo! 3");
INSERT INTO chat(username, gameID, message) values("JohnStenbit4", 43, "Lorem Ipsum, yo! 4");
INSERT INTO chat(username, gameID, message) values("MarkSmith33", 43, "Lorem Ipsum, yo! 5");
INSERT INTO chat(username, gameID, message) values("TomStenbit60", 43, "Lorem Ipsum, yo! 6");
INSERT INTO chat(username, gameID, message) values("IanSmith26", 43, "Lorem Ipsum, yo! 7");
INSERT INTO chat(username, gameID, message) values("KatyJohnson10", 44, "Lorem Ipsum, yo! 0");
INSERT INTO chat(username, gameID, message) values("MarkBanbury74", 44, "Lorem Ipsum, yo! 1");
INSERT INTO chat(username, gameID, message) values("MaryFontenot16", 44, "Lorem Ipsum, yo! 2");
INSERT INTO chat(username, gameID, message) values("JackStenbit86", 44, "Lorem Ipsum, yo! 3");
INSERT INTO chat(username, gameID, message) values("JonathanMitchell23", 44, "Lorem Ipsum, yo! 4");
INSERT INTO chat(username, gameID, message) values("JonathanMitchell23", 45, "Lorem Ipsum, yo! 0");
INSERT INTO chat(username, gameID, message) values("JackStenbit89", 45, "Lorem Ipsum, yo! 1");
INSERT INTO chat(username, gameID, message) values("JonathanMitchell44", 46, "Lorem Ipsum, yo! 0");
INSERT INTO chat(username, gameID, message) values("GraceStenbit14", 46, "Lorem Ipsum, yo! 1");
INSERT INTO chat(username, gameID, message) values("BobKhan62", 46, "Lorem Ipsum, yo! 2");
INSERT INTO chat(username, gameID, message) values("TimmothyHansen95", 46, "Lorem Ipsum, yo! 3");
INSERT INTO chat(username, gameID, message) values("TimmothyRenninger99", 46, "Lorem Ipsum, yo! 4");
INSERT INTO chat(username, gameID, message) values("JenniferStenbit25", 46, "Lorem Ipsum, yo! 5");
INSERT INTO chat(username, gameID, message) values("MarkSmith33", 46, "Lorem Ipsum, yo! 6");
INSERT INTO chat(username, gameID, message) values("JenniferMitchell12", 46, "Lorem Ipsum, yo! 7");
INSERT INTO chat(username, gameID, message) values("JackBanbury31", 47, "Lorem Ipsum, yo! 0");
INSERT INTO chat(username, gameID, message) values("IanJohnson1", 47, "Lorem Ipsum, yo! 1");
INSERT INTO chat(username, gameID, message) values("BobKhan62", 47, "Lorem Ipsum, yo! 2");
INSERT INTO chat(username, gameID, message) values("JonathanGabrielson90", 47, "Lorem Ipsum, yo! 3");
INSERT INTO chat(username, gameID, message) values("GraceHansen45", 47, "Lorem Ipsum, yo! 4");
INSERT INTO chat(username, gameID, message) values("JohnGabrielson69", 47, "Lorem Ipsum, yo! 5");
INSERT INTO chat(username, gameID, message) values("TomFontenot55", 47, "Lorem Ipsum, yo! 6");
INSERT INTO chat(username, gameID, message) values("TimmothyMitchell54", 47, "Lorem Ipsum, yo! 7");
INSERT INTO chat(username, gameID, message) values("JackStenbit89", 47, "Lorem Ipsum, yo! 8");
INSERT INTO chat(username, gameID, message) values("MaryCohen88", 47, "Lorem Ipsum, yo! 9");
INSERT INTO chat(username, gameID, message) values("JohnGabrielson69", 47, "Lorem Ipsum, yo! 10");
INSERT INTO chat(username, gameID, message) values("IanRenninger29", 47, "Lorem Ipsum, yo! 11");
INSERT INTO chat(username, gameID, message) values("JenniferSmith18", 47, "Lorem Ipsum, yo! 12");
INSERT INTO chat(username, gameID, message) values("AllisonCohen56", 47, "Lorem Ipsum, yo! 13");
INSERT INTO chat(username, gameID, message) values("SarahKhan30", 47, "Lorem Ipsum, yo! 14");
INSERT INTO chat(username, gameID, message) values("GraceRenninger49", 48, "Lorem Ipsum, yo! 0");
INSERT INTO chat(username, gameID, message) values("IanSmith26", 48, "Lorem Ipsum, yo! 1");
INSERT INTO chat(username, gameID, message) values("JackReiss17", 48, "Lorem Ipsum, yo! 2");
INSERT INTO chat(username, gameID, message) values("JackGoldman63", 48, "Lorem Ipsum, yo! 3");
INSERT INTO chat(username, gameID, message) values("JohnStenbit4", 48, "Lorem Ipsum, yo! 4");
INSERT INTO chat(username, gameID, message) values("SarahGoldman94", 49, "Lorem Ipsum, yo! 0");
INSERT INTO chat(username, gameID, message) values("GraceRenninger49", 49, "Lorem Ipsum, yo! 1");
INSERT INTO chat(username, gameID, message) values("MarySmith5", 49, "Lorem Ipsum, yo! 2");
INSERT INTO chat(username, gameID, message) values("IanBanbury71", 49, "Lorem Ipsum, yo! 3");
INSERT INTO chat(username, gameID, message) values("AllisonCohen56", 49, "Lorem Ipsum, yo! 4");
INSERT INTO chat(username, gameID, message) values("JohnKhan96", 49, "Lorem Ipsum, yo! 5");
INSERT INTO chat(username, gameID, message) values("GraceMitchell7", 49, "Lorem Ipsum, yo! 6");
INSERT INTO chat(username, gameID, message) values("SarahMitchell42", 49, "Lorem Ipsum, yo! 7");
INSERT INTO chat(username, gameID, message) values("JenniferStenbit25", 50, "Lorem Ipsum, yo! 0");
INSERT INTO chat(username, gameID, message) values("IanGoldman85", 50, "Lorem Ipsum, yo! 1");
INSERT INTO chat(username, gameID, message) values("JohnStenbit4", 50, "Lorem Ipsum, yo! 2");
INSERT INTO chat(username, gameID, message) values("MarkSmith33", 50, "Lorem Ipsum, yo! 3");
