DROP DATABASE IF EXISTS pickup;

CREATE DATABASE pickup;

USE pickup;

CREATE TABLE user(
name VARCHAR(100),
id INT auto_increment PRIMARY KEY,
salt VARCHAR(256),
hash VARCHAR(64),
email VARCHAR(100)
);

CREATE TABLE login(
login DATETIME,
username VARCHAR(100),
PRIMARY KEY(login, username)
);

CREATE TABLE session(
username VARCHAR(100),
sessionKey VARCHAR(256)
);

CREATE TABLE chat(
chatID INT auto_increment PRIMARY KEY,
username VARCHAR(100),
gameID INT,
message VARCHAR(1000),
time TIME
);

CREATE TABLE friend(
friender VARCHAR(100),
friendee VARCHAR(100),
PRIMARY KEY(friender, friendee)
);

CREATE TABLE sportPreference(
username VARCHAR(100),
sport VARCHAR(100),
PRIMARY KEY(username, sport)
);

CREATE TABLE game(
id INT PRIMARY KEY auto_increment,
sport VARCHAR(100),
time TIME,
date DATE,
playerCount INT,
location VARCHAR(100),
full TINYINT
);

CREATE TABLE enlist(
playerName VARCHAR(100),
gameID INT,
PRIMARY KEY(playerName, gameID)
);



INSERT INTO user(name, salt, hash) values("AllisonStenbit0","1jo5OFAVDpC6xaEgt8sSuHcOSzo1SnkEVF5jHwD39SJegUlvz8nBLNeJBK6StVPCKzNNxUpOToQojUW304fW5gjniSqWejeBxo6Xtlgb0qIWW4vYoRYIIPRph8YwiW1mSxZ6sahYlfruDA52wtwPw82I9EVnEul7jRMbbFGFD2NDNW3AinEFt5sqMa84tKK0V9JJyRe4FY7yFTOVjSMV41WF2srbI3k0QVGoEaQ7r0tijCBnXil4QVwQ0ya1FW3g","d528cbceddde5d3cbc0f6f3b841a48e10d35fd84eea400959a2bc450c19d1a2f");
INSERT INTO user(name, salt, hash) values("PaigeStenbit1","1jo5OFAVDpC6xaEgt8sSuHcOSzo1SnkEVF5jHwD39SJegUlvz8nBLNeJBK6StVPCKzNNxUpOToQojUW304fW5gjniSqWejeBxo6Xtlgb0qIWW4vYoRYIIPRph8YwiW1mSxZ6sahYlfruDA52wtwPw82I9EVnEul7jRMbbFGFD2NDNW3AinEFt5sqMa84tKK0V9JJyRe4FY7yFTOVjSMV41WF2srbI3k0QVGoEaQ7r0tijCBnXil4QVwQ0ya1FW3g","d528cbceddde5d3cbc0f6f3b841a48e10d35fd84eea400959a2bc450c19d1a2f");
INSERT INTO user(name, salt, hash) values("TomJohnson2","1jo5OFAVDpC6xaEgt8sSuHcOSzo1SnkEVF5jHwD39SJegUlvz8nBLNeJBK6StVPCKzNNxUpOToQojUW304fW5gjniSqWejeBxo6Xtlgb0qIWW4vYoRYIIPRph8YwiW1mSxZ6sahYlfruDA52wtwPw82I9EVnEul7jRMbbFGFD2NDNW3AinEFt5sqMa84tKK0V9JJyRe4FY7yFTOVjSMV41WF2srbI3k0QVGoEaQ7r0tijCBnXil4QVwQ0ya1FW3g","d528cbceddde5d3cbc0f6f3b841a48e10d35fd84eea400959a2bc450c19d1a2f");
INSERT INTO user(name, salt, hash) values("MarkRenninger3","1jo5OFAVDpC6xaEgt8sSuHcOSzo1SnkEVF5jHwD39SJegUlvz8nBLNeJBK6StVPCKzNNxUpOToQojUW304fW5gjniSqWejeBxo6Xtlgb0qIWW4vYoRYIIPRph8YwiW1mSxZ6sahYlfruDA52wtwPw82I9EVnEul7jRMbbFGFD2NDNW3AinEFt5sqMa84tKK0V9JJyRe4FY7yFTOVjSMV41WF2srbI3k0QVGoEaQ7r0tijCBnXil4QVwQ0ya1FW3g","d528cbceddde5d3cbc0f6f3b841a48e10d35fd84eea400959a2bc450c19d1a2f");
INSERT INTO user(name, salt, hash) values("SarahGoldman4","1jo5OFAVDpC6xaEgt8sSuHcOSzo1SnkEVF5jHwD39SJegUlvz8nBLNeJBK6StVPCKzNNxUpOToQojUW304fW5gjniSqWejeBxo6Xtlgb0qIWW4vYoRYIIPRph8YwiW1mSxZ6sahYlfruDA52wtwPw82I9EVnEul7jRMbbFGFD2NDNW3AinEFt5sqMa84tKK0V9JJyRe4FY7yFTOVjSMV41WF2srbI3k0QVGoEaQ7r0tijCBnXil4QVwQ0ya1FW3g","d528cbceddde5d3cbc0f6f3b841a48e10d35fd84eea400959a2bc450c19d1a2f");
INSERT INTO user(name, salt, hash) values("KatieCohen5","1jo5OFAVDpC6xaEgt8sSuHcOSzo1SnkEVF5jHwD39SJegUlvz8nBLNeJBK6StVPCKzNNxUpOToQojUW304fW5gjniSqWejeBxo6Xtlgb0qIWW4vYoRYIIPRph8YwiW1mSxZ6sahYlfruDA52wtwPw82I9EVnEul7jRMbbFGFD2NDNW3AinEFt5sqMa84tKK0V9JJyRe4FY7yFTOVjSMV41WF2srbI3k0QVGoEaQ7r0tijCBnXil4QVwQ0ya1FW3g","d528cbceddde5d3cbc0f6f3b841a48e10d35fd84eea400959a2bc450c19d1a2f");
INSERT INTO user(name, salt, hash) values("SarahSmith6","1jo5OFAVDpC6xaEgt8sSuHcOSzo1SnkEVF5jHwD39SJegUlvz8nBLNeJBK6StVPCKzNNxUpOToQojUW304fW5gjniSqWejeBxo6Xtlgb0qIWW4vYoRYIIPRph8YwiW1mSxZ6sahYlfruDA52wtwPw82I9EVnEul7jRMbbFGFD2NDNW3AinEFt5sqMa84tKK0V9JJyRe4FY7yFTOVjSMV41WF2srbI3k0QVGoEaQ7r0tijCBnXil4QVwQ0ya1FW3g","d528cbceddde5d3cbc0f6f3b841a48e10d35fd84eea400959a2bc450c19d1a2f");
INSERT INTO user(name, salt, hash) values("AllisonGoldman7","1jo5OFAVDpC6xaEgt8sSuHcOSzo1SnkEVF5jHwD39SJegUlvz8nBLNeJBK6StVPCKzNNxUpOToQojUW304fW5gjniSqWejeBxo6Xtlgb0qIWW4vYoRYIIPRph8YwiW1mSxZ6sahYlfruDA52wtwPw82I9EVnEul7jRMbbFGFD2NDNW3AinEFt5sqMa84tKK0V9JJyRe4FY7yFTOVjSMV41WF2srbI3k0QVGoEaQ7r0tijCBnXil4QVwQ0ya1FW3g","d528cbceddde5d3cbc0f6f3b841a48e10d35fd84eea400959a2bc450c19d1a2f");
INSERT INTO user(name, salt, hash) values("JonathanSmith8","1jo5OFAVDpC6xaEgt8sSuHcOSzo1SnkEVF5jHwD39SJegUlvz8nBLNeJBK6StVPCKzNNxUpOToQojUW304fW5gjniSqWejeBxo6Xtlgb0qIWW4vYoRYIIPRph8YwiW1mSxZ6sahYlfruDA52wtwPw82I9EVnEul7jRMbbFGFD2NDNW3AinEFt5sqMa84tKK0V9JJyRe4FY7yFTOVjSMV41WF2srbI3k0QVGoEaQ7r0tijCBnXil4QVwQ0ya1FW3g","d528cbceddde5d3cbc0f6f3b841a48e10d35fd84eea400959a2bc450c19d1a2f");
INSERT INTO user(name, salt, hash) values("MarkCarter9","1jo5OFAVDpC6xaEgt8sSuHcOSzo1SnkEVF5jHwD39SJegUlvz8nBLNeJBK6StVPCKzNNxUpOToQojUW304fW5gjniSqWejeBxo6Xtlgb0qIWW4vYoRYIIPRph8YwiW1mSxZ6sahYlfruDA52wtwPw82I9EVnEul7jRMbbFGFD2NDNW3AinEFt5sqMa84tKK0V9JJyRe4FY7yFTOVjSMV41WF2srbI3k0QVGoEaQ7r0tijCBnXil4QVwQ0ya1FW3g","d528cbceddde5d3cbc0f6f3b841a48e10d35fd84eea400959a2bc450c19d1a2f");
INSERT INTO user(name, salt, hash) values("KatieSmith10","1jo5OFAVDpC6xaEgt8sSuHcOSzo1SnkEVF5jHwD39SJegUlvz8nBLNeJBK6StVPCKzNNxUpOToQojUW304fW5gjniSqWejeBxo6Xtlgb0qIWW4vYoRYIIPRph8YwiW1mSxZ6sahYlfruDA52wtwPw82I9EVnEul7jRMbbFGFD2NDNW3AinEFt5sqMa84tKK0V9JJyRe4FY7yFTOVjSMV41WF2srbI3k0QVGoEaQ7r0tijCBnXil4QVwQ0ya1FW3g","d528cbceddde5d3cbc0f6f3b841a48e10d35fd84eea400959a2bc450c19d1a2f");
INSERT INTO user(name, salt, hash) values("JohnFontenot11","1jo5OFAVDpC6xaEgt8sSuHcOSzo1SnkEVF5jHwD39SJegUlvz8nBLNeJBK6StVPCKzNNxUpOToQojUW304fW5gjniSqWejeBxo6Xtlgb0qIWW4vYoRYIIPRph8YwiW1mSxZ6sahYlfruDA52wtwPw82I9EVnEul7jRMbbFGFD2NDNW3AinEFt5sqMa84tKK0V9JJyRe4FY7yFTOVjSMV41WF2srbI3k0QVGoEaQ7r0tijCBnXil4QVwQ0ya1FW3g","d528cbceddde5d3cbc0f6f3b841a48e10d35fd84eea400959a2bc450c19d1a2f");
INSERT INTO user(name, salt, hash) values("KatieHansen12","1jo5OFAVDpC6xaEgt8sSuHcOSzo1SnkEVF5jHwD39SJegUlvz8nBLNeJBK6StVPCKzNNxUpOToQojUW304fW5gjniSqWejeBxo6Xtlgb0qIWW4vYoRYIIPRph8YwiW1mSxZ6sahYlfruDA52wtwPw82I9EVnEul7jRMbbFGFD2NDNW3AinEFt5sqMa84tKK0V9JJyRe4FY7yFTOVjSMV41WF2srbI3k0QVGoEaQ7r0tijCBnXil4QVwQ0ya1FW3g","d528cbceddde5d3cbc0f6f3b841a48e10d35fd84eea400959a2bc450c19d1a2f");
INSERT INTO user(name, salt, hash) values("KatieCohen13","1jo5OFAVDpC6xaEgt8sSuHcOSzo1SnkEVF5jHwD39SJegUlvz8nBLNeJBK6StVPCKzNNxUpOToQojUW304fW5gjniSqWejeBxo6Xtlgb0qIWW4vYoRYIIPRph8YwiW1mSxZ6sahYlfruDA52wtwPw82I9EVnEul7jRMbbFGFD2NDNW3AinEFt5sqMa84tKK0V9JJyRe4FY7yFTOVjSMV41WF2srbI3k0QVGoEaQ7r0tijCBnXil4QVwQ0ya1FW3g","d528cbceddde5d3cbc0f6f3b841a48e10d35fd84eea400959a2bc450c19d1a2f");
INSERT INTO user(name, salt, hash) values("PaigeKhan14","1jo5OFAVDpC6xaEgt8sSuHcOSzo1SnkEVF5jHwD39SJegUlvz8nBLNeJBK6StVPCKzNNxUpOToQojUW304fW5gjniSqWejeBxo6Xtlgb0qIWW4vYoRYIIPRph8YwiW1mSxZ6sahYlfruDA52wtwPw82I9EVnEul7jRMbbFGFD2NDNW3AinEFt5sqMa84tKK0V9JJyRe4FY7yFTOVjSMV41WF2srbI3k0QVGoEaQ7r0tijCBnXil4QVwQ0ya1FW3g","d528cbceddde5d3cbc0f6f3b841a48e10d35fd84eea400959a2bc450c19d1a2f");
INSERT INTO user(name, salt, hash) values("AllisonCohen15","1jo5OFAVDpC6xaEgt8sSuHcOSzo1SnkEVF5jHwD39SJegUlvz8nBLNeJBK6StVPCKzNNxUpOToQojUW304fW5gjniSqWejeBxo6Xtlgb0qIWW4vYoRYIIPRph8YwiW1mSxZ6sahYlfruDA52wtwPw82I9EVnEul7jRMbbFGFD2NDNW3AinEFt5sqMa84tKK0V9JJyRe4FY7yFTOVjSMV41WF2srbI3k0QVGoEaQ7r0tijCBnXil4QVwQ0ya1FW3g","d528cbceddde5d3cbc0f6f3b841a48e10d35fd84eea400959a2bc450c19d1a2f");
INSERT INTO user(name, salt, hash) values("AllisonKhan16","1jo5OFAVDpC6xaEgt8sSuHcOSzo1SnkEVF5jHwD39SJegUlvz8nBLNeJBK6StVPCKzNNxUpOToQojUW304fW5gjniSqWejeBxo6Xtlgb0qIWW4vYoRYIIPRph8YwiW1mSxZ6sahYlfruDA52wtwPw82I9EVnEul7jRMbbFGFD2NDNW3AinEFt5sqMa84tKK0V9JJyRe4FY7yFTOVjSMV41WF2srbI3k0QVGoEaQ7r0tijCBnXil4QVwQ0ya1FW3g","d528cbceddde5d3cbc0f6f3b841a48e10d35fd84eea400959a2bc450c19d1a2f");
INSERT INTO user(name, salt, hash) values("JackRenninger17","1jo5OFAVDpC6xaEgt8sSuHcOSzo1SnkEVF5jHwD39SJegUlvz8nBLNeJBK6StVPCKzNNxUpOToQojUW304fW5gjniSqWejeBxo6Xtlgb0qIWW4vYoRYIIPRph8YwiW1mSxZ6sahYlfruDA52wtwPw82I9EVnEul7jRMbbFGFD2NDNW3AinEFt5sqMa84tKK0V9JJyRe4FY7yFTOVjSMV41WF2srbI3k0QVGoEaQ7r0tijCBnXil4QVwQ0ya1FW3g","d528cbceddde5d3cbc0f6f3b841a48e10d35fd84eea400959a2bc450c19d1a2f");
INSERT INTO user(name, salt, hash) values("MarkBanbury18","1jo5OFAVDpC6xaEgt8sSuHcOSzo1SnkEVF5jHwD39SJegUlvz8nBLNeJBK6StVPCKzNNxUpOToQojUW304fW5gjniSqWejeBxo6Xtlgb0qIWW4vYoRYIIPRph8YwiW1mSxZ6sahYlfruDA52wtwPw82I9EVnEul7jRMbbFGFD2NDNW3AinEFt5sqMa84tKK0V9JJyRe4FY7yFTOVjSMV41WF2srbI3k0QVGoEaQ7r0tijCBnXil4QVwQ0ya1FW3g","d528cbceddde5d3cbc0f6f3b841a48e10d35fd84eea400959a2bc450c19d1a2f");
INSERT INTO user(name, salt, hash) values("TomMitchell19","1jo5OFAVDpC6xaEgt8sSuHcOSzo1SnkEVF5jHwD39SJegUlvz8nBLNeJBK6StVPCKzNNxUpOToQojUW304fW5gjniSqWejeBxo6Xtlgb0qIWW4vYoRYIIPRph8YwiW1mSxZ6sahYlfruDA52wtwPw82I9EVnEul7jRMbbFGFD2NDNW3AinEFt5sqMa84tKK0V9JJyRe4FY7yFTOVjSMV41WF2srbI3k0QVGoEaQ7r0tijCBnXil4QVwQ0ya1FW3g","d528cbceddde5d3cbc0f6f3b841a48e10d35fd84eea400959a2bc450c19d1a2f");
INSERT INTO user(name, salt, hash) values("KatieRenninger20","1jo5OFAVDpC6xaEgt8sSuHcOSzo1SnkEVF5jHwD39SJegUlvz8nBLNeJBK6StVPCKzNNxUpOToQojUW304fW5gjniSqWejeBxo6Xtlgb0qIWW4vYoRYIIPRph8YwiW1mSxZ6sahYlfruDA52wtwPw82I9EVnEul7jRMbbFGFD2NDNW3AinEFt5sqMa84tKK0V9JJyRe4FY7yFTOVjSMV41WF2srbI3k0QVGoEaQ7r0tijCBnXil4QVwQ0ya1FW3g","d528cbceddde5d3cbc0f6f3b841a48e10d35fd84eea400959a2bc450c19d1a2f");
INSERT INTO user(name, salt, hash) values("AllisonKhan21","1jo5OFAVDpC6xaEgt8sSuHcOSzo1SnkEVF5jHwD39SJegUlvz8nBLNeJBK6StVPCKzNNxUpOToQojUW304fW5gjniSqWejeBxo6Xtlgb0qIWW4vYoRYIIPRph8YwiW1mSxZ6sahYlfruDA52wtwPw82I9EVnEul7jRMbbFGFD2NDNW3AinEFt5sqMa84tKK0V9JJyRe4FY7yFTOVjSMV41WF2srbI3k0QVGoEaQ7r0tijCBnXil4QVwQ0ya1FW3g","d528cbceddde5d3cbc0f6f3b841a48e10d35fd84eea400959a2bc450c19d1a2f");
INSERT INTO user(name, salt, hash) values("AllisonBanbury22","1jo5OFAVDpC6xaEgt8sSuHcOSzo1SnkEVF5jHwD39SJegUlvz8nBLNeJBK6StVPCKzNNxUpOToQojUW304fW5gjniSqWejeBxo6Xtlgb0qIWW4vYoRYIIPRph8YwiW1mSxZ6sahYlfruDA52wtwPw82I9EVnEul7jRMbbFGFD2NDNW3AinEFt5sqMa84tKK0V9JJyRe4FY7yFTOVjSMV41WF2srbI3k0QVGoEaQ7r0tijCBnXil4QVwQ0ya1FW3g","d528cbceddde5d3cbc0f6f3b841a48e10d35fd84eea400959a2bc450c19d1a2f");
INSERT INTO user(name, salt, hash) values("KatieFontenot23","1jo5OFAVDpC6xaEgt8sSuHcOSzo1SnkEVF5jHwD39SJegUlvz8nBLNeJBK6StVPCKzNNxUpOToQojUW304fW5gjniSqWejeBxo6Xtlgb0qIWW4vYoRYIIPRph8YwiW1mSxZ6sahYlfruDA52wtwPw82I9EVnEul7jRMbbFGFD2NDNW3AinEFt5sqMa84tKK0V9JJyRe4FY7yFTOVjSMV41WF2srbI3k0QVGoEaQ7r0tijCBnXil4QVwQ0ya1FW3g","d528cbceddde5d3cbc0f6f3b841a48e10d35fd84eea400959a2bc450c19d1a2f");
INSERT INTO user(name, salt, hash) values("JenniferFontenot24","1jo5OFAVDpC6xaEgt8sSuHcOSzo1SnkEVF5jHwD39SJegUlvz8nBLNeJBK6StVPCKzNNxUpOToQojUW304fW5gjniSqWejeBxo6Xtlgb0qIWW4vYoRYIIPRph8YwiW1mSxZ6sahYlfruDA52wtwPw82I9EVnEul7jRMbbFGFD2NDNW3AinEFt5sqMa84tKK0V9JJyRe4FY7yFTOVjSMV41WF2srbI3k0QVGoEaQ7r0tijCBnXil4QVwQ0ya1FW3g","d528cbceddde5d3cbc0f6f3b841a48e10d35fd84eea400959a2bc450c19d1a2f");
INSERT INTO user(name, salt, hash) values("JenniferRenninger25","1jo5OFAVDpC6xaEgt8sSuHcOSzo1SnkEVF5jHwD39SJegUlvz8nBLNeJBK6StVPCKzNNxUpOToQojUW304fW5gjniSqWejeBxo6Xtlgb0qIWW4vYoRYIIPRph8YwiW1mSxZ6sahYlfruDA52wtwPw82I9EVnEul7jRMbbFGFD2NDNW3AinEFt5sqMa84tKK0V9JJyRe4FY7yFTOVjSMV41WF2srbI3k0QVGoEaQ7r0tijCBnXil4QVwQ0ya1FW3g","d528cbceddde5d3cbc0f6f3b841a48e10d35fd84eea400959a2bc450c19d1a2f");
INSERT INTO user(name, salt, hash) values("AllisonCarter26","1jo5OFAVDpC6xaEgt8sSuHcOSzo1SnkEVF5jHwD39SJegUlvz8nBLNeJBK6StVPCKzNNxUpOToQojUW304fW5gjniSqWejeBxo6Xtlgb0qIWW4vYoRYIIPRph8YwiW1mSxZ6sahYlfruDA52wtwPw82I9EVnEul7jRMbbFGFD2NDNW3AinEFt5sqMa84tKK0V9JJyRe4FY7yFTOVjSMV41WF2srbI3k0QVGoEaQ7r0tijCBnXil4QVwQ0ya1FW3g","d528cbceddde5d3cbc0f6f3b841a48e10d35fd84eea400959a2bc450c19d1a2f");
INSERT INTO user(name, salt, hash) values("KatieCohen27","1jo5OFAVDpC6xaEgt8sSuHcOSzo1SnkEVF5jHwD39SJegUlvz8nBLNeJBK6StVPCKzNNxUpOToQojUW304fW5gjniSqWejeBxo6Xtlgb0qIWW4vYoRYIIPRph8YwiW1mSxZ6sahYlfruDA52wtwPw82I9EVnEul7jRMbbFGFD2NDNW3AinEFt5sqMa84tKK0V9JJyRe4FY7yFTOVjSMV41WF2srbI3k0QVGoEaQ7r0tijCBnXil4QVwQ0ya1FW3g","d528cbceddde5d3cbc0f6f3b841a48e10d35fd84eea400959a2bc450c19d1a2f");
INSERT INTO user(name, salt, hash) values("SarahRenninger28","1jo5OFAVDpC6xaEgt8sSuHcOSzo1SnkEVF5jHwD39SJegUlvz8nBLNeJBK6StVPCKzNNxUpOToQojUW304fW5gjniSqWejeBxo6Xtlgb0qIWW4vYoRYIIPRph8YwiW1mSxZ6sahYlfruDA52wtwPw82I9EVnEul7jRMbbFGFD2NDNW3AinEFt5sqMa84tKK0V9JJyRe4FY7yFTOVjSMV41WF2srbI3k0QVGoEaQ7r0tijCBnXil4QVwQ0ya1FW3g","d528cbceddde5d3cbc0f6f3b841a48e10d35fd84eea400959a2bc450c19d1a2f");
INSERT INTO user(name, salt, hash) values("MarkKhan29","1jo5OFAVDpC6xaEgt8sSuHcOSzo1SnkEVF5jHwD39SJegUlvz8nBLNeJBK6StVPCKzNNxUpOToQojUW304fW5gjniSqWejeBxo6Xtlgb0qIWW4vYoRYIIPRph8YwiW1mSxZ6sahYlfruDA52wtwPw82I9EVnEul7jRMbbFGFD2NDNW3AinEFt5sqMa84tKK0V9JJyRe4FY7yFTOVjSMV41WF2srbI3k0QVGoEaQ7r0tijCBnXil4QVwQ0ya1FW3g","d528cbceddde5d3cbc0f6f3b841a48e10d35fd84eea400959a2bc450c19d1a2f");
INSERT INTO user(name, salt, hash) values("JenniferSmith30","1jo5OFAVDpC6xaEgt8sSuHcOSzo1SnkEVF5jHwD39SJegUlvz8nBLNeJBK6StVPCKzNNxUpOToQojUW304fW5gjniSqWejeBxo6Xtlgb0qIWW4vYoRYIIPRph8YwiW1mSxZ6sahYlfruDA52wtwPw82I9EVnEul7jRMbbFGFD2NDNW3AinEFt5sqMa84tKK0V9JJyRe4FY7yFTOVjSMV41WF2srbI3k0QVGoEaQ7r0tijCBnXil4QVwQ0ya1FW3g","d528cbceddde5d3cbc0f6f3b841a48e10d35fd84eea400959a2bc450c19d1a2f");
INSERT INTO user(name, salt, hash) values("JackHansen31","1jo5OFAVDpC6xaEgt8sSuHcOSzo1SnkEVF5jHwD39SJegUlvz8nBLNeJBK6StVPCKzNNxUpOToQojUW304fW5gjniSqWejeBxo6Xtlgb0qIWW4vYoRYIIPRph8YwiW1mSxZ6sahYlfruDA52wtwPw82I9EVnEul7jRMbbFGFD2NDNW3AinEFt5sqMa84tKK0V9JJyRe4FY7yFTOVjSMV41WF2srbI3k0QVGoEaQ7r0tijCBnXil4QVwQ0ya1FW3g","d528cbceddde5d3cbc0f6f3b841a48e10d35fd84eea400959a2bc450c19d1a2f");
INSERT INTO user(name, salt, hash) values("JackGabrielson32","1jo5OFAVDpC6xaEgt8sSuHcOSzo1SnkEVF5jHwD39SJegUlvz8nBLNeJBK6StVPCKzNNxUpOToQojUW304fW5gjniSqWejeBxo6Xtlgb0qIWW4vYoRYIIPRph8YwiW1mSxZ6sahYlfruDA52wtwPw82I9EVnEul7jRMbbFGFD2NDNW3AinEFt5sqMa84tKK0V9JJyRe4FY7yFTOVjSMV41WF2srbI3k0QVGoEaQ7r0tijCBnXil4QVwQ0ya1FW3g","d528cbceddde5d3cbc0f6f3b841a48e10d35fd84eea400959a2bc450c19d1a2f");
INSERT INTO user(name, salt, hash) values("TomSmith33","1jo5OFAVDpC6xaEgt8sSuHcOSzo1SnkEVF5jHwD39SJegUlvz8nBLNeJBK6StVPCKzNNxUpOToQojUW304fW5gjniSqWejeBxo6Xtlgb0qIWW4vYoRYIIPRph8YwiW1mSxZ6sahYlfruDA52wtwPw82I9EVnEul7jRMbbFGFD2NDNW3AinEFt5sqMa84tKK0V9JJyRe4FY7yFTOVjSMV41WF2srbI3k0QVGoEaQ7r0tijCBnXil4QVwQ0ya1FW3g","d528cbceddde5d3cbc0f6f3b841a48e10d35fd84eea400959a2bc450c19d1a2f");
INSERT INTO user(name, salt, hash) values("JackFontenot34","1jo5OFAVDpC6xaEgt8sSuHcOSzo1SnkEVF5jHwD39SJegUlvz8nBLNeJBK6StVPCKzNNxUpOToQojUW304fW5gjniSqWejeBxo6Xtlgb0qIWW4vYoRYIIPRph8YwiW1mSxZ6sahYlfruDA52wtwPw82I9EVnEul7jRMbbFGFD2NDNW3AinEFt5sqMa84tKK0V9JJyRe4FY7yFTOVjSMV41WF2srbI3k0QVGoEaQ7r0tijCBnXil4QVwQ0ya1FW3g","d528cbceddde5d3cbc0f6f3b841a48e10d35fd84eea400959a2bc450c19d1a2f");
INSERT INTO user(name, salt, hash) values("JonathanBanbury35","1jo5OFAVDpC6xaEgt8sSuHcOSzo1SnkEVF5jHwD39SJegUlvz8nBLNeJBK6StVPCKzNNxUpOToQojUW304fW5gjniSqWejeBxo6Xtlgb0qIWW4vYoRYIIPRph8YwiW1mSxZ6sahYlfruDA52wtwPw82I9EVnEul7jRMbbFGFD2NDNW3AinEFt5sqMa84tKK0V9JJyRe4FY7yFTOVjSMV41WF2srbI3k0QVGoEaQ7r0tijCBnXil4QVwQ0ya1FW3g","d528cbceddde5d3cbc0f6f3b841a48e10d35fd84eea400959a2bc450c19d1a2f");
INSERT INTO user(name, salt, hash) values("AllisonSmith36","1jo5OFAVDpC6xaEgt8sSuHcOSzo1SnkEVF5jHwD39SJegUlvz8nBLNeJBK6StVPCKzNNxUpOToQojUW304fW5gjniSqWejeBxo6Xtlgb0qIWW4vYoRYIIPRph8YwiW1mSxZ6sahYlfruDA52wtwPw82I9EVnEul7jRMbbFGFD2NDNW3AinEFt5sqMa84tKK0V9JJyRe4FY7yFTOVjSMV41WF2srbI3k0QVGoEaQ7r0tijCBnXil4QVwQ0ya1FW3g","d528cbceddde5d3cbc0f6f3b841a48e10d35fd84eea400959a2bc450c19d1a2f");
INSERT INTO user(name, salt, hash) values("KatieMitchell37","1jo5OFAVDpC6xaEgt8sSuHcOSzo1SnkEVF5jHwD39SJegUlvz8nBLNeJBK6StVPCKzNNxUpOToQojUW304fW5gjniSqWejeBxo6Xtlgb0qIWW4vYoRYIIPRph8YwiW1mSxZ6sahYlfruDA52wtwPw82I9EVnEul7jRMbbFGFD2NDNW3AinEFt5sqMa84tKK0V9JJyRe4FY7yFTOVjSMV41WF2srbI3k0QVGoEaQ7r0tijCBnXil4QVwQ0ya1FW3g","d528cbceddde5d3cbc0f6f3b841a48e10d35fd84eea400959a2bc450c19d1a2f");
INSERT INTO user(name, salt, hash) values("TomMitchell38","1jo5OFAVDpC6xaEgt8sSuHcOSzo1SnkEVF5jHwD39SJegUlvz8nBLNeJBK6StVPCKzNNxUpOToQojUW304fW5gjniSqWejeBxo6Xtlgb0qIWW4vYoRYIIPRph8YwiW1mSxZ6sahYlfruDA52wtwPw82I9EVnEul7jRMbbFGFD2NDNW3AinEFt5sqMa84tKK0V9JJyRe4FY7yFTOVjSMV41WF2srbI3k0QVGoEaQ7r0tijCBnXil4QVwQ0ya1FW3g","d528cbceddde5d3cbc0f6f3b841a48e10d35fd84eea400959a2bc450c19d1a2f");
INSERT INTO user(name, salt, hash) values("JackHansen39","1jo5OFAVDpC6xaEgt8sSuHcOSzo1SnkEVF5jHwD39SJegUlvz8nBLNeJBK6StVPCKzNNxUpOToQojUW304fW5gjniSqWejeBxo6Xtlgb0qIWW4vYoRYIIPRph8YwiW1mSxZ6sahYlfruDA52wtwPw82I9EVnEul7jRMbbFGFD2NDNW3AinEFt5sqMa84tKK0V9JJyRe4FY7yFTOVjSMV41WF2srbI3k0QVGoEaQ7r0tijCBnXil4QVwQ0ya1FW3g","d528cbceddde5d3cbc0f6f3b841a48e10d35fd84eea400959a2bc450c19d1a2f");
INSERT INTO user(name, salt, hash) values("KatieMitchell40","1jo5OFAVDpC6xaEgt8sSuHcOSzo1SnkEVF5jHwD39SJegUlvz8nBLNeJBK6StVPCKzNNxUpOToQojUW304fW5gjniSqWejeBxo6Xtlgb0qIWW4vYoRYIIPRph8YwiW1mSxZ6sahYlfruDA52wtwPw82I9EVnEul7jRMbbFGFD2NDNW3AinEFt5sqMa84tKK0V9JJyRe4FY7yFTOVjSMV41WF2srbI3k0QVGoEaQ7r0tijCBnXil4QVwQ0ya1FW3g","d528cbceddde5d3cbc0f6f3b841a48e10d35fd84eea400959a2bc450c19d1a2f");
INSERT INTO user(name, salt, hash) values("BenBanbury41","1jo5OFAVDpC6xaEgt8sSuHcOSzo1SnkEVF5jHwD39SJegUlvz8nBLNeJBK6StVPCKzNNxUpOToQojUW304fW5gjniSqWejeBxo6Xtlgb0qIWW4vYoRYIIPRph8YwiW1mSxZ6sahYlfruDA52wtwPw82I9EVnEul7jRMbbFGFD2NDNW3AinEFt5sqMa84tKK0V9JJyRe4FY7yFTOVjSMV41WF2srbI3k0QVGoEaQ7r0tijCBnXil4QVwQ0ya1FW3g","d528cbceddde5d3cbc0f6f3b841a48e10d35fd84eea400959a2bc450c19d1a2f");
INSERT INTO user(name, salt, hash) values("JohnReiss42","1jo5OFAVDpC6xaEgt8sSuHcOSzo1SnkEVF5jHwD39SJegUlvz8nBLNeJBK6StVPCKzNNxUpOToQojUW304fW5gjniSqWejeBxo6Xtlgb0qIWW4vYoRYIIPRph8YwiW1mSxZ6sahYlfruDA52wtwPw82I9EVnEul7jRMbbFGFD2NDNW3AinEFt5sqMa84tKK0V9JJyRe4FY7yFTOVjSMV41WF2srbI3k0QVGoEaQ7r0tijCBnXil4QVwQ0ya1FW3g","d528cbceddde5d3cbc0f6f3b841a48e10d35fd84eea400959a2bc450c19d1a2f");
INSERT INTO user(name, salt, hash) values("TimmothyGabrielson43","1jo5OFAVDpC6xaEgt8sSuHcOSzo1SnkEVF5jHwD39SJegUlvz8nBLNeJBK6StVPCKzNNxUpOToQojUW304fW5gjniSqWejeBxo6Xtlgb0qIWW4vYoRYIIPRph8YwiW1mSxZ6sahYlfruDA52wtwPw82I9EVnEul7jRMbbFGFD2NDNW3AinEFt5sqMa84tKK0V9JJyRe4FY7yFTOVjSMV41WF2srbI3k0QVGoEaQ7r0tijCBnXil4QVwQ0ya1FW3g","d528cbceddde5d3cbc0f6f3b841a48e10d35fd84eea400959a2bc450c19d1a2f");
INSERT INTO user(name, salt, hash) values("JackRenninger44","1jo5OFAVDpC6xaEgt8sSuHcOSzo1SnkEVF5jHwD39SJegUlvz8nBLNeJBK6StVPCKzNNxUpOToQojUW304fW5gjniSqWejeBxo6Xtlgb0qIWW4vYoRYIIPRph8YwiW1mSxZ6sahYlfruDA52wtwPw82I9EVnEul7jRMbbFGFD2NDNW3AinEFt5sqMa84tKK0V9JJyRe4FY7yFTOVjSMV41WF2srbI3k0QVGoEaQ7r0tijCBnXil4QVwQ0ya1FW3g","d528cbceddde5d3cbc0f6f3b841a48e10d35fd84eea400959a2bc450c19d1a2f");
INSERT INTO user(name, salt, hash) values("MattRenninger45","1jo5OFAVDpC6xaEgt8sSuHcOSzo1SnkEVF5jHwD39SJegUlvz8nBLNeJBK6StVPCKzNNxUpOToQojUW304fW5gjniSqWejeBxo6Xtlgb0qIWW4vYoRYIIPRph8YwiW1mSxZ6sahYlfruDA52wtwPw82I9EVnEul7jRMbbFGFD2NDNW3AinEFt5sqMa84tKK0V9JJyRe4FY7yFTOVjSMV41WF2srbI3k0QVGoEaQ7r0tijCBnXil4QVwQ0ya1FW3g","d528cbceddde5d3cbc0f6f3b841a48e10d35fd84eea400959a2bc450c19d1a2f");
INSERT INTO user(name, salt, hash) values("TomCarter46","1jo5OFAVDpC6xaEgt8sSuHcOSzo1SnkEVF5jHwD39SJegUlvz8nBLNeJBK6StVPCKzNNxUpOToQojUW304fW5gjniSqWejeBxo6Xtlgb0qIWW4vYoRYIIPRph8YwiW1mSxZ6sahYlfruDA52wtwPw82I9EVnEul7jRMbbFGFD2NDNW3AinEFt5sqMa84tKK0V9JJyRe4FY7yFTOVjSMV41WF2srbI3k0QVGoEaQ7r0tijCBnXil4QVwQ0ya1FW3g","d528cbceddde5d3cbc0f6f3b841a48e10d35fd84eea400959a2bc450c19d1a2f");
INSERT INTO user(name, salt, hash) values("MattSmith47","1jo5OFAVDpC6xaEgt8sSuHcOSzo1SnkEVF5jHwD39SJegUlvz8nBLNeJBK6StVPCKzNNxUpOToQojUW304fW5gjniSqWejeBxo6Xtlgb0qIWW4vYoRYIIPRph8YwiW1mSxZ6sahYlfruDA52wtwPw82I9EVnEul7jRMbbFGFD2NDNW3AinEFt5sqMa84tKK0V9JJyRe4FY7yFTOVjSMV41WF2srbI3k0QVGoEaQ7r0tijCBnXil4QVwQ0ya1FW3g","d528cbceddde5d3cbc0f6f3b841a48e10d35fd84eea400959a2bc450c19d1a2f");
INSERT INTO user(name, salt, hash) values("JackBanbury48","1jo5OFAVDpC6xaEgt8sSuHcOSzo1SnkEVF5jHwD39SJegUlvz8nBLNeJBK6StVPCKzNNxUpOToQojUW304fW5gjniSqWejeBxo6Xtlgb0qIWW4vYoRYIIPRph8YwiW1mSxZ6sahYlfruDA52wtwPw82I9EVnEul7jRMbbFGFD2NDNW3AinEFt5sqMa84tKK0V9JJyRe4FY7yFTOVjSMV41WF2srbI3k0QVGoEaQ7r0tijCBnXil4QVwQ0ya1FW3g","d528cbceddde5d3cbc0f6f3b841a48e10d35fd84eea400959a2bc450c19d1a2f");
INSERT INTO user(name, salt, hash) values("JenniferCarter49","1jo5OFAVDpC6xaEgt8sSuHcOSzo1SnkEVF5jHwD39SJegUlvz8nBLNeJBK6StVPCKzNNxUpOToQojUW304fW5gjniSqWejeBxo6Xtlgb0qIWW4vYoRYIIPRph8YwiW1mSxZ6sahYlfruDA52wtwPw82I9EVnEul7jRMbbFGFD2NDNW3AinEFt5sqMa84tKK0V9JJyRe4FY7yFTOVjSMV41WF2srbI3k0QVGoEaQ7r0tijCBnXil4QVwQ0ya1FW3g","d528cbceddde5d3cbc0f6f3b841a48e10d35fd84eea400959a2bc450c19d1a2f");
INSERT INTO user(name, salt, hash) values("TomBanbury50","1jo5OFAVDpC6xaEgt8sSuHcOSzo1SnkEVF5jHwD39SJegUlvz8nBLNeJBK6StVPCKzNNxUpOToQojUW304fW5gjniSqWejeBxo6Xtlgb0qIWW4vYoRYIIPRph8YwiW1mSxZ6sahYlfruDA52wtwPw82I9EVnEul7jRMbbFGFD2NDNW3AinEFt5sqMa84tKK0V9JJyRe4FY7yFTOVjSMV41WF2srbI3k0QVGoEaQ7r0tijCBnXil4QVwQ0ya1FW3g","d528cbceddde5d3cbc0f6f3b841a48e10d35fd84eea400959a2bc450c19d1a2f");
INSERT INTO user(name, salt, hash) values("JonathanSmith51","1jo5OFAVDpC6xaEgt8sSuHcOSzo1SnkEVF5jHwD39SJegUlvz8nBLNeJBK6StVPCKzNNxUpOToQojUW304fW5gjniSqWejeBxo6Xtlgb0qIWW4vYoRYIIPRph8YwiW1mSxZ6sahYlfruDA52wtwPw82I9EVnEul7jRMbbFGFD2NDNW3AinEFt5sqMa84tKK0V9JJyRe4FY7yFTOVjSMV41WF2srbI3k0QVGoEaQ7r0tijCBnXil4QVwQ0ya1FW3g","d528cbceddde5d3cbc0f6f3b841a48e10d35fd84eea400959a2bc450c19d1a2f");
INSERT INTO user(name, salt, hash) values("JohnFontenot52","1jo5OFAVDpC6xaEgt8sSuHcOSzo1SnkEVF5jHwD39SJegUlvz8nBLNeJBK6StVPCKzNNxUpOToQojUW304fW5gjniSqWejeBxo6Xtlgb0qIWW4vYoRYIIPRph8YwiW1mSxZ6sahYlfruDA52wtwPw82I9EVnEul7jRMbbFGFD2NDNW3AinEFt5sqMa84tKK0V9JJyRe4FY7yFTOVjSMV41WF2srbI3k0QVGoEaQ7r0tijCBnXil4QVwQ0ya1FW3g","d528cbceddde5d3cbc0f6f3b841a48e10d35fd84eea400959a2bc450c19d1a2f");
INSERT INTO user(name, salt, hash) values("JonathanCohen53","1jo5OFAVDpC6xaEgt8sSuHcOSzo1SnkEVF5jHwD39SJegUlvz8nBLNeJBK6StVPCKzNNxUpOToQojUW304fW5gjniSqWejeBxo6Xtlgb0qIWW4vYoRYIIPRph8YwiW1mSxZ6sahYlfruDA52wtwPw82I9EVnEul7jRMbbFGFD2NDNW3AinEFt5sqMa84tKK0V9JJyRe4FY7yFTOVjSMV41WF2srbI3k0QVGoEaQ7r0tijCBnXil4QVwQ0ya1FW3g","d528cbceddde5d3cbc0f6f3b841a48e10d35fd84eea400959a2bc450c19d1a2f");
INSERT INTO user(name, salt, hash) values("BenGoldman54","1jo5OFAVDpC6xaEgt8sSuHcOSzo1SnkEVF5jHwD39SJegUlvz8nBLNeJBK6StVPCKzNNxUpOToQojUW304fW5gjniSqWejeBxo6Xtlgb0qIWW4vYoRYIIPRph8YwiW1mSxZ6sahYlfruDA52wtwPw82I9EVnEul7jRMbbFGFD2NDNW3AinEFt5sqMa84tKK0V9JJyRe4FY7yFTOVjSMV41WF2srbI3k0QVGoEaQ7r0tijCBnXil4QVwQ0ya1FW3g","d528cbceddde5d3cbc0f6f3b841a48e10d35fd84eea400959a2bc450c19d1a2f");
INSERT INTO user(name, salt, hash) values("JonathanGabrielson55","1jo5OFAVDpC6xaEgt8sSuHcOSzo1SnkEVF5jHwD39SJegUlvz8nBLNeJBK6StVPCKzNNxUpOToQojUW304fW5gjniSqWejeBxo6Xtlgb0qIWW4vYoRYIIPRph8YwiW1mSxZ6sahYlfruDA52wtwPw82I9EVnEul7jRMbbFGFD2NDNW3AinEFt5sqMa84tKK0V9JJyRe4FY7yFTOVjSMV41WF2srbI3k0QVGoEaQ7r0tijCBnXil4QVwQ0ya1FW3g","d528cbceddde5d3cbc0f6f3b841a48e10d35fd84eea400959a2bc450c19d1a2f");
INSERT INTO user(name, salt, hash) values("BenReiss56","1jo5OFAVDpC6xaEgt8sSuHcOSzo1SnkEVF5jHwD39SJegUlvz8nBLNeJBK6StVPCKzNNxUpOToQojUW304fW5gjniSqWejeBxo6Xtlgb0qIWW4vYoRYIIPRph8YwiW1mSxZ6sahYlfruDA52wtwPw82I9EVnEul7jRMbbFGFD2NDNW3AinEFt5sqMa84tKK0V9JJyRe4FY7yFTOVjSMV41WF2srbI3k0QVGoEaQ7r0tijCBnXil4QVwQ0ya1FW3g","d528cbceddde5d3cbc0f6f3b841a48e10d35fd84eea400959a2bc450c19d1a2f");
INSERT INTO user(name, salt, hash) values("TomGabrielson57","1jo5OFAVDpC6xaEgt8sSuHcOSzo1SnkEVF5jHwD39SJegUlvz8nBLNeJBK6StVPCKzNNxUpOToQojUW304fW5gjniSqWejeBxo6Xtlgb0qIWW4vYoRYIIPRph8YwiW1mSxZ6sahYlfruDA52wtwPw82I9EVnEul7jRMbbFGFD2NDNW3AinEFt5sqMa84tKK0V9JJyRe4FY7yFTOVjSMV41WF2srbI3k0QVGoEaQ7r0tijCBnXil4QVwQ0ya1FW3g","d528cbceddde5d3cbc0f6f3b841a48e10d35fd84eea400959a2bc450c19d1a2f");
INSERT INTO user(name, salt, hash) values("TomKhan58","1jo5OFAVDpC6xaEgt8sSuHcOSzo1SnkEVF5jHwD39SJegUlvz8nBLNeJBK6StVPCKzNNxUpOToQojUW304fW5gjniSqWejeBxo6Xtlgb0qIWW4vYoRYIIPRph8YwiW1mSxZ6sahYlfruDA52wtwPw82I9EVnEul7jRMbbFGFD2NDNW3AinEFt5sqMa84tKK0V9JJyRe4FY7yFTOVjSMV41WF2srbI3k0QVGoEaQ7r0tijCBnXil4QVwQ0ya1FW3g","d528cbceddde5d3cbc0f6f3b841a48e10d35fd84eea400959a2bc450c19d1a2f");
INSERT INTO user(name, salt, hash) values("MarkMitchell59","1jo5OFAVDpC6xaEgt8sSuHcOSzo1SnkEVF5jHwD39SJegUlvz8nBLNeJBK6StVPCKzNNxUpOToQojUW304fW5gjniSqWejeBxo6Xtlgb0qIWW4vYoRYIIPRph8YwiW1mSxZ6sahYlfruDA52wtwPw82I9EVnEul7jRMbbFGFD2NDNW3AinEFt5sqMa84tKK0V9JJyRe4FY7yFTOVjSMV41WF2srbI3k0QVGoEaQ7r0tijCBnXil4QVwQ0ya1FW3g","d528cbceddde5d3cbc0f6f3b841a48e10d35fd84eea400959a2bc450c19d1a2f");
INSERT INTO user(name, salt, hash) values("AllisonRenninger60","1jo5OFAVDpC6xaEgt8sSuHcOSzo1SnkEVF5jHwD39SJegUlvz8nBLNeJBK6StVPCKzNNxUpOToQojUW304fW5gjniSqWejeBxo6Xtlgb0qIWW4vYoRYIIPRph8YwiW1mSxZ6sahYlfruDA52wtwPw82I9EVnEul7jRMbbFGFD2NDNW3AinEFt5sqMa84tKK0V9JJyRe4FY7yFTOVjSMV41WF2srbI3k0QVGoEaQ7r0tijCBnXil4QVwQ0ya1FW3g","d528cbceddde5d3cbc0f6f3b841a48e10d35fd84eea400959a2bc450c19d1a2f");
INSERT INTO user(name, salt, hash) values("BobKhan61","1jo5OFAVDpC6xaEgt8sSuHcOSzo1SnkEVF5jHwD39SJegUlvz8nBLNeJBK6StVPCKzNNxUpOToQojUW304fW5gjniSqWejeBxo6Xtlgb0qIWW4vYoRYIIPRph8YwiW1mSxZ6sahYlfruDA52wtwPw82I9EVnEul7jRMbbFGFD2NDNW3AinEFt5sqMa84tKK0V9JJyRe4FY7yFTOVjSMV41WF2srbI3k0QVGoEaQ7r0tijCBnXil4QVwQ0ya1FW3g","d528cbceddde5d3cbc0f6f3b841a48e10d35fd84eea400959a2bc450c19d1a2f");
INSERT INTO user(name, salt, hash) values("KatieMitchell62","1jo5OFAVDpC6xaEgt8sSuHcOSzo1SnkEVF5jHwD39SJegUlvz8nBLNeJBK6StVPCKzNNxUpOToQojUW304fW5gjniSqWejeBxo6Xtlgb0qIWW4vYoRYIIPRph8YwiW1mSxZ6sahYlfruDA52wtwPw82I9EVnEul7jRMbbFGFD2NDNW3AinEFt5sqMa84tKK0V9JJyRe4FY7yFTOVjSMV41WF2srbI3k0QVGoEaQ7r0tijCBnXil4QVwQ0ya1FW3g","d528cbceddde5d3cbc0f6f3b841a48e10d35fd84eea400959a2bc450c19d1a2f");
INSERT INTO user(name, salt, hash) values("GraceKhan63","1jo5OFAVDpC6xaEgt8sSuHcOSzo1SnkEVF5jHwD39SJegUlvz8nBLNeJBK6StVPCKzNNxUpOToQojUW304fW5gjniSqWejeBxo6Xtlgb0qIWW4vYoRYIIPRph8YwiW1mSxZ6sahYlfruDA52wtwPw82I9EVnEul7jRMbbFGFD2NDNW3AinEFt5sqMa84tKK0V9JJyRe4FY7yFTOVjSMV41WF2srbI3k0QVGoEaQ7r0tijCBnXil4QVwQ0ya1FW3g","d528cbceddde5d3cbc0f6f3b841a48e10d35fd84eea400959a2bc450c19d1a2f");
INSERT INTO user(name, salt, hash) values("MarkFontenot64","1jo5OFAVDpC6xaEgt8sSuHcOSzo1SnkEVF5jHwD39SJegUlvz8nBLNeJBK6StVPCKzNNxUpOToQojUW304fW5gjniSqWejeBxo6Xtlgb0qIWW4vYoRYIIPRph8YwiW1mSxZ6sahYlfruDA52wtwPw82I9EVnEul7jRMbbFGFD2NDNW3AinEFt5sqMa84tKK0V9JJyRe4FY7yFTOVjSMV41WF2srbI3k0QVGoEaQ7r0tijCBnXil4QVwQ0ya1FW3g","d528cbceddde5d3cbc0f6f3b841a48e10d35fd84eea400959a2bc450c19d1a2f");
INSERT INTO user(name, salt, hash) values("TimmothyCohen65","1jo5OFAVDpC6xaEgt8sSuHcOSzo1SnkEVF5jHwD39SJegUlvz8nBLNeJBK6StVPCKzNNxUpOToQojUW304fW5gjniSqWejeBxo6Xtlgb0qIWW4vYoRYIIPRph8YwiW1mSxZ6sahYlfruDA52wtwPw82I9EVnEul7jRMbbFGFD2NDNW3AinEFt5sqMa84tKK0V9JJyRe4FY7yFTOVjSMV41WF2srbI3k0QVGoEaQ7r0tijCBnXil4QVwQ0ya1FW3g","d528cbceddde5d3cbc0f6f3b841a48e10d35fd84eea400959a2bc450c19d1a2f");
INSERT INTO user(name, salt, hash) values("BobJohnson66","1jo5OFAVDpC6xaEgt8sSuHcOSzo1SnkEVF5jHwD39SJegUlvz8nBLNeJBK6StVPCKzNNxUpOToQojUW304fW5gjniSqWejeBxo6Xtlgb0qIWW4vYoRYIIPRph8YwiW1mSxZ6sahYlfruDA52wtwPw82I9EVnEul7jRMbbFGFD2NDNW3AinEFt5sqMa84tKK0V9JJyRe4FY7yFTOVjSMV41WF2srbI3k0QVGoEaQ7r0tijCBnXil4QVwQ0ya1FW3g","d528cbceddde5d3cbc0f6f3b841a48e10d35fd84eea400959a2bc450c19d1a2f");
INSERT INTO user(name, salt, hash) values("MarkBanbury67","1jo5OFAVDpC6xaEgt8sSuHcOSzo1SnkEVF5jHwD39SJegUlvz8nBLNeJBK6StVPCKzNNxUpOToQojUW304fW5gjniSqWejeBxo6Xtlgb0qIWW4vYoRYIIPRph8YwiW1mSxZ6sahYlfruDA52wtwPw82I9EVnEul7jRMbbFGFD2NDNW3AinEFt5sqMa84tKK0V9JJyRe4FY7yFTOVjSMV41WF2srbI3k0QVGoEaQ7r0tijCBnXil4QVwQ0ya1FW3g","d528cbceddde5d3cbc0f6f3b841a48e10d35fd84eea400959a2bc450c19d1a2f");
INSERT INTO user(name, salt, hash) values("KatieJohnson68","1jo5OFAVDpC6xaEgt8sSuHcOSzo1SnkEVF5jHwD39SJegUlvz8nBLNeJBK6StVPCKzNNxUpOToQojUW304fW5gjniSqWejeBxo6Xtlgb0qIWW4vYoRYIIPRph8YwiW1mSxZ6sahYlfruDA52wtwPw82I9EVnEul7jRMbbFGFD2NDNW3AinEFt5sqMa84tKK0V9JJyRe4FY7yFTOVjSMV41WF2srbI3k0QVGoEaQ7r0tijCBnXil4QVwQ0ya1FW3g","d528cbceddde5d3cbc0f6f3b841a48e10d35fd84eea400959a2bc450c19d1a2f");
INSERT INTO user(name, salt, hash) values("AllisonReiss69","1jo5OFAVDpC6xaEgt8sSuHcOSzo1SnkEVF5jHwD39SJegUlvz8nBLNeJBK6StVPCKzNNxUpOToQojUW304fW5gjniSqWejeBxo6Xtlgb0qIWW4vYoRYIIPRph8YwiW1mSxZ6sahYlfruDA52wtwPw82I9EVnEul7jRMbbFGFD2NDNW3AinEFt5sqMa84tKK0V9JJyRe4FY7yFTOVjSMV41WF2srbI3k0QVGoEaQ7r0tijCBnXil4QVwQ0ya1FW3g","d528cbceddde5d3cbc0f6f3b841a48e10d35fd84eea400959a2bc450c19d1a2f");
INSERT INTO user(name, salt, hash) values("GraceStenbit70","1jo5OFAVDpC6xaEgt8sSuHcOSzo1SnkEVF5jHwD39SJegUlvz8nBLNeJBK6StVPCKzNNxUpOToQojUW304fW5gjniSqWejeBxo6Xtlgb0qIWW4vYoRYIIPRph8YwiW1mSxZ6sahYlfruDA52wtwPw82I9EVnEul7jRMbbFGFD2NDNW3AinEFt5sqMa84tKK0V9JJyRe4FY7yFTOVjSMV41WF2srbI3k0QVGoEaQ7r0tijCBnXil4QVwQ0ya1FW3g","d528cbceddde5d3cbc0f6f3b841a48e10d35fd84eea400959a2bc450c19d1a2f");
INSERT INTO user(name, salt, hash) values("JackKhan71","1jo5OFAVDpC6xaEgt8sSuHcOSzo1SnkEVF5jHwD39SJegUlvz8nBLNeJBK6StVPCKzNNxUpOToQojUW304fW5gjniSqWejeBxo6Xtlgb0qIWW4vYoRYIIPRph8YwiW1mSxZ6sahYlfruDA52wtwPw82I9EVnEul7jRMbbFGFD2NDNW3AinEFt5sqMa84tKK0V9JJyRe4FY7yFTOVjSMV41WF2srbI3k0QVGoEaQ7r0tijCBnXil4QVwQ0ya1FW3g","d528cbceddde5d3cbc0f6f3b841a48e10d35fd84eea400959a2bc450c19d1a2f");
INSERT INTO user(name, salt, hash) values("BobGoldman72","1jo5OFAVDpC6xaEgt8sSuHcOSzo1SnkEVF5jHwD39SJegUlvz8nBLNeJBK6StVPCKzNNxUpOToQojUW304fW5gjniSqWejeBxo6Xtlgb0qIWW4vYoRYIIPRph8YwiW1mSxZ6sahYlfruDA52wtwPw82I9EVnEul7jRMbbFGFD2NDNW3AinEFt5sqMa84tKK0V9JJyRe4FY7yFTOVjSMV41WF2srbI3k0QVGoEaQ7r0tijCBnXil4QVwQ0ya1FW3g","d528cbceddde5d3cbc0f6f3b841a48e10d35fd84eea400959a2bc450c19d1a2f");
INSERT INTO user(name, salt, hash) values("JonathanReiss73","1jo5OFAVDpC6xaEgt8sSuHcOSzo1SnkEVF5jHwD39SJegUlvz8nBLNeJBK6StVPCKzNNxUpOToQojUW304fW5gjniSqWejeBxo6Xtlgb0qIWW4vYoRYIIPRph8YwiW1mSxZ6sahYlfruDA52wtwPw82I9EVnEul7jRMbbFGFD2NDNW3AinEFt5sqMa84tKK0V9JJyRe4FY7yFTOVjSMV41WF2srbI3k0QVGoEaQ7r0tijCBnXil4QVwQ0ya1FW3g","d528cbceddde5d3cbc0f6f3b841a48e10d35fd84eea400959a2bc450c19d1a2f");
INSERT INTO user(name, salt, hash) values("KatieBanbury74","1jo5OFAVDpC6xaEgt8sSuHcOSzo1SnkEVF5jHwD39SJegUlvz8nBLNeJBK6StVPCKzNNxUpOToQojUW304fW5gjniSqWejeBxo6Xtlgb0qIWW4vYoRYIIPRph8YwiW1mSxZ6sahYlfruDA52wtwPw82I9EVnEul7jRMbbFGFD2NDNW3AinEFt5sqMa84tKK0V9JJyRe4FY7yFTOVjSMV41WF2srbI3k0QVGoEaQ7r0tijCBnXil4QVwQ0ya1FW3g","d528cbceddde5d3cbc0f6f3b841a48e10d35fd84eea400959a2bc450c19d1a2f");
INSERT INTO user(name, salt, hash) values("KatieReiss75","1jo5OFAVDpC6xaEgt8sSuHcOSzo1SnkEVF5jHwD39SJegUlvz8nBLNeJBK6StVPCKzNNxUpOToQojUW304fW5gjniSqWejeBxo6Xtlgb0qIWW4vYoRYIIPRph8YwiW1mSxZ6sahYlfruDA52wtwPw82I9EVnEul7jRMbbFGFD2NDNW3AinEFt5sqMa84tKK0V9JJyRe4FY7yFTOVjSMV41WF2srbI3k0QVGoEaQ7r0tijCBnXil4QVwQ0ya1FW3g","d528cbceddde5d3cbc0f6f3b841a48e10d35fd84eea400959a2bc450c19d1a2f");
INSERT INTO user(name, salt, hash) values("PaigeKhan76","1jo5OFAVDpC6xaEgt8sSuHcOSzo1SnkEVF5jHwD39SJegUlvz8nBLNeJBK6StVPCKzNNxUpOToQojUW304fW5gjniSqWejeBxo6Xtlgb0qIWW4vYoRYIIPRph8YwiW1mSxZ6sahYlfruDA52wtwPw82I9EVnEul7jRMbbFGFD2NDNW3AinEFt5sqMa84tKK0V9JJyRe4FY7yFTOVjSMV41WF2srbI3k0QVGoEaQ7r0tijCBnXil4QVwQ0ya1FW3g","d528cbceddde5d3cbc0f6f3b841a48e10d35fd84eea400959a2bc450c19d1a2f");
INSERT INTO user(name, salt, hash) values("AllisonGabrielson77","1jo5OFAVDpC6xaEgt8sSuHcOSzo1SnkEVF5jHwD39SJegUlvz8nBLNeJBK6StVPCKzNNxUpOToQojUW304fW5gjniSqWejeBxo6Xtlgb0qIWW4vYoRYIIPRph8YwiW1mSxZ6sahYlfruDA52wtwPw82I9EVnEul7jRMbbFGFD2NDNW3AinEFt5sqMa84tKK0V9JJyRe4FY7yFTOVjSMV41WF2srbI3k0QVGoEaQ7r0tijCBnXil4QVwQ0ya1FW3g","d528cbceddde5d3cbc0f6f3b841a48e10d35fd84eea400959a2bc450c19d1a2f");
INSERT INTO user(name, salt, hash) values("JenniferHansen78","1jo5OFAVDpC6xaEgt8sSuHcOSzo1SnkEVF5jHwD39SJegUlvz8nBLNeJBK6StVPCKzNNxUpOToQojUW304fW5gjniSqWejeBxo6Xtlgb0qIWW4vYoRYIIPRph8YwiW1mSxZ6sahYlfruDA52wtwPw82I9EVnEul7jRMbbFGFD2NDNW3AinEFt5sqMa84tKK0V9JJyRe4FY7yFTOVjSMV41WF2srbI3k0QVGoEaQ7r0tijCBnXil4QVwQ0ya1FW3g","d528cbceddde5d3cbc0f6f3b841a48e10d35fd84eea400959a2bc450c19d1a2f");
INSERT INTO user(name, salt, hash) values("PaigeMitchell79","1jo5OFAVDpC6xaEgt8sSuHcOSzo1SnkEVF5jHwD39SJegUlvz8nBLNeJBK6StVPCKzNNxUpOToQojUW304fW5gjniSqWejeBxo6Xtlgb0qIWW4vYoRYIIPRph8YwiW1mSxZ6sahYlfruDA52wtwPw82I9EVnEul7jRMbbFGFD2NDNW3AinEFt5sqMa84tKK0V9JJyRe4FY7yFTOVjSMV41WF2srbI3k0QVGoEaQ7r0tijCBnXil4QVwQ0ya1FW3g","d528cbceddde5d3cbc0f6f3b841a48e10d35fd84eea400959a2bc450c19d1a2f");
INSERT INTO user(name, salt, hash) values("MarkCohen80","1jo5OFAVDpC6xaEgt8sSuHcOSzo1SnkEVF5jHwD39SJegUlvz8nBLNeJBK6StVPCKzNNxUpOToQojUW304fW5gjniSqWejeBxo6Xtlgb0qIWW4vYoRYIIPRph8YwiW1mSxZ6sahYlfruDA52wtwPw82I9EVnEul7jRMbbFGFD2NDNW3AinEFt5sqMa84tKK0V9JJyRe4FY7yFTOVjSMV41WF2srbI3k0QVGoEaQ7r0tijCBnXil4QVwQ0ya1FW3g","d528cbceddde5d3cbc0f6f3b841a48e10d35fd84eea400959a2bc450c19d1a2f");
INSERT INTO user(name, salt, hash) values("BobGoldman81","1jo5OFAVDpC6xaEgt8sSuHcOSzo1SnkEVF5jHwD39SJegUlvz8nBLNeJBK6StVPCKzNNxUpOToQojUW304fW5gjniSqWejeBxo6Xtlgb0qIWW4vYoRYIIPRph8YwiW1mSxZ6sahYlfruDA52wtwPw82I9EVnEul7jRMbbFGFD2NDNW3AinEFt5sqMa84tKK0V9JJyRe4FY7yFTOVjSMV41WF2srbI3k0QVGoEaQ7r0tijCBnXil4QVwQ0ya1FW3g","d528cbceddde5d3cbc0f6f3b841a48e10d35fd84eea400959a2bc450c19d1a2f");
INSERT INTO user(name, salt, hash) values("JenniferCohen82","1jo5OFAVDpC6xaEgt8sSuHcOSzo1SnkEVF5jHwD39SJegUlvz8nBLNeJBK6StVPCKzNNxUpOToQojUW304fW5gjniSqWejeBxo6Xtlgb0qIWW4vYoRYIIPRph8YwiW1mSxZ6sahYlfruDA52wtwPw82I9EVnEul7jRMbbFGFD2NDNW3AinEFt5sqMa84tKK0V9JJyRe4FY7yFTOVjSMV41WF2srbI3k0QVGoEaQ7r0tijCBnXil4QVwQ0ya1FW3g","d528cbceddde5d3cbc0f6f3b841a48e10d35fd84eea400959a2bc450c19d1a2f");
INSERT INTO user(name, salt, hash) values("JackReiss83","1jo5OFAVDpC6xaEgt8sSuHcOSzo1SnkEVF5jHwD39SJegUlvz8nBLNeJBK6StVPCKzNNxUpOToQojUW304fW5gjniSqWejeBxo6Xtlgb0qIWW4vYoRYIIPRph8YwiW1mSxZ6sahYlfruDA52wtwPw82I9EVnEul7jRMbbFGFD2NDNW3AinEFt5sqMa84tKK0V9JJyRe4FY7yFTOVjSMV41WF2srbI3k0QVGoEaQ7r0tijCBnXil4QVwQ0ya1FW3g","d528cbceddde5d3cbc0f6f3b841a48e10d35fd84eea400959a2bc450c19d1a2f");
INSERT INTO user(name, salt, hash) values("TomKhan84","1jo5OFAVDpC6xaEgt8sSuHcOSzo1SnkEVF5jHwD39SJegUlvz8nBLNeJBK6StVPCKzNNxUpOToQojUW304fW5gjniSqWejeBxo6Xtlgb0qIWW4vYoRYIIPRph8YwiW1mSxZ6sahYlfruDA52wtwPw82I9EVnEul7jRMbbFGFD2NDNW3AinEFt5sqMa84tKK0V9JJyRe4FY7yFTOVjSMV41WF2srbI3k0QVGoEaQ7r0tijCBnXil4QVwQ0ya1FW3g","d528cbceddde5d3cbc0f6f3b841a48e10d35fd84eea400959a2bc450c19d1a2f");
INSERT INTO user(name, salt, hash) values("KatieFontenot85","1jo5OFAVDpC6xaEgt8sSuHcOSzo1SnkEVF5jHwD39SJegUlvz8nBLNeJBK6StVPCKzNNxUpOToQojUW304fW5gjniSqWejeBxo6Xtlgb0qIWW4vYoRYIIPRph8YwiW1mSxZ6sahYlfruDA52wtwPw82I9EVnEul7jRMbbFGFD2NDNW3AinEFt5sqMa84tKK0V9JJyRe4FY7yFTOVjSMV41WF2srbI3k0QVGoEaQ7r0tijCBnXil4QVwQ0ya1FW3g","d528cbceddde5d3cbc0f6f3b841a48e10d35fd84eea400959a2bc450c19d1a2f");
INSERT INTO user(name, salt, hash) values("MaryGoldman86","1jo5OFAVDpC6xaEgt8sSuHcOSzo1SnkEVF5jHwD39SJegUlvz8nBLNeJBK6StVPCKzNNxUpOToQojUW304fW5gjniSqWejeBxo6Xtlgb0qIWW4vYoRYIIPRph8YwiW1mSxZ6sahYlfruDA52wtwPw82I9EVnEul7jRMbbFGFD2NDNW3AinEFt5sqMa84tKK0V9JJyRe4FY7yFTOVjSMV41WF2srbI3k0QVGoEaQ7r0tijCBnXil4QVwQ0ya1FW3g","d528cbceddde5d3cbc0f6f3b841a48e10d35fd84eea400959a2bc450c19d1a2f");
INSERT INTO user(name, salt, hash) values("JackCarter87","1jo5OFAVDpC6xaEgt8sSuHcOSzo1SnkEVF5jHwD39SJegUlvz8nBLNeJBK6StVPCKzNNxUpOToQojUW304fW5gjniSqWejeBxo6Xtlgb0qIWW4vYoRYIIPRph8YwiW1mSxZ6sahYlfruDA52wtwPw82I9EVnEul7jRMbbFGFD2NDNW3AinEFt5sqMa84tKK0V9JJyRe4FY7yFTOVjSMV41WF2srbI3k0QVGoEaQ7r0tijCBnXil4QVwQ0ya1FW3g","d528cbceddde5d3cbc0f6f3b841a48e10d35fd84eea400959a2bc450c19d1a2f");
INSERT INTO user(name, salt, hash) values("TomJohnson88","1jo5OFAVDpC6xaEgt8sSuHcOSzo1SnkEVF5jHwD39SJegUlvz8nBLNeJBK6StVPCKzNNxUpOToQojUW304fW5gjniSqWejeBxo6Xtlgb0qIWW4vYoRYIIPRph8YwiW1mSxZ6sahYlfruDA52wtwPw82I9EVnEul7jRMbbFGFD2NDNW3AinEFt5sqMa84tKK0V9JJyRe4FY7yFTOVjSMV41WF2srbI3k0QVGoEaQ7r0tijCBnXil4QVwQ0ya1FW3g","d528cbceddde5d3cbc0f6f3b841a48e10d35fd84eea400959a2bc450c19d1a2f");
INSERT INTO user(name, salt, hash) values("JenniferFontenot89","1jo5OFAVDpC6xaEgt8sSuHcOSzo1SnkEVF5jHwD39SJegUlvz8nBLNeJBK6StVPCKzNNxUpOToQojUW304fW5gjniSqWejeBxo6Xtlgb0qIWW4vYoRYIIPRph8YwiW1mSxZ6sahYlfruDA52wtwPw82I9EVnEul7jRMbbFGFD2NDNW3AinEFt5sqMa84tKK0V9JJyRe4FY7yFTOVjSMV41WF2srbI3k0QVGoEaQ7r0tijCBnXil4QVwQ0ya1FW3g","d528cbceddde5d3cbc0f6f3b841a48e10d35fd84eea400959a2bc450c19d1a2f");
INSERT INTO user(name, salt, hash) values("SarahRenninger90","1jo5OFAVDpC6xaEgt8sSuHcOSzo1SnkEVF5jHwD39SJegUlvz8nBLNeJBK6StVPCKzNNxUpOToQojUW304fW5gjniSqWejeBxo6Xtlgb0qIWW4vYoRYIIPRph8YwiW1mSxZ6sahYlfruDA52wtwPw82I9EVnEul7jRMbbFGFD2NDNW3AinEFt5sqMa84tKK0V9JJyRe4FY7yFTOVjSMV41WF2srbI3k0QVGoEaQ7r0tijCBnXil4QVwQ0ya1FW3g","d528cbceddde5d3cbc0f6f3b841a48e10d35fd84eea400959a2bc450c19d1a2f");
INSERT INTO user(name, salt, hash) values("SarahMitchell91","1jo5OFAVDpC6xaEgt8sSuHcOSzo1SnkEVF5jHwD39SJegUlvz8nBLNeJBK6StVPCKzNNxUpOToQojUW304fW5gjniSqWejeBxo6Xtlgb0qIWW4vYoRYIIPRph8YwiW1mSxZ6sahYlfruDA52wtwPw82I9EVnEul7jRMbbFGFD2NDNW3AinEFt5sqMa84tKK0V9JJyRe4FY7yFTOVjSMV41WF2srbI3k0QVGoEaQ7r0tijCBnXil4QVwQ0ya1FW3g","d528cbceddde5d3cbc0f6f3b841a48e10d35fd84eea400959a2bc450c19d1a2f");
INSERT INTO user(name, salt, hash) values("JenniferJohnson92","1jo5OFAVDpC6xaEgt8sSuHcOSzo1SnkEVF5jHwD39SJegUlvz8nBLNeJBK6StVPCKzNNxUpOToQojUW304fW5gjniSqWejeBxo6Xtlgb0qIWW4vYoRYIIPRph8YwiW1mSxZ6sahYlfruDA52wtwPw82I9EVnEul7jRMbbFGFD2NDNW3AinEFt5sqMa84tKK0V9JJyRe4FY7yFTOVjSMV41WF2srbI3k0QVGoEaQ7r0tijCBnXil4QVwQ0ya1FW3g","d528cbceddde5d3cbc0f6f3b841a48e10d35fd84eea400959a2bc450c19d1a2f");
INSERT INTO user(name, salt, hash) values("MattRenninger93","1jo5OFAVDpC6xaEgt8sSuHcOSzo1SnkEVF5jHwD39SJegUlvz8nBLNeJBK6StVPCKzNNxUpOToQojUW304fW5gjniSqWejeBxo6Xtlgb0qIWW4vYoRYIIPRph8YwiW1mSxZ6sahYlfruDA52wtwPw82I9EVnEul7jRMbbFGFD2NDNW3AinEFt5sqMa84tKK0V9JJyRe4FY7yFTOVjSMV41WF2srbI3k0QVGoEaQ7r0tijCBnXil4QVwQ0ya1FW3g","d528cbceddde5d3cbc0f6f3b841a48e10d35fd84eea400959a2bc450c19d1a2f");
INSERT INTO user(name, salt, hash) values("BobCarter94","1jo5OFAVDpC6xaEgt8sSuHcOSzo1SnkEVF5jHwD39SJegUlvz8nBLNeJBK6StVPCKzNNxUpOToQojUW304fW5gjniSqWejeBxo6Xtlgb0qIWW4vYoRYIIPRph8YwiW1mSxZ6sahYlfruDA52wtwPw82I9EVnEul7jRMbbFGFD2NDNW3AinEFt5sqMa84tKK0V9JJyRe4FY7yFTOVjSMV41WF2srbI3k0QVGoEaQ7r0tijCBnXil4QVwQ0ya1FW3g","d528cbceddde5d3cbc0f6f3b841a48e10d35fd84eea400959a2bc450c19d1a2f");
INSERT INTO user(name, salt, hash) values("BenHansen95","1jo5OFAVDpC6xaEgt8sSuHcOSzo1SnkEVF5jHwD39SJegUlvz8nBLNeJBK6StVPCKzNNxUpOToQojUW304fW5gjniSqWejeBxo6Xtlgb0qIWW4vYoRYIIPRph8YwiW1mSxZ6sahYlfruDA52wtwPw82I9EVnEul7jRMbbFGFD2NDNW3AinEFt5sqMa84tKK0V9JJyRe4FY7yFTOVjSMV41WF2srbI3k0QVGoEaQ7r0tijCBnXil4QVwQ0ya1FW3g","d528cbceddde5d3cbc0f6f3b841a48e10d35fd84eea400959a2bc450c19d1a2f");
INSERT INTO user(name, salt, hash) values("BobJohnson96","1jo5OFAVDpC6xaEgt8sSuHcOSzo1SnkEVF5jHwD39SJegUlvz8nBLNeJBK6StVPCKzNNxUpOToQojUW304fW5gjniSqWejeBxo6Xtlgb0qIWW4vYoRYIIPRph8YwiW1mSxZ6sahYlfruDA52wtwPw82I9EVnEul7jRMbbFGFD2NDNW3AinEFt5sqMa84tKK0V9JJyRe4FY7yFTOVjSMV41WF2srbI3k0QVGoEaQ7r0tijCBnXil4QVwQ0ya1FW3g","d528cbceddde5d3cbc0f6f3b841a48e10d35fd84eea400959a2bc450c19d1a2f");
INSERT INTO user(name, salt, hash) values("KatieMitchell97","1jo5OFAVDpC6xaEgt8sSuHcOSzo1SnkEVF5jHwD39SJegUlvz8nBLNeJBK6StVPCKzNNxUpOToQojUW304fW5gjniSqWejeBxo6Xtlgb0qIWW4vYoRYIIPRph8YwiW1mSxZ6sahYlfruDA52wtwPw82I9EVnEul7jRMbbFGFD2NDNW3AinEFt5sqMa84tKK0V9JJyRe4FY7yFTOVjSMV41WF2srbI3k0QVGoEaQ7r0tijCBnXil4QVwQ0ya1FW3g","d528cbceddde5d3cbc0f6f3b841a48e10d35fd84eea400959a2bc450c19d1a2f");
INSERT INTO user(name, salt, hash) values("PaigeKhan98","1jo5OFAVDpC6xaEgt8sSuHcOSzo1SnkEVF5jHwD39SJegUlvz8nBLNeJBK6StVPCKzNNxUpOToQojUW304fW5gjniSqWejeBxo6Xtlgb0qIWW4vYoRYIIPRph8YwiW1mSxZ6sahYlfruDA52wtwPw82I9EVnEul7jRMbbFGFD2NDNW3AinEFt5sqMa84tKK0V9JJyRe4FY7yFTOVjSMV41WF2srbI3k0QVGoEaQ7r0tijCBnXil4QVwQ0ya1FW3g","d528cbceddde5d3cbc0f6f3b841a48e10d35fd84eea400959a2bc450c19d1a2f");
INSERT INTO user(name, salt, hash) values("GraceSmith99","1jo5OFAVDpC6xaEgt8sSuHcOSzo1SnkEVF5jHwD39SJegUlvz8nBLNeJBK6StVPCKzNNxUpOToQojUW304fW5gjniSqWejeBxo6Xtlgb0qIWW4vYoRYIIPRph8YwiW1mSxZ6sahYlfruDA52wtwPw82I9EVnEul7jRMbbFGFD2NDNW3AinEFt5sqMa84tKK0V9JJyRe4FY7yFTOVjSMV41WF2srbI3k0QVGoEaQ7r0tijCBnXil4QVwQ0ya1FW3g","d528cbceddde5d3cbc0f6f3b841a48e10d35fd84eea400959a2bc450c19d1a2f");





INSERT INTO game(sport, time, date, playerCount, location, full) values("Football","09:30:00", "2016-4-14" , 2 , "Sand Volleyball Courts" , FALSE);
INSERT INTO game(sport, time, date, playerCount, location, full) values("Basketball","21:05:00", "2016-3-14" , 4 , "Track" , FALSE);
INSERT INTO game(sport, time, date, playerCount, location, full) values("Tennis","14:20:00", "2016-3-28" , 2 , "Dedman Rec Center" , FALSE);
INSERT INTO game(sport, time, date, playerCount, location, full) values("Indoor Soccer","18:15:00", "2016-3-28" , 4 , "Intramural Field" , FALSE);
INSERT INTO game(sport, time, date, playerCount, location, full) values("Football","12:30:00", "2016-4-11" , 6 , "Dedman Rec Center" , FALSE);
INSERT INTO game(sport, time, date, playerCount, location, full) values("Ping Pong","12:30:00", "2016-4-11" , 8 , "Intramural Field" , FALSE);
INSERT INTO game(sport, time, date, playerCount, location, full) values("Pool","14:20:00", "2016-7-11" , 6 , "Sand Volleyball Courts" , TRUE);
INSERT INTO game(sport, time, date, playerCount, location, full) values("Basketball","21:05:00", "2016-7-11" , 10 , "Sand Volleyball Courts" , FALSE);
INSERT INTO game(sport, time, date, playerCount, location, full) values("Tennis","21:05:00", "2016-3-14" , 8 , "Track" , FALSE);
INSERT INTO game(sport, time, date, playerCount, location, full) values("Football","09:30:00", "2016-4-11" , 15 , "Lacrosse Field" , FALSE);
INSERT INTO game(sport, time, date, playerCount, location, full) values("Tennis","22:00:00", "2016-5-12" , 6 , "Dedman Rec Center" , TRUE);
INSERT INTO game(sport, time, date, playerCount, location, full) values("Football","14:20:00", "2016-5-12" , 5 , "Dedman Rec Center" , FALSE);
INSERT INTO game(sport, time, date, playerCount, location, full) values("Tennis","08:00:00", "2016-4-14" , 10 , "Lacrosse Field" , FALSE);
INSERT INTO game(sport, time, date, playerCount, location, full) values("Indoor Soccer","12:30:00", "2016-4-28" , 2 , "Intramural Field" , FALSE);
INSERT INTO game(sport, time, date, playerCount, location, full) values("Indoor Soccer","09:30:00", "2016-3-14" , 2 , "Intramural Field" , FALSE);
INSERT INTO game(sport, time, date, playerCount, location, full) values("Pool","08:00:00", "2016-4-28" , 5 , "Lacrosse Field" , FALSE);
INSERT INTO game(sport, time, date, playerCount, location, full) values("Ping Pong","08:00:00", "2016-5-18" , 6 , "Sand Volleyball Courts" , TRUE);
INSERT INTO game(sport, time, date, playerCount, location, full) values("Pool","13:25:00", "2016-3-28" , 6 , "Sand Volleyball Courts" , TRUE);
INSERT INTO game(sport, time, date, playerCount, location, full) values("Pool","22:00:00", "2016-5-12" , 5 , "Lacrosse Field" , FALSE);
INSERT INTO game(sport, time, date, playerCount, location, full) values("Tennis","21:05:00", "2016-7-11" , 15 , "Track" , FALSE);
INSERT INTO game(sport, time, date, playerCount, location, full) values("Indoor Soccer","13:25:00", "2016-7-11" , 5 , "Lacrosse Field" , FALSE);
INSERT INTO game(sport, time, date, playerCount, location, full) values("Pool","21:05:00", "2016-7-11" , 2 , "Sand Volleyball Courts" , FALSE);
INSERT INTO game(sport, time, date, playerCount, location, full) values("Ultimate Frisbee","16:40:00", "2016-3-28" , 6 , "Intramural Field" , FALSE);
INSERT INTO game(sport, time, date, playerCount, location, full) values("Basketball","12:30:00", "2016-4-28" , 10 , "Sand Volleyball Courts" , FALSE);
INSERT INTO game(sport, time, date, playerCount, location, full) values("Pool","09:30:00", "2016-3-14" , 8 , "Dedman Rec Center" , FALSE);
INSERT INTO game(sport, time, date, playerCount, location, full) values("Pool","21:05:00", "2016-3-28" , 5 , "Intramural Field" , FALSE);
INSERT INTO game(sport, time, date, playerCount, location, full) values("Soccer","13:25:00", "2016-5-12" , 10 , "Lacrosse Field" , TRUE);
INSERT INTO game(sport, time, date, playerCount, location, full) values("Soccer","08:00:00", "2016-4-28" , 6 , "Sand Volleyball Courts" , FALSE);
INSERT INTO game(sport, time, date, playerCount, location, full) values("Football","16:40:00", "2016-4-14" , 2 , "Sand Volleyball Courts" , TRUE);
INSERT INTO game(sport, time, date, playerCount, location, full) values("Ping Pong","13:25:00", "2016-3-14" , 10 , "Sand Volleyball Courts" , FALSE);
INSERT INTO game(sport, time, date, playerCount, location, full) values("Tennis","12:30:00", "2016-5-18" , 8 , "Intramural Field" , FALSE);
INSERT INTO game(sport, time, date, playerCount, location, full) values("Pool","08:00:00", "2016-5-18" , 6 , "Track" , FALSE);
INSERT INTO game(sport, time, date, playerCount, location, full) values("Ultimate Frisbee","14:20:00", "2016-3-14" , 15 , "Track" , FALSE);
INSERT INTO game(sport, time, date, playerCount, location, full) values("Pool","08:00:00", "2016-4-14" , 15 , "Lacrosse Field" , FALSE);
INSERT INTO game(sport, time, date, playerCount, location, full) values("Ping Pong","08:00:00", "2016-5-18" , 5 , "Intramural Field" , FALSE);
INSERT INTO game(sport, time, date, playerCount, location, full) values("Indoor Soccer","08:00:00", "2016-5-18" , 10 , "Track" , FALSE);
INSERT INTO game(sport, time, date, playerCount, location, full) values("Soccer","16:40:00", "2016-3-28" , 15 , "Dedman Rec Center" , FALSE);
INSERT INTO game(sport, time, date, playerCount, location, full) values("Soccer","09:30:00", "2016-4-14" , 6 , "Sand Volleyball Courts" , FALSE);
INSERT INTO game(sport, time, date, playerCount, location, full) values("Basketball","13:25:00", "2016-5-12" , 15 , "Track" , FALSE);
INSERT INTO game(sport, time, date, playerCount, location, full) values("Pool","18:15:00", "2016-4-28" , 10 , "Track" , FALSE);
INSERT INTO game(sport, time, date, playerCount, location, full) values("Football","09:30:00", "2016-4-14" , 5 , "Track" , FALSE);
INSERT INTO game(sport, time, date, playerCount, location, full) values("Ping Pong","21:05:00", "2016-4-28" , 5 , "Lacrosse Field" , FALSE);
INSERT INTO game(sport, time, date, playerCount, location, full) values("Ultimate Frisbee","18:15:00", "2016-4-28" , 10 , "Intramural Field" , FALSE);
INSERT INTO game(sport, time, date, playerCount, location, full) values("Tennis","09:30:00", "2016-3-14" , 10 , "Track" , FALSE);
INSERT INTO game(sport, time, date, playerCount, location, full) values("Basketball","16:40:00", "2016-5-12" , 8 , "Track" , FALSE);
INSERT INTO game(sport, time, date, playerCount, location, full) values("Soccer","16:40:00", "2016-5-18" , 4 , "Track" , FALSE);
INSERT INTO game(sport, time, date, playerCount, location, full) values("Pool","09:30:00", "2016-5-12" , 4 , "Sand Volleyball Courts" , FALSE);
INSERT INTO game(sport, time, date, playerCount, location, full) values("Ping Pong","12:30:00", "2016-4-11" , 6 , "Track" , FALSE);
INSERT INTO game(sport, time, date, playerCount, location, full) values("Soccer","09:30:00", "2016-5-18" , 5 , "Intramural Field" , FALSE);
INSERT INTO game(sport, time, date, playerCount, location, full) values("Ultimate Frisbee","16:40:00", "2016-7-11" , 4 , "Track" , FALSE);





INSERT INTO enlist values("JonathanCohen53", 2 );
INSERT INTO enlist values("TomSmith33", 4 );
INSERT INTO enlist values("MarkCohen80", 5 );
INSERT INTO enlist values("JohnReiss42", 5 );
INSERT INTO enlist values("AllisonGabrielson77", 5 );
INSERT INTO enlist values("TomKhan58", 6 );
INSERT INTO enlist values("KatieCohen27", 6 );
INSERT INTO enlist values("PaigeMitchell79", 6 );
INSERT INTO enlist values("JonathanGabrielson55", 6 );
INSERT INTO enlist values("BobCarter94", 6 );
INSERT INTO enlist values("JackRenninger44", 7 );
INSERT INTO enlist values("AllisonStenbit0", 7 );
INSERT INTO enlist values("KatieHansen12", 7 );
INSERT INTO enlist values("TimmothyGabrielson43", 7 );
INSERT INTO enlist values("BenGoldman54", 7 );
INSERT INTO enlist values("BobGoldman81", 7 );
INSERT INTO enlist values("TimmothyGabrielson43", 8 );
INSERT INTO enlist values("PaigeMitchell79", 8 );
INSERT INTO enlist values("SarahRenninger90", 8 );
INSERT INTO enlist values("BenGoldman54", 8 );
INSERT INTO enlist values("TomCarter46", 8 );
INSERT INTO enlist values("JonathanBanbury35", 8 );
INSERT INTO enlist values("JenniferFontenot24", 8 );
INSERT INTO enlist values("TomKhan58", 9 );
INSERT INTO enlist values("AllisonBanbury22", 9 );
INSERT INTO enlist values("MarkFontenot64", 9 );
INSERT INTO enlist values("MarkRenninger3", 9 );
INSERT INTO enlist values("SarahGoldman4", 9 );
INSERT INTO enlist values("KatieFontenot85", 10 );
INSERT INTO enlist values("JackCarter87", 10 );
INSERT INTO enlist values("KatieCohen27", 10 );
INSERT INTO enlist values("AllisonKhan16", 10 );
INSERT INTO enlist values("TomCarter46", 10 );
INSERT INTO enlist values("PaigeMitchell79", 10 );
INSERT INTO enlist values("PaigeKhan14", 10 );
INSERT INTO enlist values("MarkBanbury18", 10 );
INSERT INTO enlist values("JonathanGabrielson55", 10 );
INSERT INTO enlist values("TimmothyCohen65", 10 );
INSERT INTO enlist values("AllisonSmith36", 10 );
INSERT INTO enlist values("MarkFontenot64", 10 );
INSERT INTO enlist values("TomKhan58", 11 );
INSERT INTO enlist values("PaigeKhan98", 11 );
INSERT INTO enlist values("MarkMitchell59", 11 );
INSERT INTO enlist values("KatieBanbury74", 11 );
INSERT INTO enlist values("TomMitchell38", 11 );
INSERT INTO enlist values("PaigeStenbit1", 11 );
INSERT INTO enlist values("JenniferFontenot89", 12 );
INSERT INTO enlist values("MattRenninger93", 12 );
INSERT INTO enlist values("JackReiss83", 13 );
INSERT INTO enlist values("KatieMitchell62", 13 );
INSERT INTO enlist values("JackRenninger44", 13 );
INSERT INTO enlist values("MattSmith47", 13 );
INSERT INTO enlist values("BenGoldman54", 13 );
INSERT INTO enlist values("GraceSmith99", 13 );
INSERT INTO enlist values("AllisonKhan21", 13 );
INSERT INTO enlist values("KatieMitchell37", 16 );
INSERT INTO enlist values("MarkCohen80", 16 );
INSERT INTO enlist values("JonathanSmith51", 17 );
INSERT INTO enlist values("TomJohnson88", 17 );
INSERT INTO enlist values("KatieCohen27", 17 );
INSERT INTO enlist values("BobGoldman81", 17 );
INSERT INTO enlist values("JonathanReiss73", 17 );
INSERT INTO enlist values("MattSmith47", 17 );
INSERT INTO enlist values("JenniferRenninger25", 18 );
INSERT INTO enlist values("JenniferCarter49", 18 );
INSERT INTO enlist values("BenHansen95", 18 );
INSERT INTO enlist values("JenniferCohen82", 18 );
INSERT INTO enlist values("SarahRenninger90", 18 );
INSERT INTO enlist values("MarkBanbury67", 18 );
INSERT INTO enlist values("JackRenninger17", 19 );
INSERT INTO enlist values("GraceSmith99", 19 );
INSERT INTO enlist values("JonathanReiss73", 20 );
INSERT INTO enlist values("PaigeKhan14", 20 );
INSERT INTO enlist values("TomCarter46", 20 );
INSERT INTO enlist values("TomMitchell38", 20 );
INSERT INTO enlist values("JenniferCohen82", 20 );
INSERT INTO enlist values("AllisonBanbury22", 20 );
INSERT INTO enlist values("PaigeKhan76", 20 );
INSERT INTO enlist values("PaigeStenbit1", 20 );
INSERT INTO enlist values("JonathanGabrielson55", 20 );
INSERT INTO enlist values("KatieBanbury74", 20 );
INSERT INTO enlist values("AllisonCohen15", 20 );
INSERT INTO enlist values("JackReiss83", 20 );
INSERT INTO enlist values("JenniferFontenot89", 21 );
INSERT INTO enlist values("AllisonGabrielson77", 21 );
INSERT INTO enlist values("MattRenninger93", 23 );
INSERT INTO enlist values("TomJohnson2", 23 );
INSERT INTO enlist values("JenniferSmith30", 23 );
INSERT INTO enlist values("BenBanbury41", 24 );
INSERT INTO enlist values("JonathanBanbury35", 24 );
INSERT INTO enlist values("MattSmith47", 24 );
INSERT INTO enlist values("MaryGoldman86", 24 );
INSERT INTO enlist values("TomSmith33", 24 );
INSERT INTO enlist values("SarahMitchell91", 24 );
INSERT INTO enlist values("SarahGoldman4", 24 );
INSERT INTO enlist values("TomMitchell19", 25 );
INSERT INTO enlist values("AllisonStenbit0", 25 );
INSERT INTO enlist values("JenniferSmith30", 25 );
INSERT INTO enlist values("SarahGoldman4", 25 );
INSERT INTO enlist values("AllisonBanbury22", 25 );
INSERT INTO enlist values("JenniferFontenot24", 26 );
INSERT INTO enlist values("JackRenninger17", 26 );
INSERT INTO enlist values("AllisonRenninger60", 27 );
INSERT INTO enlist values("PaigeKhan76", 27 );
INSERT INTO enlist values("TomBanbury50", 27 );
INSERT INTO enlist values("AllisonReiss69", 27 );
INSERT INTO enlist values("JackCarter87", 27 );
INSERT INTO enlist values("JenniferCohen82", 27 );
INSERT INTO enlist values("KatieReiss75", 27 );
INSERT INTO enlist values("TomMitchell19", 27 );
INSERT INTO enlist values("JenniferFontenot24", 27 );
INSERT INTO enlist values("JenniferJohnson92", 27 );
INSERT INTO enlist values("MattRenninger93", 28 );
INSERT INTO enlist values("BobGoldman81", 28 );
INSERT INTO enlist values("AllisonCohen15", 28 );
INSERT INTO enlist values("PaigeKhan98", 29 );
INSERT INTO enlist values("TomSmith33", 29 );
INSERT INTO enlist values("TomKhan58", 30 );
INSERT INTO enlist values("JackKhan71", 30 );
INSERT INTO enlist values("KatieRenninger20", 30 );
INSERT INTO enlist values("PaigeStenbit1", 30 );
INSERT INTO enlist values("BenHansen95", 30 );
INSERT INTO enlist values("TomGabrielson57", 30 );
INSERT INTO enlist values("JackHansen39", 30 );
INSERT INTO enlist values("MarkKhan29", 31 );
INSERT INTO enlist values("MaryGoldman86", 31 );
INSERT INTO enlist values("PaigeKhan76", 31 );
INSERT INTO enlist values("KatieCohen27", 31 );
INSERT INTO enlist values("KatieRenninger20", 31 );
INSERT INTO enlist values("JenniferCohen82", 32 );
INSERT INTO enlist values("KatieBanbury74", 32 );
INSERT INTO enlist values("BobJohnson96", 32 );
INSERT INTO enlist values("AllisonCohen15", 33 );
INSERT INTO enlist values("KatieMitchell62", 33 );
INSERT INTO enlist values("KatieMitchell37", 33 );
INSERT INTO enlist values("PaigeStenbit1", 33 );
INSERT INTO enlist values("KatieFontenot23", 33 );
INSERT INTO enlist values("PaigeKhan76", 33 );
INSERT INTO enlist values("JonathanBanbury35", 33 );
INSERT INTO enlist values("JenniferSmith30", 33 );
INSERT INTO enlist values("GraceSmith99", 33 );
INSERT INTO enlist values("AllisonGoldman7", 33 );
INSERT INTO enlist values("JackCarter87", 33 );
INSERT INTO enlist values("TomCarter46", 33 );
INSERT INTO enlist values("AllisonCohen15", 34 );
INSERT INTO enlist values("JackBanbury48", 34 );
INSERT INTO enlist values("TomJohnson88", 34 );
INSERT INTO enlist values("MarkCohen80", 34 );
INSERT INTO enlist values("KatieCohen13", 34 );
INSERT INTO enlist values("AllisonGabrielson77", 34 );
INSERT INTO enlist values("JenniferFontenot24", 34 );
INSERT INTO enlist values("KatieCohen27", 34 );
INSERT INTO enlist values("TomBanbury50", 34 );
INSERT INTO enlist values("AllisonRenninger60", 34 );
INSERT INTO enlist values("KatieMitchell37", 34 );
INSERT INTO enlist values("TomJohnson2", 34 );
INSERT INTO enlist values("BobKhan61", 35 );
INSERT INTO enlist values("JackFontenot34", 35 );
INSERT INTO enlist values("JenniferFontenot24", 36 );
INSERT INTO enlist values("BobJohnson66", 36 );
INSERT INTO enlist values("TomMitchell19", 36 );
INSERT INTO enlist values("KatieFontenot23", 36 );
INSERT INTO enlist values("MarkMitchell59", 36 );
INSERT INTO enlist values("SarahRenninger28", 36 );
INSERT INTO enlist values("BenHansen95", 36 );
INSERT INTO enlist values("MarkBanbury67", 37 );
INSERT INTO enlist values("KatieMitchell62", 37 );
INSERT INTO enlist values("TomJohnson2", 37 );
INSERT INTO enlist values("JackKhan71", 37 );
INSERT INTO enlist values("JackRenninger44", 37 );
INSERT INTO enlist values("MarkCohen80", 37 );
INSERT INTO enlist values("JenniferRenninger25", 37 );
INSERT INTO enlist values("MarkMitchell59", 37 );
INSERT INTO enlist values("JohnFontenot52", 37 );
INSERT INTO enlist values("SarahRenninger28", 37 );
INSERT INTO enlist values("KatieMitchell97", 37 );
INSERT INTO enlist values("JackHansen39", 37 );
INSERT INTO enlist values("SarahMitchell91", 38 );
INSERT INTO enlist values("TomJohnson2", 38 );
INSERT INTO enlist values("TomGabrielson57", 38 );
INSERT INTO enlist values("MarkCohen80", 39 );
INSERT INTO enlist values("BenHansen95", 39 );
INSERT INTO enlist values("MarkFontenot64", 39 );
INSERT INTO enlist values("KatieRenninger20", 39 );
INSERT INTO enlist values("JonathanReiss73", 39 );
INSERT INTO enlist values("BobJohnson96", 39 );
INSERT INTO enlist values("PaigeStenbit1", 39 );
INSERT INTO enlist values("BobCarter94", 39 );
INSERT INTO enlist values("JohnFontenot11", 39 );
INSERT INTO enlist values("AllisonBanbury22", 39 );
INSERT INTO enlist values("JohnFontenot52", 39 );
INSERT INTO enlist values("JackHansen31", 39 );
INSERT INTO enlist values("JackGabrielson32", 40 );
INSERT INTO enlist values("TomCarter46", 40 );
INSERT INTO enlist values("JackKhan71", 40 );
INSERT INTO enlist values("SarahRenninger90", 40 );
INSERT INTO enlist values("JackCarter87", 40 );
INSERT INTO enlist values("KatieReiss75", 40 );
INSERT INTO enlist values("TomKhan84", 40 );
INSERT INTO enlist values("PaigeKhan98", 41 );
INSERT INTO enlist values("AllisonGabrielson77", 41 );
INSERT INTO enlist values("MarkRenninger3", 42 );
INSERT INTO enlist values("KatieSmith10", 42 );
INSERT INTO enlist values("KatieRenninger20", 43 );
INSERT INTO enlist values("JenniferCohen82", 43 );
INSERT INTO enlist values("JonathanGabrielson55", 43 );
INSERT INTO enlist values("AllisonKhan16", 43 );
INSERT INTO enlist values("PaigeMitchell79", 43 );
INSERT INTO enlist values("TomJohnson88", 43 );
INSERT INTO enlist values("TomMitchell19", 43 );
INSERT INTO enlist values("JonathanSmith51", 44 );
INSERT INTO enlist values("KatieMitchell37", 44 );
INSERT INTO enlist values("JenniferCohen82", 44 );
INSERT INTO enlist values("TomJohnson88", 44 );
INSERT INTO enlist values("MarkCohen80", 44 );
INSERT INTO enlist values("JonathanGabrielson55", 44 );
INSERT INTO enlist values("TomMitchell38", 44 );
INSERT INTO enlist values("MarkBanbury67", 45 );
INSERT INTO enlist values("BenReiss56", 45 );
INSERT INTO enlist values("PaigeKhan98", 45 );
INSERT INTO enlist values("KatieMitchell37", 45 );
INSERT INTO enlist values("JenniferCohen82", 45 );
INSERT INTO enlist values("KatieHansen12", 46 );
INSERT INTO enlist values("KatieRenninger20", 47 );
INSERT INTO enlist values("AllisonKhan21", 48 );
INSERT INTO enlist values("MarkBanbury18", 48 );
INSERT INTO enlist values("BobGoldman72", 48 );
INSERT INTO enlist values("AllisonCohen15", 49 );
INSERT INTO enlist values("TomBanbury50", 49 );
INSERT INTO enlist values("TomGabrielson57", 50 );
INSERT INTO sportPreference(username, sport) values("AllisonStenbit0", "Tennis");
INSERT INTO sportPreference(username, sport) values("AllisonStenbit0", "Ultimate Frisbee");
INSERT INTO sportPreference(username, sport) values("AllisonStenbit0", "Basketball");
INSERT INTO sportPreference(username, sport) values("PaigeStenbit1", "Soccer");
INSERT INTO sportPreference(username, sport) values("PaigeStenbit1", "Pool");
INSERT INTO sportPreference(username, sport) values("TomJohnson2", "Indoor Soccer");
INSERT INTO sportPreference(username, sport) values("MarkRenninger3", "Soccer");
INSERT INTO sportPreference(username, sport) values("SarahGoldman4", "Football");
INSERT INTO sportPreference(username, sport) values("KatieCohen5", "Tennis");
INSERT INTO sportPreference(username, sport) values("KatieCohen5", "Ping Pong");
INSERT INTO sportPreference(username, sport) values("SarahSmith6", "Pool");
INSERT INTO sportPreference(username, sport) values("SarahSmith6", "Basketball");
INSERT INTO sportPreference(username, sport) values("AllisonGoldman7", "Soccer");
INSERT INTO sportPreference(username, sport) values("AllisonGoldman7", "Football");
INSERT INTO sportPreference(username, sport) values("AllisonGoldman7", "Tennis");
INSERT INTO sportPreference(username, sport) values("JonathanSmith8", "Basketball");
INSERT INTO sportPreference(username, sport) values("JonathanSmith8", "Tennis");
INSERT INTO sportPreference(username, sport) values("MarkCarter9", "Ultimate Frisbee");
INSERT INTO sportPreference(username, sport) values("MarkCarter9", "Indoor Soccer");
INSERT INTO sportPreference(username, sport) values("KatieSmith10", "Ping Pong");
INSERT INTO sportPreference(username, sport) values("KatieSmith10", "Basketball");
INSERT INTO sportPreference(username, sport) values("KatieSmith10", "Soccer");
INSERT INTO sportPreference(username, sport) values("JohnFontenot11", "Ping Pong");
INSERT INTO sportPreference(username, sport) values("KatieHansen12", "Pool");
INSERT INTO sportPreference(username, sport) values("KatieHansen12", "Tennis");
INSERT INTO sportPreference(username, sport) values("KatieCohen13", "Tennis");
INSERT INTO sportPreference(username, sport) values("KatieCohen13", "Football");
INSERT INTO sportPreference(username, sport) values("KatieCohen13", "Basketball");
INSERT INTO sportPreference(username, sport) values("PaigeKhan14", "Indoor Soccer");
INSERT INTO sportPreference(username, sport) values("AllisonCohen15", "Ultimate Frisbee");
INSERT INTO sportPreference(username, sport) values("AllisonCohen15", "Pool");
INSERT INTO sportPreference(username, sport) values("AllisonCohen15", "Tennis");
INSERT INTO sportPreference(username, sport) values("AllisonKhan16", "Basketball");
INSERT INTO sportPreference(username, sport) values("AllisonKhan16", "Ultimate Frisbee");
INSERT INTO sportPreference(username, sport) values("JackRenninger17", "Soccer");
INSERT INTO sportPreference(username, sport) values("JackRenninger17", "Ultimate Frisbee");
INSERT INTO sportPreference(username, sport) values("JackRenninger17", "Football");
INSERT INTO sportPreference(username, sport) values("JackRenninger17", "Basketball");
INSERT INTO sportPreference(username, sport) values("MarkBanbury18", "Football");
INSERT INTO sportPreference(username, sport) values("MarkBanbury18", "Ping Pong");
INSERT INTO sportPreference(username, sport) values("MarkBanbury18", "Soccer");
INSERT INTO sportPreference(username, sport) values("TomMitchell19", "Football");
INSERT INTO sportPreference(username, sport) values("KatieRenninger20", "Ping Pong");
INSERT INTO sportPreference(username, sport) values("KatieRenninger20", "Basketball");
INSERT INTO sportPreference(username, sport) values("KatieRenninger20", "Tennis");
INSERT INTO sportPreference(username, sport) values("KatieRenninger20", "Pool");
INSERT INTO sportPreference(username, sport) values("AllisonKhan21", "Tennis");
INSERT INTO sportPreference(username, sport) values("AllisonKhan21", "Ping Pong");
INSERT INTO sportPreference(username, sport) values("AllisonBanbury22", "Ultimate Frisbee");
INSERT INTO sportPreference(username, sport) values("AllisonBanbury22", "Pool");
INSERT INTO sportPreference(username, sport) values("AllisonBanbury22", "Football");
INSERT INTO sportPreference(username, sport) values("AllisonBanbury22", "Basketball");
INSERT INTO sportPreference(username, sport) values("KatieFontenot23", "Pool");
INSERT INTO sportPreference(username, sport) values("KatieFontenot23", "Basketball");
INSERT INTO sportPreference(username, sport) values("KatieFontenot23", "Indoor Soccer");
INSERT INTO sportPreference(username, sport) values("KatieFontenot23", "Ultimate Frisbee");
INSERT INTO sportPreference(username, sport) values("JenniferFontenot24", "Tennis");
INSERT INTO sportPreference(username, sport) values("JenniferFontenot24", "Indoor Soccer");
INSERT INTO sportPreference(username, sport) values("JenniferFontenot24", "Ping Pong");
INSERT INTO sportPreference(username, sport) values("JenniferRenninger25", "Tennis");
INSERT INTO sportPreference(username, sport) values("JenniferRenninger25", "Ultimate Frisbee");
INSERT INTO sportPreference(username, sport) values("AllisonCarter26", "Soccer");
INSERT INTO sportPreference(username, sport) values("KatieCohen27", "Soccer");
INSERT INTO sportPreference(username, sport) values("KatieCohen27", "Tennis");
INSERT INTO sportPreference(username, sport) values("KatieCohen27", "Ultimate Frisbee");
INSERT INTO sportPreference(username, sport) values("SarahRenninger28", "Soccer");
INSERT INTO sportPreference(username, sport) values("SarahRenninger28", "Ping Pong");
INSERT INTO sportPreference(username, sport) values("SarahRenninger28", "Football");
INSERT INTO sportPreference(username, sport) values("SarahRenninger28", "Tennis");
INSERT INTO sportPreference(username, sport) values("MarkKhan29", "Indoor Soccer");
INSERT INTO sportPreference(username, sport) values("JenniferSmith30", "Tennis");
INSERT INTO sportPreference(username, sport) values("JenniferSmith30", "Ultimate Frisbee");
INSERT INTO sportPreference(username, sport) values("JackHansen31", "Indoor Soccer");
INSERT INTO sportPreference(username, sport) values("JackHansen31", "Tennis");
INSERT INTO sportPreference(username, sport) values("JackGabrielson32", "Basketball");
INSERT INTO sportPreference(username, sport) values("TomSmith33", "Ping Pong");
INSERT INTO sportPreference(username, sport) values("TomSmith33", "Football");
INSERT INTO sportPreference(username, sport) values("JackFontenot34", "Tennis");
INSERT INTO sportPreference(username, sport) values("JackFontenot34", "Indoor Soccer");
INSERT INTO sportPreference(username, sport) values("JackFontenot34", "Ping Pong");
INSERT INTO sportPreference(username, sport) values("JonathanBanbury35", "Basketball");
INSERT INTO sportPreference(username, sport) values("JonathanBanbury35", "Indoor Soccer");
INSERT INTO sportPreference(username, sport) values("AllisonSmith36", "Soccer");
INSERT INTO sportPreference(username, sport) values("AllisonSmith36", "Basketball");
INSERT INTO sportPreference(username, sport) values("AllisonSmith36", "Ping Pong");
INSERT INTO sportPreference(username, sport) values("AllisonSmith36", "Indoor Soccer");
INSERT INTO sportPreference(username, sport) values("KatieMitchell37", "Tennis");
INSERT INTO sportPreference(username, sport) values("KatieMitchell37", "Indoor Soccer");
INSERT INTO sportPreference(username, sport) values("TomMitchell38", "Indoor Soccer");
INSERT INTO sportPreference(username, sport) values("TomMitchell38", "Soccer");
INSERT INTO sportPreference(username, sport) values("JackHansen39", "Basketball");
INSERT INTO sportPreference(username, sport) values("JackHansen39", "Ping Pong");
INSERT INTO sportPreference(username, sport) values("KatieMitchell40", "Ultimate Frisbee");
INSERT INTO sportPreference(username, sport) values("KatieMitchell40", "Ping Pong");
INSERT INTO sportPreference(username, sport) values("KatieMitchell40", "Basketball");
INSERT INTO sportPreference(username, sport) values("BenBanbury41", "Tennis");
INSERT INTO sportPreference(username, sport) values("BenBanbury41", "Basketball");
INSERT INTO sportPreference(username, sport) values("BenBanbury41", "Pool");
INSERT INTO sportPreference(username, sport) values("BenBanbury41", "Ping Pong");
INSERT INTO sportPreference(username, sport) values("JohnReiss42", "Basketball");
INSERT INTO sportPreference(username, sport) values("JohnReiss42", "Ping Pong");
INSERT INTO sportPreference(username, sport) values("TimmothyGabrielson43", "Soccer");
INSERT INTO sportPreference(username, sport) values("TimmothyGabrielson43", "Ultimate Frisbee");
INSERT INTO sportPreference(username, sport) values("TimmothyGabrielson43", "Pool");
INSERT INTO sportPreference(username, sport) values("JackRenninger44", "Tennis");
INSERT INTO sportPreference(username, sport) values("JackRenninger44", "Soccer");
INSERT INTO sportPreference(username, sport) values("JackRenninger44", "Ping Pong");
INSERT INTO sportPreference(username, sport) values("MattRenninger45", "Basketball");
INSERT INTO sportPreference(username, sport) values("TomCarter46", "Ping Pong");
INSERT INTO sportPreference(username, sport) values("TomCarter46", "Tennis");
INSERT INTO sportPreference(username, sport) values("MattSmith47", "Basketball");
INSERT INTO sportPreference(username, sport) values("MattSmith47", "Indoor Soccer");
INSERT INTO sportPreference(username, sport) values("MattSmith47", "Ping Pong");
INSERT INTO sportPreference(username, sport) values("MattSmith47", "Football");
INSERT INTO sportPreference(username, sport) values("JackBanbury48", "Tennis");
INSERT INTO sportPreference(username, sport) values("JackBanbury48", "Ping Pong");
INSERT INTO sportPreference(username, sport) values("JenniferCarter49", "Basketball");
INSERT INTO sportPreference(username, sport) values("TomBanbury50", "Ultimate Frisbee");
INSERT INTO sportPreference(username, sport) values("JonathanSmith51", "Ultimate Frisbee");
INSERT INTO sportPreference(username, sport) values("JonathanSmith51", "Football");
INSERT INTO sportPreference(username, sport) values("JonathanSmith51", "Soccer");
INSERT INTO sportPreference(username, sport) values("JohnFontenot52", "Pool");
INSERT INTO sportPreference(username, sport) values("JohnFontenot52", "Ultimate Frisbee");
INSERT INTO sportPreference(username, sport) values("JohnFontenot52", "Indoor Soccer");
INSERT INTO sportPreference(username, sport) values("JohnFontenot52", "Basketball");
INSERT INTO sportPreference(username, sport) values("JonathanCohen53", "Pool");
INSERT INTO sportPreference(username, sport) values("JonathanCohen53", "Ultimate Frisbee");
INSERT INTO sportPreference(username, sport) values("JonathanCohen53", "Football");
INSERT INTO sportPreference(username, sport) values("BenGoldman54", "Tennis");
INSERT INTO sportPreference(username, sport) values("BenGoldman54", "Indoor Soccer");
INSERT INTO sportPreference(username, sport) values("JonathanGabrielson55", "Football");
INSERT INTO sportPreference(username, sport) values("BenReiss56", "Basketball");
INSERT INTO sportPreference(username, sport) values("BenReiss56", "Ultimate Frisbee");
INSERT INTO sportPreference(username, sport) values("TomGabrielson57", "Soccer");
INSERT INTO sportPreference(username, sport) values("TomKhan58", "Soccer");
INSERT INTO sportPreference(username, sport) values("TomKhan58", "Basketball");
INSERT INTO sportPreference(username, sport) values("TomKhan58", "Tennis");
INSERT INTO sportPreference(username, sport) values("TomKhan58", "Ping Pong");
INSERT INTO sportPreference(username, sport) values("MarkMitchell59", "Ultimate Frisbee");
INSERT INTO sportPreference(username, sport) values("MarkMitchell59", "Football");
INSERT INTO sportPreference(username, sport) values("MarkMitchell59", "Pool");
INSERT INTO sportPreference(username, sport) values("MarkMitchell59", "Soccer");
INSERT INTO sportPreference(username, sport) values("AllisonRenninger60", "Indoor Soccer");
INSERT INTO sportPreference(username, sport) values("BobKhan61", "Basketball");
INSERT INTO sportPreference(username, sport) values("BobKhan61", "Football");
INSERT INTO sportPreference(username, sport) values("KatieMitchell62", "Soccer");
INSERT INTO sportPreference(username, sport) values("KatieMitchell62", "Ping Pong");
INSERT INTO sportPreference(username, sport) values("GraceKhan63", "Basketball");
INSERT INTO sportPreference(username, sport) values("GraceKhan63", "Ping Pong");
INSERT INTO sportPreference(username, sport) values("GraceKhan63", "Indoor Soccer");
INSERT INTO sportPreference(username, sport) values("MarkFontenot64", "Football");
INSERT INTO sportPreference(username, sport) values("MarkFontenot64", "Pool");
INSERT INTO sportPreference(username, sport) values("MarkFontenot64", "Indoor Soccer");
INSERT INTO sportPreference(username, sport) values("TimmothyCohen65", "Tennis");
INSERT INTO sportPreference(username, sport) values("TimmothyCohen65", "Football");
INSERT INTO sportPreference(username, sport) values("BobJohnson66", "Indoor Soccer");
INSERT INTO sportPreference(username, sport) values("BobJohnson66", "Basketball");
INSERT INTO sportPreference(username, sport) values("BobJohnson66", "Ping Pong");
INSERT INTO sportPreference(username, sport) values("BobJohnson66", "Ultimate Frisbee");
INSERT INTO sportPreference(username, sport) values("MarkBanbury67", "Pool");
INSERT INTO sportPreference(username, sport) values("MarkBanbury67", "Ping Pong");
INSERT INTO sportPreference(username, sport) values("MarkBanbury67", "Basketball");
INSERT INTO sportPreference(username, sport) values("MarkBanbury67", "Soccer");
INSERT INTO sportPreference(username, sport) values("KatieJohnson68", "Pool");
INSERT INTO sportPreference(username, sport) values("KatieJohnson68", "Basketball");
INSERT INTO sportPreference(username, sport) values("KatieJohnson68", "Football");
INSERT INTO sportPreference(username, sport) values("KatieJohnson68", "Ping Pong");
INSERT INTO sportPreference(username, sport) values("AllisonReiss69", "Basketball");
INSERT INTO sportPreference(username, sport) values("AllisonReiss69", "Football");
INSERT INTO sportPreference(username, sport) values("AllisonReiss69", "Tennis");
INSERT INTO sportPreference(username, sport) values("GraceStenbit70", "Football");
INSERT INTO sportPreference(username, sport) values("GraceStenbit70", "Ultimate Frisbee");
INSERT INTO sportPreference(username, sport) values("JackKhan71", "Soccer");
INSERT INTO sportPreference(username, sport) values("JackKhan71", "Ultimate Frisbee");
INSERT INTO sportPreference(username, sport) values("BobGoldman72", "Indoor Soccer");
INSERT INTO sportPreference(username, sport) values("BobGoldman72", "Soccer");
INSERT INTO sportPreference(username, sport) values("BobGoldman72", "Football");
INSERT INTO sportPreference(username, sport) values("JonathanReiss73", "Pool");
INSERT INTO sportPreference(username, sport) values("JonathanReiss73", "Ping Pong");
INSERT INTO sportPreference(username, sport) values("KatieBanbury74", "Tennis");
INSERT INTO sportPreference(username, sport) values("KatieBanbury74", "Indoor Soccer");
INSERT INTO sportPreference(username, sport) values("KatieBanbury74", "Pool");
INSERT INTO sportPreference(username, sport) values("KatieBanbury74", "Football");
INSERT INTO sportPreference(username, sport) values("KatieReiss75", "Pool");
INSERT INTO sportPreference(username, sport) values("KatieReiss75", "Soccer");
INSERT INTO sportPreference(username, sport) values("PaigeKhan76", "Football");
INSERT INTO sportPreference(username, sport) values("AllisonGabrielson77", "Pool");
INSERT INTO sportPreference(username, sport) values("AllisonGabrielson77", "Tennis");
INSERT INTO sportPreference(username, sport) values("AllisonGabrielson77", "Football");
INSERT INTO sportPreference(username, sport) values("AllisonGabrielson77", "Ultimate Frisbee");
INSERT INTO sportPreference(username, sport) values("JenniferHansen78", "Tennis");
INSERT INTO sportPreference(username, sport) values("JenniferHansen78", "Ping Pong");
INSERT INTO sportPreference(username, sport) values("PaigeMitchell79", "Pool");
INSERT INTO sportPreference(username, sport) values("PaigeMitchell79", "Ping Pong");
INSERT INTO sportPreference(username, sport) values("PaigeMitchell79", "Football");
INSERT INTO sportPreference(username, sport) values("PaigeMitchell79", "Ultimate Frisbee");
INSERT INTO sportPreference(username, sport) values("MarkCohen80", "Tennis");
INSERT INTO sportPreference(username, sport) values("MarkCohen80", "Soccer");
INSERT INTO sportPreference(username, sport) values("MarkCohen80", "Ping Pong");
INSERT INTO sportPreference(username, sport) values("BobGoldman81", "Ping Pong");
INSERT INTO sportPreference(username, sport) values("BobGoldman81", "Football");
INSERT INTO sportPreference(username, sport) values("BobGoldman81", "Tennis");
INSERT INTO sportPreference(username, sport) values("JenniferCohen82", "Basketball");
INSERT INTO sportPreference(username, sport) values("JenniferCohen82", "Ultimate Frisbee");
INSERT INTO sportPreference(username, sport) values("JenniferCohen82", "Tennis");
INSERT INTO sportPreference(username, sport) values("JackReiss83", "Ultimate Frisbee");
INSERT INTO sportPreference(username, sport) values("JackReiss83", "Tennis");
INSERT INTO sportPreference(username, sport) values("TomKhan84", "Soccer");
INSERT INTO sportPreference(username, sport) values("TomKhan84", "Basketball");
INSERT INTO sportPreference(username, sport) values("KatieFontenot85", "Football");
INSERT INTO sportPreference(username, sport) values("MaryGoldman86", "Tennis");
INSERT INTO sportPreference(username, sport) values("MaryGoldman86", "Ultimate Frisbee");
INSERT INTO sportPreference(username, sport) values("JackCarter87", "Pool");
INSERT INTO sportPreference(username, sport) values("JackCarter87", "Ping Pong");
INSERT INTO sportPreference(username, sport) values("TomJohnson88", "Ultimate Frisbee");
INSERT INTO sportPreference(username, sport) values("TomJohnson88", "Ping Pong");
INSERT INTO sportPreference(username, sport) values("JenniferFontenot89", "Indoor Soccer");
INSERT INTO sportPreference(username, sport) values("JenniferFontenot89", "Ping Pong");
INSERT INTO sportPreference(username, sport) values("JenniferFontenot89", "Pool");
INSERT INTO sportPreference(username, sport) values("JenniferFontenot89", "Football");
INSERT INTO sportPreference(username, sport) values("SarahRenninger90", "Indoor Soccer");
INSERT INTO sportPreference(username, sport) values("SarahRenninger90", "Soccer");
INSERT INTO sportPreference(username, sport) values("SarahMitchell91", "Indoor Soccer");
INSERT INTO sportPreference(username, sport) values("SarahMitchell91", "Ultimate Frisbee");
INSERT INTO sportPreference(username, sport) values("SarahMitchell91", "Pool");
INSERT INTO sportPreference(username, sport) values("JenniferJohnson92", "Football");
INSERT INTO sportPreference(username, sport) values("JenniferJohnson92", "Tennis");
INSERT INTO sportPreference(username, sport) values("JenniferJohnson92", "Basketball");
INSERT INTO sportPreference(username, sport) values("MattRenninger93", "Ultimate Frisbee");
INSERT INTO sportPreference(username, sport) values("BobCarter94", "Tennis");
INSERT INTO sportPreference(username, sport) values("BenHansen95", "Indoor Soccer");
INSERT INTO sportPreference(username, sport) values("BobJohnson96", "Basketball");
INSERT INTO sportPreference(username, sport) values("KatieMitchell97", "Basketball");
INSERT INTO sportPreference(username, sport) values("PaigeKhan98", "Pool");
INSERT INTO sportPreference(username, sport) values("PaigeKhan98", "Ping Pong");
INSERT INTO sportPreference(username, sport) values("PaigeKhan98", "Soccer");
INSERT INTO sportPreference(username, sport) values("GraceSmith99", "Football");





INSERT INTO chat(username, gameID, message) values("JackBanbury48", 1, "Ay where the dank memes at?0");
INSERT INTO chat(username, gameID, message) values("MarkBanbury18", 1, "Just realized it's raining, so let's cancel?1");
INSERT INTO chat(username, gameID, message) values("PaigeKhan76", 1, "Just got here and its busy so we can't play. Sorry!2");
INSERT INTO chat(username, gameID, message) values("KatieBanbury74", 1, "Just got here and its busy so we can't play. Sorry!3");
INSERT INTO chat(username, gameID, message) values("JenniferJohnson92", 1, "Ay where the dank memes at?4");
INSERT INTO chat(username, gameID, message) values("TimmothyCohen65", 1, "Just realized it's raining, so let's cancel?5");
INSERT INTO chat(username, gameID, message) values("PaigeStenbit1", 2, "We still on?0");
INSERT INTO chat(username, gameID, message) values("TomGabrielson57", 2, "Yo we should totally listen to some dank beats while we sports1");
INSERT INTO chat(username, gameID, message) values("AllisonRenninger60", 2, "Just got here and its busy so we can't play. Sorry!2");
INSERT INTO chat(username, gameID, message) values("SarahSmith6", 2, "I'll bring some snacks!3");
INSERT INTO chat(username, gameID, message) values("TimmothyCohen65", 2, "We still on?4");
INSERT INTO chat(username, gameID, message) values("MarkRenninger3", 3, "Hey, I'll bring a ball!0");
INSERT INTO chat(username, gameID, message) values("KatieBanbury74", 3, "We still on?1");
INSERT INTO chat(username, gameID, message) values("AllisonSmith36", 3, "Ay where the dank memes at?2");
INSERT INTO chat(username, gameID, message) values("AllisonStenbit0", 3, "Just realized it's raining, so let's cancel?3");
INSERT INTO chat(username, gameID, message) values("KatieMitchell62", 3, "Just got here and its busy so we can't play. Sorry!4");
INSERT INTO chat(username, gameID, message) values("BobKhan61", 3, "Just realized it's raining, so let's cancel?5");
INSERT INTO chat(username, gameID, message) values("MattSmith47", 3, "Yo we should totally listen to some dank beats while we sports6");
INSERT INTO chat(username, gameID, message) values("KatieReiss75", 3, "Just got here and its busy so we can't play. Sorry!7");
INSERT INTO chat(username, gameID, message) values("MarkBanbury67", 3, "We still on?8");
INSERT INTO chat(username, gameID, message) values("JonathanSmith8", 3, "Hey, I'll bring a ball!9");
INSERT INTO chat(username, gameID, message) values("BenReiss56", 3, "Just got here and its busy so we can't play. Sorry!10");
INSERT INTO chat(username, gameID, message) values("BenHansen95", 3, "Ay where the dank memes at?11");
INSERT INTO chat(username, gameID, message) values("KatieRenninger20", 3, "Just got here and its busy so we can't play. Sorry!12");
INSERT INTO chat(username, gameID, message) values("JackReiss83", 3, "Ay where the dank memes at?13");
INSERT INTO chat(username, gameID, message) values("JackHansen39", 3, "Yo we should totally listen to some dank beats while we sports14");
INSERT INTO chat(username, gameID, message) values("TomGabrielson57", 4, "Just realized it's raining, so let's cancel?0");
INSERT INTO chat(username, gameID, message) values("MarkRenninger3", 4, "Just realized it's raining, so let's cancel?1");
INSERT INTO chat(username, gameID, message) values("KatieHansen12", 4, "Ay where the dank memes at?2");
INSERT INTO chat(username, gameID, message) values("PaigeKhan14", 4, "Just got here and its busy so we can't play. Sorry!3");
INSERT INTO chat(username, gameID, message) values("KatieMitchell62", 5, "We still on?0");
INSERT INTO chat(username, gameID, message) values("GraceKhan63", 5, "Just got here and its busy so we can't play. Sorry!1");
INSERT INTO chat(username, gameID, message) values("KatieMitchell97", 5, "I'll bring some snacks!2");
INSERT INTO chat(username, gameID, message) values("AllisonKhan16", 5, "See you all in 10.3");
INSERT INTO chat(username, gameID, message) values("KatieJohnson68", 5, "Just got here and its busy so we can't play. Sorry!4");
INSERT INTO chat(username, gameID, message) values("TomJohnson88", 5, "Just got here and its busy so we can't play. Sorry!5");
INSERT INTO chat(username, gameID, message) values("KatieFontenot23", 5, "Ay where the dank memes at?6");
INSERT INTO chat(username, gameID, message) values("KatieFontenot85", 5, "Ay where the dank memes at?7");
INSERT INTO chat(username, gameID, message) values("JenniferHansen78", 5, "Yo we should totally listen to some dank beats while we sports8");
INSERT INTO chat(username, gameID, message) values("BobGoldman72", 5, "I'll bring some snacks!9");
INSERT INTO chat(username, gameID, message) values("KatieMitchell62", 5, "Ay where the dank memes at?10");
INSERT INTO chat(username, gameID, message) values("GraceSmith99", 5, "See you all in 10.11");
INSERT INTO chat(username, gameID, message) values("JohnFontenot52", 5, "See you all in 10.12");
INSERT INTO chat(username, gameID, message) values("KatieMitchell97", 5, "Hey, I'll bring a ball!13");
INSERT INTO chat(username, gameID, message) values("JackRenninger17", 5, "Just got here and its busy so we can't play. Sorry!14");
INSERT INTO chat(username, gameID, message) values("JenniferJohnson92", 6, "I'll bring some snacks!0");
INSERT INTO chat(username, gameID, message) values("BenGoldman54", 6, "See you all in 10.1");
INSERT INTO chat(username, gameID, message) values("MarkMitchell59", 6, "Just got here and its busy so we can't play. Sorry!2");
INSERT INTO chat(username, gameID, message) values("JonathanReiss73", 6, "Yo we should totally listen to some dank beats while we sports3");
INSERT INTO chat(username, gameID, message) values("AllisonGoldman7", 6, "Yo we should totally listen to some dank beats while we sports4");
INSERT INTO chat(username, gameID, message) values("JenniferJohnson92", 6, "Yo we should totally listen to some dank beats while we sports5");
INSERT INTO chat(username, gameID, message) values("TomCarter46", 6, "Just got here and its busy so we can't play. Sorry!6");
INSERT INTO chat(username, gameID, message) values("KatieSmith10", 6, "We still on?7");
INSERT INTO chat(username, gameID, message) values("AllisonKhan16", 7, "I'll bring some snacks!0");
INSERT INTO chat(username, gameID, message) values("JackReiss83", 7, "We still on?1");
INSERT INTO chat(username, gameID, message) values("BenGoldman54", 7, "Just got here and its busy so we can't play. Sorry!2");
INSERT INTO chat(username, gameID, message) values("JenniferCohen82", 7, "Ay where the dank memes at?3");
INSERT INTO chat(username, gameID, message) values("JenniferJohnson92", 7, "Yo we should totally listen to some dank beats while we sports4");
INSERT INTO chat(username, gameID, message) values("JenniferJohnson92", 7, "Hey, I'll bring a ball!5");
INSERT INTO chat(username, gameID, message) values("JackReiss83", 8, "Yo we should totally listen to some dank beats while we sports0");
INSERT INTO chat(username, gameID, message) values("JonathanBanbury35", 8, "Just realized it's raining, so let's cancel?1");
INSERT INTO chat(username, gameID, message) values("KatieJohnson68", 8, "Just got here and its busy so we can't play. Sorry!2");
INSERT INTO chat(username, gameID, message) values("PaigeKhan98", 8, "See you all in 10.3");
INSERT INTO chat(username, gameID, message) values("MattRenninger45", 8, "We still on?4");
INSERT INTO chat(username, gameID, message) values("KatieFontenot23", 8, "Just realized it's raining, so let's cancel?5");
INSERT INTO chat(username, gameID, message) values("TomKhan58", 8, "Yo we should totally listen to some dank beats while we sports6");
INSERT INTO chat(username, gameID, message) values("BobGoldman81", 8, "Hey, I'll bring a ball!7");
INSERT INTO chat(username, gameID, message) values("JackRenninger44", 8, "I'll bring some snacks!8");
INSERT INTO chat(username, gameID, message) values("JackRenninger17", 8, "I'll bring some snacks!9");
INSERT INTO chat(username, gameID, message) values("KatieSmith10", 9, "Ay where the dank memes at?0");
INSERT INTO chat(username, gameID, message) values("JenniferCohen82", 9, "Yo we should totally listen to some dank beats while we sports1");
INSERT INTO chat(username, gameID, message) values("KatieCohen5", 10, "Just realized it's raining, so let's cancel?0");
INSERT INTO chat(username, gameID, message) values("TomGabrielson57", 10, "We still on?1");
INSERT INTO chat(username, gameID, message) values("JenniferFontenot24", 10, "Ay where the dank memes at?2");
INSERT INTO chat(username, gameID, message) values("KatieMitchell97", 10, "Just realized it's raining, so let's cancel?3");
INSERT INTO chat(username, gameID, message) values("JackHansen39", 11, "See you all in 10.0");
INSERT INTO chat(username, gameID, message) values("KatieMitchell62", 11, "See you all in 10.1");
INSERT INTO chat(username, gameID, message) values("KatieMitchell37", 11, "I'll bring some snacks!2");
INSERT INTO chat(username, gameID, message) values("JonathanSmith8", 11, "Just got here and its busy so we can't play. Sorry!3");
INSERT INTO chat(username, gameID, message) values("JohnFontenot11", 11, "Just got here and its busy so we can't play. Sorry!4");
INSERT INTO chat(username, gameID, message) values("MarkCohen80", 11, "I'll bring some snacks!5");
INSERT INTO chat(username, gameID, message) values("AllisonBanbury22", 11, "We still on?6");
INSERT INTO chat(username, gameID, message) values("BenReiss56", 11, "Just got here and its busy so we can't play. Sorry!7");
INSERT INTO chat(username, gameID, message) values("TomKhan84", 12, "Hey, I'll bring a ball!0");
INSERT INTO chat(username, gameID, message) values("JonathanCohen53", 12, "I'll bring some snacks!1");
INSERT INTO chat(username, gameID, message) values("JenniferFontenot24", 12, "Yo we should totally listen to some dank beats while we sports2");
INSERT INTO chat(username, gameID, message) values("JenniferHansen78", 12, "Yo we should totally listen to some dank beats while we sports3");
INSERT INTO chat(username, gameID, message) values("TomJohnson2", 12, "Ay where the dank memes at?4");
INSERT INTO chat(username, gameID, message) values("PaigeMitchell79", 13, "I'll bring some snacks!0");
INSERT INTO chat(username, gameID, message) values("JohnReiss42", 13, "Hey, I'll bring a ball!1");
INSERT INTO chat(username, gameID, message) values("TimmothyGabrielson43", 13, "Hey, I'll bring a ball!2");
INSERT INTO chat(username, gameID, message) values("BenBanbury41", 13, "We still on?3");
INSERT INTO chat(username, gameID, message) values("BenGoldman54", 14, "Hey, I'll bring a ball!0");
INSERT INTO chat(username, gameID, message) values("JackFontenot34", 14, "See you all in 10.1");
INSERT INTO chat(username, gameID, message) values("JenniferCarter49", 14, "Ay where the dank memes at?2");
INSERT INTO chat(username, gameID, message) values("JenniferRenninger25", 14, "Ay where the dank memes at?3");
INSERT INTO chat(username, gameID, message) values("TomKhan84", 14, "I'll bring some snacks!4");
INSERT INTO chat(username, gameID, message) values("MarkCarter9", 14, "See you all in 10.5");
INSERT INTO chat(username, gameID, message) values("JenniferSmith30", 14, "I'll bring some snacks!6");
INSERT INTO chat(username, gameID, message) values("KatieSmith10", 14, "Just realized it's raining, so let's cancel?7");
INSERT INTO chat(username, gameID, message) values("MarkBanbury18", 14, "Just got here and its busy so we can't play. Sorry!8");
INSERT INTO chat(username, gameID, message) values("JonathanBanbury35", 14, "Yo we should totally listen to some dank beats while we sports9");
INSERT INTO chat(username, gameID, message) values("JenniferHansen78", 15, "I'll bring some snacks!0");
INSERT INTO chat(username, gameID, message) values("AllisonGoldman7", 15, "I'll bring some snacks!1");
INSERT INTO chat(username, gameID, message) values("TomMitchell38", 15, "Just realized it's raining, so let's cancel?2");
INSERT INTO chat(username, gameID, message) values("MattRenninger93", 15, "I'll bring some snacks!3");
INSERT INTO chat(username, gameID, message) values("AllisonStenbit0", 15, "I'll bring some snacks!4");
INSERT INTO chat(username, gameID, message) values("BobCarter94", 15, "I'll bring some snacks!5");
INSERT INTO chat(username, gameID, message) values("MarkCohen80", 15, "Hey, I'll bring a ball!6");
INSERT INTO chat(username, gameID, message) values("TimmothyCohen65", 15, "Just got here and its busy so we can't play. Sorry!7");
INSERT INTO chat(username, gameID, message) values("BenHansen95", 16, "I'll bring some snacks!0");
INSERT INTO chat(username, gameID, message) values("PaigeKhan76", 16, "Ay where the dank memes at?1");
INSERT INTO chat(username, gameID, message) values("AllisonSmith36", 16, "Just got here and its busy so we can't play. Sorry!2");
INSERT INTO chat(username, gameID, message) values("AllisonStenbit0", 16, "We still on?3");
INSERT INTO chat(username, gameID, message) values("JonathanBanbury35", 17, "Just got here and its busy so we can't play. Sorry!0");
INSERT INTO chat(username, gameID, message) values("TomMitchell38", 17, "Ay where the dank memes at?1");
INSERT INTO chat(username, gameID, message) values("AllisonKhan16", 17, "Just got here and its busy so we can't play. Sorry!2");
INSERT INTO chat(username, gameID, message) values("PaigeKhan98", 17, "See you all in 10.3");
INSERT INTO chat(username, gameID, message) values("AllisonSmith36", 17, "See you all in 10.4");
INSERT INTO chat(username, gameID, message) values("KatieJohnson68", 17, "I'll bring some snacks!5");
INSERT INTO chat(username, gameID, message) values("BobCarter94", 17, "Just got here and its busy so we can't play. Sorry!6");
INSERT INTO chat(username, gameID, message) values("KatieSmith10", 17, "Ay where the dank memes at?7");
INSERT INTO chat(username, gameID, message) values("JonathanSmith51", 18, "See you all in 10.0");
INSERT INTO chat(username, gameID, message) values("MattRenninger93", 18, "I'll bring some snacks!1");
INSERT INTO chat(username, gameID, message) values("KatieReiss75", 18, "See you all in 10.2");
INSERT INTO chat(username, gameID, message) values("SarahGoldman4", 18, "Yo we should totally listen to some dank beats while we sports3");
INSERT INTO chat(username, gameID, message) values("BobKhan61", 19, "Yo we should totally listen to some dank beats while we sports0");
INSERT INTO chat(username, gameID, message) values("JonathanBanbury35", 19, "Ay where the dank memes at?1");
INSERT INTO chat(username, gameID, message) values("JackKhan71", 19, "Hey, I'll bring a ball!2");
INSERT INTO chat(username, gameID, message) values("TomMitchell19", 19, "We still on?3");
INSERT INTO chat(username, gameID, message) values("BobJohnson96", 19, "We still on?4");
INSERT INTO chat(username, gameID, message) values("SarahRenninger90", 19, "Hey, I'll bring a ball!5");
INSERT INTO chat(username, gameID, message) values("JonathanGabrielson55", 19, "Ay where the dank memes at?6");
INSERT INTO chat(username, gameID, message) values("KatieReiss75", 19, "We still on?7");
INSERT INTO chat(username, gameID, message) values("JenniferRenninger25", 19, "See you all in 10.8");
INSERT INTO chat(username, gameID, message) values("JenniferRenninger25", 19, "I'll bring some snacks!9");
INSERT INTO chat(username, gameID, message) values("TomGabrielson57", 19, "Hey, I'll bring a ball!10");
INSERT INTO chat(username, gameID, message) values("PaigeKhan14", 19, "Yo we should totally listen to some dank beats while we sports11");
INSERT INTO chat(username, gameID, message) values("AllisonKhan16", 19, "Just realized it's raining, so let's cancel?12");
INSERT INTO chat(username, gameID, message) values("TomGabrielson57", 19, "We still on?13");
INSERT INTO chat(username, gameID, message) values("JonathanSmith51", 19, "I'll bring some snacks!14");
INSERT INTO chat(username, gameID, message) values("GraceSmith99", 20, "We still on?0");
INSERT INTO chat(username, gameID, message) values("BenGoldman54", 20, "Just realized it's raining, so let's cancel?1");
INSERT INTO chat(username, gameID, message) values("AllisonCarter26", 20, "We still on?2");
INSERT INTO chat(username, gameID, message) values("JonathanCohen53", 20, "I'll bring some snacks!3");
INSERT INTO chat(username, gameID, message) values("JonathanBanbury35", 20, "Yo we should totally listen to some dank beats while we sports4");
INSERT INTO chat(username, gameID, message) values("MattRenninger45", 21, "I'll bring some snacks!0");
INSERT INTO chat(username, gameID, message) values("BobJohnson96", 21, "Hey, I'll bring a ball!1");
INSERT INTO chat(username, gameID, message) values("JohnFontenot52", 21, "Ay where the dank memes at?2");
INSERT INTO chat(username, gameID, message) values("TomBanbury50", 21, "Ay where the dank memes at?3");
INSERT INTO chat(username, gameID, message) values("GraceStenbit70", 22, "Just got here and its busy so we can't play. Sorry!0");
INSERT INTO chat(username, gameID, message) values("BenGoldman54", 22, "Yo we should totally listen to some dank beats while we sports1");
INSERT INTO chat(username, gameID, message) values("AllisonCohen15", 23, "Just realized it's raining, so let's cancel?0");
INSERT INTO chat(username, gameID, message) values("MattRenninger45", 23, "Just realized it's raining, so let's cancel?1");
INSERT INTO chat(username, gameID, message) values("JackFontenot34", 24, "Hey, I'll bring a ball!0");
INSERT INTO chat(username, gameID, message) values("JenniferCohen82", 24, "Yo we should totally listen to some dank beats while we sports1");
INSERT INTO chat(username, gameID, message) values("JenniferSmith30", 24, "Yo we should totally listen to some dank beats while we sports2");
INSERT INTO chat(username, gameID, message) values("JonathanSmith51", 24, "See you all in 10.3");
INSERT INTO chat(username, gameID, message) values("JackRenninger44", 24, "Yo we should totally listen to some dank beats while we sports4");
INSERT INTO chat(username, gameID, message) values("TomSmith33", 24, "Yo we should totally listen to some dank beats while we sports5");
INSERT INTO chat(username, gameID, message) values("JackFontenot34", 24, "Ay where the dank memes at?6");
INSERT INTO chat(username, gameID, message) values("TomGabrielson57", 24, "Ay where the dank memes at?7");
INSERT INTO chat(username, gameID, message) values("SarahMitchell91", 24, "I'll bring some snacks!8");
INSERT INTO chat(username, gameID, message) values("GraceStenbit70", 24, "Ay where the dank memes at?9");
INSERT INTO chat(username, gameID, message) values("JackHansen39", 25, "Hey, I'll bring a ball!0");
INSERT INTO chat(username, gameID, message) values("JackFontenot34", 25, "Just realized it's raining, so let's cancel?1");
INSERT INTO chat(username, gameID, message) values("KatieRenninger20", 25, "See you all in 10.2");
INSERT INTO chat(username, gameID, message) values("MattSmith47", 25, "Just realized it's raining, so let's cancel?3");
INSERT INTO chat(username, gameID, message) values("PaigeKhan98", 25, "Hey, I'll bring a ball!4");
INSERT INTO chat(username, gameID, message) values("JackRenninger17", 26, "I'll bring some snacks!0");
INSERT INTO chat(username, gameID, message) values("TomKhan84", 26, "Ay where the dank memes at?1");
INSERT INTO chat(username, gameID, message) values("JenniferFontenot24", 26, "I'll bring some snacks!2");
INSERT INTO chat(username, gameID, message) values("JohnFontenot52", 26, "Just got here and its busy so we can't play. Sorry!3");
INSERT INTO chat(username, gameID, message) values("KatieMitchell62", 26, "Just got here and its busy so we can't play. Sorry!4");
INSERT INTO chat(username, gameID, message) values("JenniferCohen82", 26, "See you all in 10.5");
INSERT INTO chat(username, gameID, message) values("MarkKhan29", 27, "Just realized it's raining, so let's cancel?0");
INSERT INTO chat(username, gameID, message) values("JenniferFontenot24", 27, "Hey, I'll bring a ball!1");
INSERT INTO chat(username, gameID, message) values("JonathanGabrielson55", 28, "I'll bring some snacks!0");
INSERT INTO chat(username, gameID, message) values("SarahMitchell91", 28, "See you all in 10.1");
INSERT INTO chat(username, gameID, message) values("MattRenninger93", 28, "I'll bring some snacks!2");
INSERT INTO chat(username, gameID, message) values("KatieBanbury74", 28, "We still on?3");
INSERT INTO chat(username, gameID, message) values("BobGoldman72", 29, "Yo we should totally listen to some dank beats while we sports0");
INSERT INTO chat(username, gameID, message) values("TomKhan58", 29, "I'll bring some snacks!1");
INSERT INTO chat(username, gameID, message) values("GraceSmith99", 29, "See you all in 10.2");
INSERT INTO chat(username, gameID, message) values("AllisonCohen15", 29, "Just got here and its busy so we can't play. Sorry!3");
INSERT INTO chat(username, gameID, message) values("MattRenninger93", 29, "Ay where the dank memes at?4");
INSERT INTO chat(username, gameID, message) values("AllisonGabrielson77", 29, "I'll bring some snacks!5");
INSERT INTO chat(username, gameID, message) values("JackHansen39", 29, "Yo we should totally listen to some dank beats while we sports6");
INSERT INTO chat(username, gameID, message) values("KatieHansen12", 29, "We still on?7");
INSERT INTO chat(username, gameID, message) values("MarkBanbury18", 29, "See you all in 10.8");
INSERT INTO chat(username, gameID, message) values("BobKhan61", 29, "I'll bring some snacks!9");
INSERT INTO chat(username, gameID, message) values("KatieFontenot23", 29, "Just got here and its busy so we can't play. Sorry!10");
INSERT INTO chat(username, gameID, message) values("SarahSmith6", 29, "I'll bring some snacks!11");
INSERT INTO chat(username, gameID, message) values("JenniferRenninger25", 29, "See you all in 10.12");
INSERT INTO chat(username, gameID, message) values("PaigeKhan98", 29, "Yo we should totally listen to some dank beats while we sports13");
INSERT INTO chat(username, gameID, message) values("JackHansen31", 29, "I'll bring some snacks!14");
INSERT INTO chat(username, gameID, message) values("KatieMitchell37", 30, "I'll bring some snacks!0");
INSERT INTO chat(username, gameID, message) values("JonathanBanbury35", 30, "We still on?1");
INSERT INTO chat(username, gameID, message) values("JonathanBanbury35", 30, "We still on?2");
INSERT INTO chat(username, gameID, message) values("BenGoldman54", 30, "Hey, I'll bring a ball!3");
INSERT INTO chat(username, gameID, message) values("JenniferRenninger25", 30, "Just got here and its busy so we can't play. Sorry!4");
INSERT INTO chat(username, gameID, message) values("TomJohnson88", 31, "Ay where the dank memes at?0");
INSERT INTO chat(username, gameID, message) values("BobKhan61", 31, "See you all in 10.1");
INSERT INTO chat(username, gameID, message) values("TimmothyGabrielson43", 31, "Just got here and its busy so we can't play. Sorry!2");
INSERT INTO chat(username, gameID, message) values("JackRenninger44", 31, "Ay where the dank memes at?3");
INSERT INTO chat(username, gameID, message) values("GraceSmith99", 32, "I'll bring some snacks!0");
INSERT INTO chat(username, gameID, message) values("JackRenninger17", 32, "Just got here and its busy so we can't play. Sorry!1");
INSERT INTO chat(username, gameID, message) values("MarkCohen80", 32, "Just got here and its busy so we can't play. Sorry!2");
INSERT INTO chat(username, gameID, message) values("GraceStenbit70", 32, "I'll bring some snacks!3");
INSERT INTO chat(username, gameID, message) values("JonathanBanbury35", 32, "I'll bring some snacks!4");
INSERT INTO chat(username, gameID, message) values("KatieMitchell62", 32, "Yo we should totally listen to some dank beats while we sports5");
INSERT INTO chat(username, gameID, message) values("MattRenninger93", 33, "I'll bring some snacks!0");
INSERT INTO chat(username, gameID, message) values("TomGabrielson57", 33, "Ay where the dank memes at?1");
INSERT INTO chat(username, gameID, message) values("KatieMitchell62", 33, "Just got here and its busy so we can't play. Sorry!2");
INSERT INTO chat(username, gameID, message) values("KatieHansen12", 33, "Ay where the dank memes at?3");
INSERT INTO chat(username, gameID, message) values("BobGoldman72", 33, "Just realized it's raining, so let's cancel?4");
INSERT INTO chat(username, gameID, message) values("JackRenninger17", 33, "Just realized it's raining, so let's cancel?5");
INSERT INTO chat(username, gameID, message) values("TomSmith33", 33, "Just realized it's raining, so let's cancel?6");
INSERT INTO chat(username, gameID, message) values("MaryGoldman86", 33, "Hey, I'll bring a ball!7");
INSERT INTO chat(username, gameID, message) values("SarahRenninger90", 33, "Ay where the dank memes at?8");
INSERT INTO chat(username, gameID, message) values("JackFontenot34", 33, "Ay where the dank memes at?9");
INSERT INTO chat(username, gameID, message) values("BobGoldman81", 33, "Just realized it's raining, so let's cancel?10");
INSERT INTO chat(username, gameID, message) values("MarkFontenot64", 33, "Yo we should totally listen to some dank beats while we sports11");
INSERT INTO chat(username, gameID, message) values("BobJohnson96", 33, "Hey, I'll bring a ball!12");
INSERT INTO chat(username, gameID, message) values("BenReiss56", 33, "See you all in 10.13");
INSERT INTO chat(username, gameID, message) values("KatieCohen27", 33, "Ay where the dank memes at?14");
INSERT INTO chat(username, gameID, message) values("AllisonStenbit0", 34, "Yo we should totally listen to some dank beats while we sports0");
INSERT INTO chat(username, gameID, message) values("JonathanSmith51", 34, "Just got here and its busy so we can't play. Sorry!1");
INSERT INTO chat(username, gameID, message) values("JenniferCarter49", 34, "See you all in 10.2");
INSERT INTO chat(username, gameID, message) values("JonathanSmith8", 34, "Ay where the dank memes at?3");
INSERT INTO chat(username, gameID, message) values("JenniferFontenot89", 35, "Just realized it's raining, so let's cancel?0");
INSERT INTO chat(username, gameID, message) values("SarahSmith6", 35, "Hey, I'll bring a ball!1");
INSERT INTO chat(username, gameID, message) values("JohnFontenot52", 35, "Ay where the dank memes at?2");
INSERT INTO chat(username, gameID, message) values("TomCarter46", 35, "Just got here and its busy so we can't play. Sorry!3");
INSERT INTO chat(username, gameID, message) values("BobGoldman81", 35, "See you all in 10.4");
INSERT INTO chat(username, gameID, message) values("SarahGoldman4", 35, "Ay where the dank memes at?5");
INSERT INTO chat(username, gameID, message) values("TomBanbury50", 35, "I'll bring some snacks!6");
INSERT INTO chat(username, gameID, message) values("AllisonGabrielson77", 35, "Just realized it's raining, so let's cancel?7");
INSERT INTO chat(username, gameID, message) values("TomKhan58", 35, "I'll bring some snacks!8");
INSERT INTO chat(username, gameID, message) values("MarkMitchell59", 35, "I'll bring some snacks!9");
INSERT INTO chat(username, gameID, message) values("JonathanBanbury35", 36, "Ay where the dank memes at?0");
INSERT INTO chat(username, gameID, message) values("MattRenninger93", 36, "Just got here and its busy so we can't play. Sorry!1");
INSERT INTO chat(username, gameID, message) values("JonathanCohen53", 36, "Just got here and its busy so we can't play. Sorry!2");
INSERT INTO chat(username, gameID, message) values("JenniferCohen82", 36, "Just got here and its busy so we can't play. Sorry!3");
INSERT INTO chat(username, gameID, message) values("AllisonKhan21", 36, "Just realized it's raining, so let's cancel?4");
INSERT INTO chat(username, gameID, message) values("AllisonRenninger60", 36, "Ay where the dank memes at?5");
INSERT INTO chat(username, gameID, message) values("PaigeStenbit1", 37, "I'll bring some snacks!0");
INSERT INTO chat(username, gameID, message) values("SarahRenninger90", 37, "Hey, I'll bring a ball!1");
INSERT INTO chat(username, gameID, message) values("AllisonStenbit0", 38, "Yo we should totally listen to some dank beats while we sports0");
INSERT INTO chat(username, gameID, message) values("KatieReiss75", 38, "I'll bring some snacks!1");
INSERT INTO chat(username, gameID, message) values("TomKhan84", 38, "Ay where the dank memes at?2");
INSERT INTO chat(username, gameID, message) values("SarahMitchell91", 38, "Ay where the dank memes at?3");
INSERT INTO chat(username, gameID, message) values("KatieMitchell37", 38, "Just got here and its busy so we can't play. Sorry!4");
INSERT INTO chat(username, gameID, message) values("BenBanbury41", 38, "We still on?5");
INSERT INTO chat(username, gameID, message) values("BobKhan61", 38, "Hey, I'll bring a ball!6");
INSERT INTO chat(username, gameID, message) values("JackGabrielson32", 38, "We still on?7");
INSERT INTO chat(username, gameID, message) values("MarkMitchell59", 39, "Just realized it's raining, so let's cancel?0");
INSERT INTO chat(username, gameID, message) values("KatieCohen27", 39, "Ay where the dank memes at?1");
INSERT INTO chat(username, gameID, message) values("SarahRenninger28", 39, "Ay where the dank memes at?2");
INSERT INTO chat(username, gameID, message) values("MaryGoldman86", 39, "Ay where the dank memes at?3");
INSERT INTO chat(username, gameID, message) values("SarahRenninger28", 39, "Ay where the dank memes at?4");
INSERT INTO chat(username, gameID, message) values("KatieCohen13", 40, "Just got here and its busy so we can't play. Sorry!0");
INSERT INTO chat(username, gameID, message) values("AllisonReiss69", 40, "Ay where the dank memes at?1");
INSERT INTO chat(username, gameID, message) values("JonathanSmith8", 40, "Ay where the dank memes at?2");
INSERT INTO chat(username, gameID, message) values("KatieMitchell62", 40, "Ay where the dank memes at?3");
INSERT INTO chat(username, gameID, message) values("AllisonCohen15", 40, "I'll bring some snacks!4");
INSERT INTO chat(username, gameID, message) values("AllisonKhan21", 40, "I'll bring some snacks!5");
INSERT INTO chat(username, gameID, message) values("PaigeStenbit1", 40, "We still on?6");
INSERT INTO chat(username, gameID, message) values("GraceStenbit70", 40, "Ay where the dank memes at?7");
INSERT INTO chat(username, gameID, message) values("KatieJohnson68", 40, "Just got here and its busy so we can't play. Sorry!8");
INSERT INTO chat(username, gameID, message) values("JenniferRenninger25", 40, "Just got here and its busy so we can't play. Sorry!9");
INSERT INTO chat(username, gameID, message) values("BobGoldman81", 41, "Yo we should totally listen to some dank beats while we sports0");
INSERT INTO chat(username, gameID, message) values("BobJohnson66", 41, "Yo we should totally listen to some dank beats while we sports1");
INSERT INTO chat(username, gameID, message) values("TomJohnson88", 41, "Ay where the dank memes at?2");
INSERT INTO chat(username, gameID, message) values("JonathanReiss73", 41, "Just realized it's raining, so let's cancel?3");
INSERT INTO chat(username, gameID, message) values("JohnFontenot11", 41, "I'll bring some snacks!4");
INSERT INTO chat(username, gameID, message) values("PaigeMitchell79", 41, "Just realized it's raining, so let's cancel?5");
INSERT INTO chat(username, gameID, message) values("GraceSmith99", 42, "Just realized it's raining, so let's cancel?0");
INSERT INTO chat(username, gameID, message) values("JackBanbury48", 42, "Just realized it's raining, so let's cancel?1");
INSERT INTO chat(username, gameID, message) values("KatieMitchell37", 42, "Hey, I'll bring a ball!2");
INSERT INTO chat(username, gameID, message) values("KatieFontenot85", 42, "We still on?3");
INSERT INTO chat(username, gameID, message) values("JonathanCohen53", 42, "Just got here and its busy so we can't play. Sorry!4");
INSERT INTO chat(username, gameID, message) values("PaigeKhan76", 43, "See you all in 10.0");
INSERT INTO chat(username, gameID, message) values("GraceSmith99", 43, "We still on?1");
INSERT INTO chat(username, gameID, message) values("BobJohnson96", 43, "Hey, I'll bring a ball!2");
INSERT INTO chat(username, gameID, message) values("AllisonKhan16", 43, "Just got here and its busy so we can't play. Sorry!3");
INSERT INTO chat(username, gameID, message) values("KatieJohnson68", 43, "Just got here and its busy so we can't play. Sorry!4");
INSERT INTO chat(username, gameID, message) values("MarkBanbury18", 43, "Just realized it's raining, so let's cancel?5");
INSERT INTO chat(username, gameID, message) values("MattRenninger93", 43, "Hey, I'll bring a ball!6");
INSERT INTO chat(username, gameID, message) values("TomGabrielson57", 43, "We still on?7");
INSERT INTO chat(username, gameID, message) values("BobGoldman81", 44, "Just got here and its busy so we can't play. Sorry!0");
INSERT INTO chat(username, gameID, message) values("SarahRenninger90", 44, "I'll bring some snacks!1");
INSERT INTO chat(username, gameID, message) values("MarkFontenot64", 44, "Just realized it's raining, so let's cancel?2");
INSERT INTO chat(username, gameID, message) values("KatieCohen13", 44, "See you all in 10.3");
INSERT INTO chat(username, gameID, message) values("JackHansen39", 45, "Just got here and its busy so we can't play. Sorry!0");
INSERT INTO chat(username, gameID, message) values("MarkFontenot64", 45, "Hey, I'll bring a ball!1");
INSERT INTO chat(username, gameID, message) values("JenniferFontenot24", 45, "Just realized it's raining, so let's cancel?2");
INSERT INTO chat(username, gameID, message) values("BobJohnson66", 45, "Hey, I'll bring a ball!3");
INSERT INTO chat(username, gameID, message) values("JohnFontenot52", 45, "See you all in 10.4");
INSERT INTO chat(username, gameID, message) values("JenniferRenninger25", 45, "Just got here and its busy so we can't play. Sorry!5");
INSERT INTO chat(username, gameID, message) values("KatieMitchell40", 45, "Hey, I'll bring a ball!6");
INSERT INTO chat(username, gameID, message) values("PaigeKhan14", 45, "Yo we should totally listen to some dank beats while we sports7");
INSERT INTO chat(username, gameID, message) values("AllisonBanbury22", 45, "I'll bring some snacks!8");
INSERT INTO chat(username, gameID, message) values("JackCarter87", 45, "We still on?9");
INSERT INTO chat(username, gameID, message) values("AllisonRenninger60", 46, "Yo we should totally listen to some dank beats while we sports0");
INSERT INTO chat(username, gameID, message) values("MarkFontenot64", 46, "We still on?1");
INSERT INTO chat(username, gameID, message) values("AllisonStenbit0", 46, "We still on?2");
INSERT INTO chat(username, gameID, message) values("KatieReiss75", 46, "See you all in 10.3");
INSERT INTO chat(username, gameID, message) values("KatieJohnson68", 46, "Hey, I'll bring a ball!4");
INSERT INTO chat(username, gameID, message) values("TomJohnson88", 47, "We still on?0");
INSERT INTO chat(username, gameID, message) values("MattSmith47", 47, "See you all in 10.1");
INSERT INTO chat(username, gameID, message) values("BenGoldman54", 47, "Ay where the dank memes at?2");
INSERT INTO chat(username, gameID, message) values("JohnFontenot52", 47, "We still on?3");
INSERT INTO chat(username, gameID, message) values("SarahRenninger28", 48, "Just got here and its busy so we can't play. Sorry!0");
INSERT INTO chat(username, gameID, message) values("AllisonCarter26", 48, "Just got here and its busy so we can't play. Sorry!1");
INSERT INTO chat(username, gameID, message) values("AllisonKhan21", 48, "We still on?2");
INSERT INTO chat(username, gameID, message) values("TomCarter46", 48, "See you all in 10.3");
INSERT INTO chat(username, gameID, message) values("TomGabrielson57", 48, "We still on?4");
INSERT INTO chat(username, gameID, message) values("JonathanReiss73", 49, "Just got here and its busy so we can't play. Sorry!0");
INSERT INTO chat(username, gameID, message) values("JackCarter87", 49, "We still on?1");
INSERT INTO chat(username, gameID, message) values("TomMitchell19", 49, "I'll bring some snacks!2");
INSERT INTO chat(username, gameID, message) values("TomMitchell19", 49, "Just got here and its busy so we can't play. Sorry!3");
INSERT INTO chat(username, gameID, message) values("AllisonStenbit0", 49, "We still on?4");
INSERT INTO chat(username, gameID, message) values("KatieMitchell37", 49, "Yo we should totally listen to some dank beats while we sports5");
INSERT INTO chat(username, gameID, message) values("JohnFontenot11", 50, "See you all in 10.0");
INSERT INTO chat(username, gameID, message) values("JackKhan71", 50, "We still on?1");
INSERT INTO chat(username, gameID, message) values("JenniferCohen82", 50, "Just realized it's raining, so let's cancel?2");
INSERT INTO chat(username, gameID, message) values("KatieHansen12", 50, "See you all in 10.3");
INSERT INTO chat(username, gameID, message) values("MarkBanbury67", 50, "Yo we should totally listen to some dank beats while we sports4");
INSERT INTO chat(username, gameID, message) values("SarahGoldman4", 50, "Just realized it's raining, so let's cancel?5");
INSERT INTO chat(username, gameID, message) values("SarahGoldman4", 50, "I'll bring some snacks!6");
INSERT INTO chat(username, gameID, message) values("JohnFontenot11", 50, "Just realized it's raining, so let's cancel?7");
INSERT INTO chat(username, gameID, message) values("BobKhan61", 50, "See you all in 10.8");
INSERT INTO chat(username, gameID, message) values("TomJohnson88", 50, "Just realized it's raining, so let's cancel?9");
