DROP DATABASE IF EXISTS pickup;

CREATE DATABASE pickup;

USE pickup;

CREATE TABLE user(
name VARCHAR(100),
id INT auto_increment PRIMARY KEY,
salt VARCHAR(256),
hash VARCHAR(64),
email VARCHAR(100)
);

CREATE TABLE login(
login DATETIME,
username VARCHAR(100),
PRIMARY KEY(login, username)
);

CREATE TABLE session(
username VARCHAR(100),
sessionKey VARCHAR(256)
);

CREATE TABLE chat(
chatID INT auto_increment PRIMARY KEY,
username VARCHAR(100),
gameID INT,
message VARCHAR(1000),
time TIME
);

CREATE TABLE friend(
friender VARCHAR(100),
friendee VARCHAR(100),
PRIMARY KEY(friender, friendee)
);

CREATE TABLE sportPreference(
username VARCHAR(100),
sport VARCHAR(100),
PRIMARY KEY(username, sport)
);

CREATE TABLE game(
id INT PRIMARY KEY auto_increment,
sport VARCHAR(100),
time TIME,
date DATE,
playerCount INT,
location VARCHAR(100),
full TINYINT
);

CREATE TABLE enlist(
playerName VARCHAR(100),
gameID INT,
PRIMARY KEY(playerName, gameID)
);



INSERT INTO user(name, salt, hash) values("AllisonBanbury0","1jo5OFAVDpC6xaEgt8sSuHcOSzo1SnkEVF5jHwD39SJegUlvz8nBLNeJBK6StVPCKzNNxUpOToQojUW304fW5gjniSqWejeBxo6Xtlgb0qIWW4vYoRYIIPRph8YwiW1mSxZ6sahYlfruDA52wtwPw82I9EVnEul7jRMbbFGFD2NDNW3AinEFt5sqMa84tKK0V9JJyRe4FY7yFTOVjSMV41WF2srbI3k0QVGoEaQ7r0tijCBnXil4QVwQ0ya1FW3g","d528cbceddde5d3cbc0f6f3b841a48e10d35fd84eea400959a2bc450c19d1a2f");
INSERT INTO user(name, salt, hash) values("JenniferGoldman1","1jo5OFAVDpC6xaEgt8sSuHcOSzo1SnkEVF5jHwD39SJegUlvz8nBLNeJBK6StVPCKzNNxUpOToQojUW304fW5gjniSqWejeBxo6Xtlgb0qIWW4vYoRYIIPRph8YwiW1mSxZ6sahYlfruDA52wtwPw82I9EVnEul7jRMbbFGFD2NDNW3AinEFt5sqMa84tKK0V9JJyRe4FY7yFTOVjSMV41WF2srbI3k0QVGoEaQ7r0tijCBnXil4QVwQ0ya1FW3g","d528cbceddde5d3cbc0f6f3b841a48e10d35fd84eea400959a2bc450c19d1a2f");
INSERT INTO user(name, salt, hash) values("GraceGoldman2","1jo5OFAVDpC6xaEgt8sSuHcOSzo1SnkEVF5jHwD39SJegUlvz8nBLNeJBK6StVPCKzNNxUpOToQojUW304fW5gjniSqWejeBxo6Xtlgb0qIWW4vYoRYIIPRph8YwiW1mSxZ6sahYlfruDA52wtwPw82I9EVnEul7jRMbbFGFD2NDNW3AinEFt5sqMa84tKK0V9JJyRe4FY7yFTOVjSMV41WF2srbI3k0QVGoEaQ7r0tijCBnXil4QVwQ0ya1FW3g","d528cbceddde5d3cbc0f6f3b841a48e10d35fd84eea400959a2bc450c19d1a2f");
INSERT INTO user(name, salt, hash) values("MarkGoldman3","1jo5OFAVDpC6xaEgt8sSuHcOSzo1SnkEVF5jHwD39SJegUlvz8nBLNeJBK6StVPCKzNNxUpOToQojUW304fW5gjniSqWejeBxo6Xtlgb0qIWW4vYoRYIIPRph8YwiW1mSxZ6sahYlfruDA52wtwPw82I9EVnEul7jRMbbFGFD2NDNW3AinEFt5sqMa84tKK0V9JJyRe4FY7yFTOVjSMV41WF2srbI3k0QVGoEaQ7r0tijCBnXil4QVwQ0ya1FW3g","d528cbceddde5d3cbc0f6f3b841a48e10d35fd84eea400959a2bc450c19d1a2f");
INSERT INTO user(name, salt, hash) values("GraceSmith4","1jo5OFAVDpC6xaEgt8sSuHcOSzo1SnkEVF5jHwD39SJegUlvz8nBLNeJBK6StVPCKzNNxUpOToQojUW304fW5gjniSqWejeBxo6Xtlgb0qIWW4vYoRYIIPRph8YwiW1mSxZ6sahYlfruDA52wtwPw82I9EVnEul7jRMbbFGFD2NDNW3AinEFt5sqMa84tKK0V9JJyRe4FY7yFTOVjSMV41WF2srbI3k0QVGoEaQ7r0tijCBnXil4QVwQ0ya1FW3g","d528cbceddde5d3cbc0f6f3b841a48e10d35fd84eea400959a2bc450c19d1a2f");
INSERT INTO user(name, salt, hash) values("TimmothyKhan5","1jo5OFAVDpC6xaEgt8sSuHcOSzo1SnkEVF5jHwD39SJegUlvz8nBLNeJBK6StVPCKzNNxUpOToQojUW304fW5gjniSqWejeBxo6Xtlgb0qIWW4vYoRYIIPRph8YwiW1mSxZ6sahYlfruDA52wtwPw82I9EVnEul7jRMbbFGFD2NDNW3AinEFt5sqMa84tKK0V9JJyRe4FY7yFTOVjSMV41WF2srbI3k0QVGoEaQ7r0tijCBnXil4QVwQ0ya1FW3g","d528cbceddde5d3cbc0f6f3b841a48e10d35fd84eea400959a2bc450c19d1a2f");
INSERT INTO user(name, salt, hash) values("AllisonCohen6","1jo5OFAVDpC6xaEgt8sSuHcOSzo1SnkEVF5jHwD39SJegUlvz8nBLNeJBK6StVPCKzNNxUpOToQojUW304fW5gjniSqWejeBxo6Xtlgb0qIWW4vYoRYIIPRph8YwiW1mSxZ6sahYlfruDA52wtwPw82I9EVnEul7jRMbbFGFD2NDNW3AinEFt5sqMa84tKK0V9JJyRe4FY7yFTOVjSMV41WF2srbI3k0QVGoEaQ7r0tijCBnXil4QVwQ0ya1FW3g","d528cbceddde5d3cbc0f6f3b841a48e10d35fd84eea400959a2bc450c19d1a2f");
INSERT INTO user(name, salt, hash) values("JackCohen7","1jo5OFAVDpC6xaEgt8sSuHcOSzo1SnkEVF5jHwD39SJegUlvz8nBLNeJBK6StVPCKzNNxUpOToQojUW304fW5gjniSqWejeBxo6Xtlgb0qIWW4vYoRYIIPRph8YwiW1mSxZ6sahYlfruDA52wtwPw82I9EVnEul7jRMbbFGFD2NDNW3AinEFt5sqMa84tKK0V9JJyRe4FY7yFTOVjSMV41WF2srbI3k0QVGoEaQ7r0tijCBnXil4QVwQ0ya1FW3g","d528cbceddde5d3cbc0f6f3b841a48e10d35fd84eea400959a2bc450c19d1a2f");
INSERT INTO user(name, salt, hash) values("MattCarter8","1jo5OFAVDpC6xaEgt8sSuHcOSzo1SnkEVF5jHwD39SJegUlvz8nBLNeJBK6StVPCKzNNxUpOToQojUW304fW5gjniSqWejeBxo6Xtlgb0qIWW4vYoRYIIPRph8YwiW1mSxZ6sahYlfruDA52wtwPw82I9EVnEul7jRMbbFGFD2NDNW3AinEFt5sqMa84tKK0V9JJyRe4FY7yFTOVjSMV41WF2srbI3k0QVGoEaQ7r0tijCBnXil4QVwQ0ya1FW3g","d528cbceddde5d3cbc0f6f3b841a48e10d35fd84eea400959a2bc450c19d1a2f");
INSERT INTO user(name, salt, hash) values("MarkCarter9","1jo5OFAVDpC6xaEgt8sSuHcOSzo1SnkEVF5jHwD39SJegUlvz8nBLNeJBK6StVPCKzNNxUpOToQojUW304fW5gjniSqWejeBxo6Xtlgb0qIWW4vYoRYIIPRph8YwiW1mSxZ6sahYlfruDA52wtwPw82I9EVnEul7jRMbbFGFD2NDNW3AinEFt5sqMa84tKK0V9JJyRe4FY7yFTOVjSMV41WF2srbI3k0QVGoEaQ7r0tijCBnXil4QVwQ0ya1FW3g","d528cbceddde5d3cbc0f6f3b841a48e10d35fd84eea400959a2bc450c19d1a2f");
INSERT INTO user(name, salt, hash) values("AllisonSmith10","1jo5OFAVDpC6xaEgt8sSuHcOSzo1SnkEVF5jHwD39SJegUlvz8nBLNeJBK6StVPCKzNNxUpOToQojUW304fW5gjniSqWejeBxo6Xtlgb0qIWW4vYoRYIIPRph8YwiW1mSxZ6sahYlfruDA52wtwPw82I9EVnEul7jRMbbFGFD2NDNW3AinEFt5sqMa84tKK0V9JJyRe4FY7yFTOVjSMV41WF2srbI3k0QVGoEaQ7r0tijCBnXil4QVwQ0ya1FW3g","d528cbceddde5d3cbc0f6f3b841a48e10d35fd84eea400959a2bc450c19d1a2f");
INSERT INTO user(name, salt, hash) values("SarahJohnson11","1jo5OFAVDpC6xaEgt8sSuHcOSzo1SnkEVF5jHwD39SJegUlvz8nBLNeJBK6StVPCKzNNxUpOToQojUW304fW5gjniSqWejeBxo6Xtlgb0qIWW4vYoRYIIPRph8YwiW1mSxZ6sahYlfruDA52wtwPw82I9EVnEul7jRMbbFGFD2NDNW3AinEFt5sqMa84tKK0V9JJyRe4FY7yFTOVjSMV41WF2srbI3k0QVGoEaQ7r0tijCBnXil4QVwQ0ya1FW3g","d528cbceddde5d3cbc0f6f3b841a48e10d35fd84eea400959a2bc450c19d1a2f");
INSERT INTO user(name, salt, hash) values("JonathanCohen12","1jo5OFAVDpC6xaEgt8sSuHcOSzo1SnkEVF5jHwD39SJegUlvz8nBLNeJBK6StVPCKzNNxUpOToQojUW304fW5gjniSqWejeBxo6Xtlgb0qIWW4vYoRYIIPRph8YwiW1mSxZ6sahYlfruDA52wtwPw82I9EVnEul7jRMbbFGFD2NDNW3AinEFt5sqMa84tKK0V9JJyRe4FY7yFTOVjSMV41WF2srbI3k0QVGoEaQ7r0tijCBnXil4QVwQ0ya1FW3g","d528cbceddde5d3cbc0f6f3b841a48e10d35fd84eea400959a2bc450c19d1a2f");
INSERT INTO user(name, salt, hash) values("MattCarter13","1jo5OFAVDpC6xaEgt8sSuHcOSzo1SnkEVF5jHwD39SJegUlvz8nBLNeJBK6StVPCKzNNxUpOToQojUW304fW5gjniSqWejeBxo6Xtlgb0qIWW4vYoRYIIPRph8YwiW1mSxZ6sahYlfruDA52wtwPw82I9EVnEul7jRMbbFGFD2NDNW3AinEFt5sqMa84tKK0V9JJyRe4FY7yFTOVjSMV41WF2srbI3k0QVGoEaQ7r0tijCBnXil4QVwQ0ya1FW3g","d528cbceddde5d3cbc0f6f3b841a48e10d35fd84eea400959a2bc450c19d1a2f");
INSERT INTO user(name, salt, hash) values("MaryCarter14","1jo5OFAVDpC6xaEgt8sSuHcOSzo1SnkEVF5jHwD39SJegUlvz8nBLNeJBK6StVPCKzNNxUpOToQojUW304fW5gjniSqWejeBxo6Xtlgb0qIWW4vYoRYIIPRph8YwiW1mSxZ6sahYlfruDA52wtwPw82I9EVnEul7jRMbbFGFD2NDNW3AinEFt5sqMa84tKK0V9JJyRe4FY7yFTOVjSMV41WF2srbI3k0QVGoEaQ7r0tijCBnXil4QVwQ0ya1FW3g","d528cbceddde5d3cbc0f6f3b841a48e10d35fd84eea400959a2bc450c19d1a2f");
INSERT INTO user(name, salt, hash) values("MarkBanbury15","1jo5OFAVDpC6xaEgt8sSuHcOSzo1SnkEVF5jHwD39SJegUlvz8nBLNeJBK6StVPCKzNNxUpOToQojUW304fW5gjniSqWejeBxo6Xtlgb0qIWW4vYoRYIIPRph8YwiW1mSxZ6sahYlfruDA52wtwPw82I9EVnEul7jRMbbFGFD2NDNW3AinEFt5sqMa84tKK0V9JJyRe4FY7yFTOVjSMV41WF2srbI3k0QVGoEaQ7r0tijCBnXil4QVwQ0ya1FW3g","d528cbceddde5d3cbc0f6f3b841a48e10d35fd84eea400959a2bc450c19d1a2f");
INSERT INTO user(name, salt, hash) values("GraceGoldman16","1jo5OFAVDpC6xaEgt8sSuHcOSzo1SnkEVF5jHwD39SJegUlvz8nBLNeJBK6StVPCKzNNxUpOToQojUW304fW5gjniSqWejeBxo6Xtlgb0qIWW4vYoRYIIPRph8YwiW1mSxZ6sahYlfruDA52wtwPw82I9EVnEul7jRMbbFGFD2NDNW3AinEFt5sqMa84tKK0V9JJyRe4FY7yFTOVjSMV41WF2srbI3k0QVGoEaQ7r0tijCBnXil4QVwQ0ya1FW3g","d528cbceddde5d3cbc0f6f3b841a48e10d35fd84eea400959a2bc450c19d1a2f");
INSERT INTO user(name, salt, hash) values("BenRenninger17","1jo5OFAVDpC6xaEgt8sSuHcOSzo1SnkEVF5jHwD39SJegUlvz8nBLNeJBK6StVPCKzNNxUpOToQojUW304fW5gjniSqWejeBxo6Xtlgb0qIWW4vYoRYIIPRph8YwiW1mSxZ6sahYlfruDA52wtwPw82I9EVnEul7jRMbbFGFD2NDNW3AinEFt5sqMa84tKK0V9JJyRe4FY7yFTOVjSMV41WF2srbI3k0QVGoEaQ7r0tijCBnXil4QVwQ0ya1FW3g","d528cbceddde5d3cbc0f6f3b841a48e10d35fd84eea400959a2bc450c19d1a2f");
INSERT INTO user(name, salt, hash) values("MattJohnson18","1jo5OFAVDpC6xaEgt8sSuHcOSzo1SnkEVF5jHwD39SJegUlvz8nBLNeJBK6StVPCKzNNxUpOToQojUW304fW5gjniSqWejeBxo6Xtlgb0qIWW4vYoRYIIPRph8YwiW1mSxZ6sahYlfruDA52wtwPw82I9EVnEul7jRMbbFGFD2NDNW3AinEFt5sqMa84tKK0V9JJyRe4FY7yFTOVjSMV41WF2srbI3k0QVGoEaQ7r0tijCBnXil4QVwQ0ya1FW3g","d528cbceddde5d3cbc0f6f3b841a48e10d35fd84eea400959a2bc450c19d1a2f");
INSERT INTO user(name, salt, hash) values("JenniferJohnson19","1jo5OFAVDpC6xaEgt8sSuHcOSzo1SnkEVF5jHwD39SJegUlvz8nBLNeJBK6StVPCKzNNxUpOToQojUW304fW5gjniSqWejeBxo6Xtlgb0qIWW4vYoRYIIPRph8YwiW1mSxZ6sahYlfruDA52wtwPw82I9EVnEul7jRMbbFGFD2NDNW3AinEFt5sqMa84tKK0V9JJyRe4FY7yFTOVjSMV41WF2srbI3k0QVGoEaQ7r0tijCBnXil4QVwQ0ya1FW3g","d528cbceddde5d3cbc0f6f3b841a48e10d35fd84eea400959a2bc450c19d1a2f");
INSERT INTO user(name, salt, hash) values("MarkCarter20","1jo5OFAVDpC6xaEgt8sSuHcOSzo1SnkEVF5jHwD39SJegUlvz8nBLNeJBK6StVPCKzNNxUpOToQojUW304fW5gjniSqWejeBxo6Xtlgb0qIWW4vYoRYIIPRph8YwiW1mSxZ6sahYlfruDA52wtwPw82I9EVnEul7jRMbbFGFD2NDNW3AinEFt5sqMa84tKK0V9JJyRe4FY7yFTOVjSMV41WF2srbI3k0QVGoEaQ7r0tijCBnXil4QVwQ0ya1FW3g","d528cbceddde5d3cbc0f6f3b841a48e10d35fd84eea400959a2bc450c19d1a2f");
INSERT INTO user(name, salt, hash) values("SarahKhan21","1jo5OFAVDpC6xaEgt8sSuHcOSzo1SnkEVF5jHwD39SJegUlvz8nBLNeJBK6StVPCKzNNxUpOToQojUW304fW5gjniSqWejeBxo6Xtlgb0qIWW4vYoRYIIPRph8YwiW1mSxZ6sahYlfruDA52wtwPw82I9EVnEul7jRMbbFGFD2NDNW3AinEFt5sqMa84tKK0V9JJyRe4FY7yFTOVjSMV41WF2srbI3k0QVGoEaQ7r0tijCBnXil4QVwQ0ya1FW3g","d528cbceddde5d3cbc0f6f3b841a48e10d35fd84eea400959a2bc450c19d1a2f");
INSERT INTO user(name, salt, hash) values("BobSmith22","1jo5OFAVDpC6xaEgt8sSuHcOSzo1SnkEVF5jHwD39SJegUlvz8nBLNeJBK6StVPCKzNNxUpOToQojUW304fW5gjniSqWejeBxo6Xtlgb0qIWW4vYoRYIIPRph8YwiW1mSxZ6sahYlfruDA52wtwPw82I9EVnEul7jRMbbFGFD2NDNW3AinEFt5sqMa84tKK0V9JJyRe4FY7yFTOVjSMV41WF2srbI3k0QVGoEaQ7r0tijCBnXil4QVwQ0ya1FW3g","d528cbceddde5d3cbc0f6f3b841a48e10d35fd84eea400959a2bc450c19d1a2f");
INSERT INTO user(name, salt, hash) values("GraceBanbury23","1jo5OFAVDpC6xaEgt8sSuHcOSzo1SnkEVF5jHwD39SJegUlvz8nBLNeJBK6StVPCKzNNxUpOToQojUW304fW5gjniSqWejeBxo6Xtlgb0qIWW4vYoRYIIPRph8YwiW1mSxZ6sahYlfruDA52wtwPw82I9EVnEul7jRMbbFGFD2NDNW3AinEFt5sqMa84tKK0V9JJyRe4FY7yFTOVjSMV41WF2srbI3k0QVGoEaQ7r0tijCBnXil4QVwQ0ya1FW3g","d528cbceddde5d3cbc0f6f3b841a48e10d35fd84eea400959a2bc450c19d1a2f");
INSERT INTO user(name, salt, hash) values("JenniferGoldman24","1jo5OFAVDpC6xaEgt8sSuHcOSzo1SnkEVF5jHwD39SJegUlvz8nBLNeJBK6StVPCKzNNxUpOToQojUW304fW5gjniSqWejeBxo6Xtlgb0qIWW4vYoRYIIPRph8YwiW1mSxZ6sahYlfruDA52wtwPw82I9EVnEul7jRMbbFGFD2NDNW3AinEFt5sqMa84tKK0V9JJyRe4FY7yFTOVjSMV41WF2srbI3k0QVGoEaQ7r0tijCBnXil4QVwQ0ya1FW3g","d528cbceddde5d3cbc0f6f3b841a48e10d35fd84eea400959a2bc450c19d1a2f");
INSERT INTO user(name, salt, hash) values("BobKhan25","1jo5OFAVDpC6xaEgt8sSuHcOSzo1SnkEVF5jHwD39SJegUlvz8nBLNeJBK6StVPCKzNNxUpOToQojUW304fW5gjniSqWejeBxo6Xtlgb0qIWW4vYoRYIIPRph8YwiW1mSxZ6sahYlfruDA52wtwPw82I9EVnEul7jRMbbFGFD2NDNW3AinEFt5sqMa84tKK0V9JJyRe4FY7yFTOVjSMV41WF2srbI3k0QVGoEaQ7r0tijCBnXil4QVwQ0ya1FW3g","d528cbceddde5d3cbc0f6f3b841a48e10d35fd84eea400959a2bc450c19d1a2f");
INSERT INTO user(name, salt, hash) values("AllisonCohen26","1jo5OFAVDpC6xaEgt8sSuHcOSzo1SnkEVF5jHwD39SJegUlvz8nBLNeJBK6StVPCKzNNxUpOToQojUW304fW5gjniSqWejeBxo6Xtlgb0qIWW4vYoRYIIPRph8YwiW1mSxZ6sahYlfruDA52wtwPw82I9EVnEul7jRMbbFGFD2NDNW3AinEFt5sqMa84tKK0V9JJyRe4FY7yFTOVjSMV41WF2srbI3k0QVGoEaQ7r0tijCBnXil4QVwQ0ya1FW3g","d528cbceddde5d3cbc0f6f3b841a48e10d35fd84eea400959a2bc450c19d1a2f");
INSERT INTO user(name, salt, hash) values("AllisonCarter27","1jo5OFAVDpC6xaEgt8sSuHcOSzo1SnkEVF5jHwD39SJegUlvz8nBLNeJBK6StVPCKzNNxUpOToQojUW304fW5gjniSqWejeBxo6Xtlgb0qIWW4vYoRYIIPRph8YwiW1mSxZ6sahYlfruDA52wtwPw82I9EVnEul7jRMbbFGFD2NDNW3AinEFt5sqMa84tKK0V9JJyRe4FY7yFTOVjSMV41WF2srbI3k0QVGoEaQ7r0tijCBnXil4QVwQ0ya1FW3g","d528cbceddde5d3cbc0f6f3b841a48e10d35fd84eea400959a2bc450c19d1a2f");
INSERT INTO user(name, salt, hash) values("MarkSmith28","1jo5OFAVDpC6xaEgt8sSuHcOSzo1SnkEVF5jHwD39SJegUlvz8nBLNeJBK6StVPCKzNNxUpOToQojUW304fW5gjniSqWejeBxo6Xtlgb0qIWW4vYoRYIIPRph8YwiW1mSxZ6sahYlfruDA52wtwPw82I9EVnEul7jRMbbFGFD2NDNW3AinEFt5sqMa84tKK0V9JJyRe4FY7yFTOVjSMV41WF2srbI3k0QVGoEaQ7r0tijCBnXil4QVwQ0ya1FW3g","d528cbceddde5d3cbc0f6f3b841a48e10d35fd84eea400959a2bc450c19d1a2f");
INSERT INTO user(name, salt, hash) values("TimmothyKhan29","1jo5OFAVDpC6xaEgt8sSuHcOSzo1SnkEVF5jHwD39SJegUlvz8nBLNeJBK6StVPCKzNNxUpOToQojUW304fW5gjniSqWejeBxo6Xtlgb0qIWW4vYoRYIIPRph8YwiW1mSxZ6sahYlfruDA52wtwPw82I9EVnEul7jRMbbFGFD2NDNW3AinEFt5sqMa84tKK0V9JJyRe4FY7yFTOVjSMV41WF2srbI3k0QVGoEaQ7r0tijCBnXil4QVwQ0ya1FW3g","d528cbceddde5d3cbc0f6f3b841a48e10d35fd84eea400959a2bc450c19d1a2f");
INSERT INTO user(name, salt, hash) values("KatieRenninger30","1jo5OFAVDpC6xaEgt8sSuHcOSzo1SnkEVF5jHwD39SJegUlvz8nBLNeJBK6StVPCKzNNxUpOToQojUW304fW5gjniSqWejeBxo6Xtlgb0qIWW4vYoRYIIPRph8YwiW1mSxZ6sahYlfruDA52wtwPw82I9EVnEul7jRMbbFGFD2NDNW3AinEFt5sqMa84tKK0V9JJyRe4FY7yFTOVjSMV41WF2srbI3k0QVGoEaQ7r0tijCBnXil4QVwQ0ya1FW3g","d528cbceddde5d3cbc0f6f3b841a48e10d35fd84eea400959a2bc450c19d1a2f");
INSERT INTO user(name, salt, hash) values("JenniferKhan31","1jo5OFAVDpC6xaEgt8sSuHcOSzo1SnkEVF5jHwD39SJegUlvz8nBLNeJBK6StVPCKzNNxUpOToQojUW304fW5gjniSqWejeBxo6Xtlgb0qIWW4vYoRYIIPRph8YwiW1mSxZ6sahYlfruDA52wtwPw82I9EVnEul7jRMbbFGFD2NDNW3AinEFt5sqMa84tKK0V9JJyRe4FY7yFTOVjSMV41WF2srbI3k0QVGoEaQ7r0tijCBnXil4QVwQ0ya1FW3g","d528cbceddde5d3cbc0f6f3b841a48e10d35fd84eea400959a2bc450c19d1a2f");
INSERT INTO user(name, salt, hash) values("AllisonHansen32","1jo5OFAVDpC6xaEgt8sSuHcOSzo1SnkEVF5jHwD39SJegUlvz8nBLNeJBK6StVPCKzNNxUpOToQojUW304fW5gjniSqWejeBxo6Xtlgb0qIWW4vYoRYIIPRph8YwiW1mSxZ6sahYlfruDA52wtwPw82I9EVnEul7jRMbbFGFD2NDNW3AinEFt5sqMa84tKK0V9JJyRe4FY7yFTOVjSMV41WF2srbI3k0QVGoEaQ7r0tijCBnXil4QVwQ0ya1FW3g","d528cbceddde5d3cbc0f6f3b841a48e10d35fd84eea400959a2bc450c19d1a2f");
INSERT INTO user(name, salt, hash) values("GraceBanbury33","1jo5OFAVDpC6xaEgt8sSuHcOSzo1SnkEVF5jHwD39SJegUlvz8nBLNeJBK6StVPCKzNNxUpOToQojUW304fW5gjniSqWejeBxo6Xtlgb0qIWW4vYoRYIIPRph8YwiW1mSxZ6sahYlfruDA52wtwPw82I9EVnEul7jRMbbFGFD2NDNW3AinEFt5sqMa84tKK0V9JJyRe4FY7yFTOVjSMV41WF2srbI3k0QVGoEaQ7r0tijCBnXil4QVwQ0ya1FW3g","d528cbceddde5d3cbc0f6f3b841a48e10d35fd84eea400959a2bc450c19d1a2f");
INSERT INTO user(name, salt, hash) values("PaigeBanbury34","1jo5OFAVDpC6xaEgt8sSuHcOSzo1SnkEVF5jHwD39SJegUlvz8nBLNeJBK6StVPCKzNNxUpOToQojUW304fW5gjniSqWejeBxo6Xtlgb0qIWW4vYoRYIIPRph8YwiW1mSxZ6sahYlfruDA52wtwPw82I9EVnEul7jRMbbFGFD2NDNW3AinEFt5sqMa84tKK0V9JJyRe4FY7yFTOVjSMV41WF2srbI3k0QVGoEaQ7r0tijCBnXil4QVwQ0ya1FW3g","d528cbceddde5d3cbc0f6f3b841a48e10d35fd84eea400959a2bc450c19d1a2f");
INSERT INTO user(name, salt, hash) values("TomKhan35","1jo5OFAVDpC6xaEgt8sSuHcOSzo1SnkEVF5jHwD39SJegUlvz8nBLNeJBK6StVPCKzNNxUpOToQojUW304fW5gjniSqWejeBxo6Xtlgb0qIWW4vYoRYIIPRph8YwiW1mSxZ6sahYlfruDA52wtwPw82I9EVnEul7jRMbbFGFD2NDNW3AinEFt5sqMa84tKK0V9JJyRe4FY7yFTOVjSMV41WF2srbI3k0QVGoEaQ7r0tijCBnXil4QVwQ0ya1FW3g","d528cbceddde5d3cbc0f6f3b841a48e10d35fd84eea400959a2bc450c19d1a2f");
INSERT INTO user(name, salt, hash) values("KatieHansen36","1jo5OFAVDpC6xaEgt8sSuHcOSzo1SnkEVF5jHwD39SJegUlvz8nBLNeJBK6StVPCKzNNxUpOToQojUW304fW5gjniSqWejeBxo6Xtlgb0qIWW4vYoRYIIPRph8YwiW1mSxZ6sahYlfruDA52wtwPw82I9EVnEul7jRMbbFGFD2NDNW3AinEFt5sqMa84tKK0V9JJyRe4FY7yFTOVjSMV41WF2srbI3k0QVGoEaQ7r0tijCBnXil4QVwQ0ya1FW3g","d528cbceddde5d3cbc0f6f3b841a48e10d35fd84eea400959a2bc450c19d1a2f");
INSERT INTO user(name, salt, hash) values("MarkFontenot37","1jo5OFAVDpC6xaEgt8sSuHcOSzo1SnkEVF5jHwD39SJegUlvz8nBLNeJBK6StVPCKzNNxUpOToQojUW304fW5gjniSqWejeBxo6Xtlgb0qIWW4vYoRYIIPRph8YwiW1mSxZ6sahYlfruDA52wtwPw82I9EVnEul7jRMbbFGFD2NDNW3AinEFt5sqMa84tKK0V9JJyRe4FY7yFTOVjSMV41WF2srbI3k0QVGoEaQ7r0tijCBnXil4QVwQ0ya1FW3g","d528cbceddde5d3cbc0f6f3b841a48e10d35fd84eea400959a2bc450c19d1a2f");
INSERT INTO user(name, salt, hash) values("SarahGoldman38","1jo5OFAVDpC6xaEgt8sSuHcOSzo1SnkEVF5jHwD39SJegUlvz8nBLNeJBK6StVPCKzNNxUpOToQojUW304fW5gjniSqWejeBxo6Xtlgb0qIWW4vYoRYIIPRph8YwiW1mSxZ6sahYlfruDA52wtwPw82I9EVnEul7jRMbbFGFD2NDNW3AinEFt5sqMa84tKK0V9JJyRe4FY7yFTOVjSMV41WF2srbI3k0QVGoEaQ7r0tijCBnXil4QVwQ0ya1FW3g","d528cbceddde5d3cbc0f6f3b841a48e10d35fd84eea400959a2bc450c19d1a2f");
INSERT INTO user(name, salt, hash) values("BenStenbit39","1jo5OFAVDpC6xaEgt8sSuHcOSzo1SnkEVF5jHwD39SJegUlvz8nBLNeJBK6StVPCKzNNxUpOToQojUW304fW5gjniSqWejeBxo6Xtlgb0qIWW4vYoRYIIPRph8YwiW1mSxZ6sahYlfruDA52wtwPw82I9EVnEul7jRMbbFGFD2NDNW3AinEFt5sqMa84tKK0V9JJyRe4FY7yFTOVjSMV41WF2srbI3k0QVGoEaQ7r0tijCBnXil4QVwQ0ya1FW3g","d528cbceddde5d3cbc0f6f3b841a48e10d35fd84eea400959a2bc450c19d1a2f");
INSERT INTO user(name, salt, hash) values("MarkBanbury40","1jo5OFAVDpC6xaEgt8sSuHcOSzo1SnkEVF5jHwD39SJegUlvz8nBLNeJBK6StVPCKzNNxUpOToQojUW304fW5gjniSqWejeBxo6Xtlgb0qIWW4vYoRYIIPRph8YwiW1mSxZ6sahYlfruDA52wtwPw82I9EVnEul7jRMbbFGFD2NDNW3AinEFt5sqMa84tKK0V9JJyRe4FY7yFTOVjSMV41WF2srbI3k0QVGoEaQ7r0tijCBnXil4QVwQ0ya1FW3g","d528cbceddde5d3cbc0f6f3b841a48e10d35fd84eea400959a2bc450c19d1a2f");
INSERT INTO user(name, salt, hash) values("KatieCohen41","1jo5OFAVDpC6xaEgt8sSuHcOSzo1SnkEVF5jHwD39SJegUlvz8nBLNeJBK6StVPCKzNNxUpOToQojUW304fW5gjniSqWejeBxo6Xtlgb0qIWW4vYoRYIIPRph8YwiW1mSxZ6sahYlfruDA52wtwPw82I9EVnEul7jRMbbFGFD2NDNW3AinEFt5sqMa84tKK0V9JJyRe4FY7yFTOVjSMV41WF2srbI3k0QVGoEaQ7r0tijCBnXil4QVwQ0ya1FW3g","d528cbceddde5d3cbc0f6f3b841a48e10d35fd84eea400959a2bc450c19d1a2f");
INSERT INTO user(name, salt, hash) values("BobJohnson42","1jo5OFAVDpC6xaEgt8sSuHcOSzo1SnkEVF5jHwD39SJegUlvz8nBLNeJBK6StVPCKzNNxUpOToQojUW304fW5gjniSqWejeBxo6Xtlgb0qIWW4vYoRYIIPRph8YwiW1mSxZ6sahYlfruDA52wtwPw82I9EVnEul7jRMbbFGFD2NDNW3AinEFt5sqMa84tKK0V9JJyRe4FY7yFTOVjSMV41WF2srbI3k0QVGoEaQ7r0tijCBnXil4QVwQ0ya1FW3g","d528cbceddde5d3cbc0f6f3b841a48e10d35fd84eea400959a2bc450c19d1a2f");
INSERT INTO user(name, salt, hash) values("BobCohen43","1jo5OFAVDpC6xaEgt8sSuHcOSzo1SnkEVF5jHwD39SJegUlvz8nBLNeJBK6StVPCKzNNxUpOToQojUW304fW5gjniSqWejeBxo6Xtlgb0qIWW4vYoRYIIPRph8YwiW1mSxZ6sahYlfruDA52wtwPw82I9EVnEul7jRMbbFGFD2NDNW3AinEFt5sqMa84tKK0V9JJyRe4FY7yFTOVjSMV41WF2srbI3k0QVGoEaQ7r0tijCBnXil4QVwQ0ya1FW3g","d528cbceddde5d3cbc0f6f3b841a48e10d35fd84eea400959a2bc450c19d1a2f");
INSERT INTO user(name, salt, hash) values("GraceReiss44","1jo5OFAVDpC6xaEgt8sSuHcOSzo1SnkEVF5jHwD39SJegUlvz8nBLNeJBK6StVPCKzNNxUpOToQojUW304fW5gjniSqWejeBxo6Xtlgb0qIWW4vYoRYIIPRph8YwiW1mSxZ6sahYlfruDA52wtwPw82I9EVnEul7jRMbbFGFD2NDNW3AinEFt5sqMa84tKK0V9JJyRe4FY7yFTOVjSMV41WF2srbI3k0QVGoEaQ7r0tijCBnXil4QVwQ0ya1FW3g","d528cbceddde5d3cbc0f6f3b841a48e10d35fd84eea400959a2bc450c19d1a2f");
INSERT INTO user(name, salt, hash) values("JohnFontenot45","1jo5OFAVDpC6xaEgt8sSuHcOSzo1SnkEVF5jHwD39SJegUlvz8nBLNeJBK6StVPCKzNNxUpOToQojUW304fW5gjniSqWejeBxo6Xtlgb0qIWW4vYoRYIIPRph8YwiW1mSxZ6sahYlfruDA52wtwPw82I9EVnEul7jRMbbFGFD2NDNW3AinEFt5sqMa84tKK0V9JJyRe4FY7yFTOVjSMV41WF2srbI3k0QVGoEaQ7r0tijCBnXil4QVwQ0ya1FW3g","d528cbceddde5d3cbc0f6f3b841a48e10d35fd84eea400959a2bc450c19d1a2f");
INSERT INTO user(name, salt, hash) values("JohnStenbit46","1jo5OFAVDpC6xaEgt8sSuHcOSzo1SnkEVF5jHwD39SJegUlvz8nBLNeJBK6StVPCKzNNxUpOToQojUW304fW5gjniSqWejeBxo6Xtlgb0qIWW4vYoRYIIPRph8YwiW1mSxZ6sahYlfruDA52wtwPw82I9EVnEul7jRMbbFGFD2NDNW3AinEFt5sqMa84tKK0V9JJyRe4FY7yFTOVjSMV41WF2srbI3k0QVGoEaQ7r0tijCBnXil4QVwQ0ya1FW3g","d528cbceddde5d3cbc0f6f3b841a48e10d35fd84eea400959a2bc450c19d1a2f");
INSERT INTO user(name, salt, hash) values("SarahCohen47","1jo5OFAVDpC6xaEgt8sSuHcOSzo1SnkEVF5jHwD39SJegUlvz8nBLNeJBK6StVPCKzNNxUpOToQojUW304fW5gjniSqWejeBxo6Xtlgb0qIWW4vYoRYIIPRph8YwiW1mSxZ6sahYlfruDA52wtwPw82I9EVnEul7jRMbbFGFD2NDNW3AinEFt5sqMa84tKK0V9JJyRe4FY7yFTOVjSMV41WF2srbI3k0QVGoEaQ7r0tijCBnXil4QVwQ0ya1FW3g","d528cbceddde5d3cbc0f6f3b841a48e10d35fd84eea400959a2bc450c19d1a2f");
INSERT INTO user(name, salt, hash) values("PaigeSmith48","1jo5OFAVDpC6xaEgt8sSuHcOSzo1SnkEVF5jHwD39SJegUlvz8nBLNeJBK6StVPCKzNNxUpOToQojUW304fW5gjniSqWejeBxo6Xtlgb0qIWW4vYoRYIIPRph8YwiW1mSxZ6sahYlfruDA52wtwPw82I9EVnEul7jRMbbFGFD2NDNW3AinEFt5sqMa84tKK0V9JJyRe4FY7yFTOVjSMV41WF2srbI3k0QVGoEaQ7r0tijCBnXil4QVwQ0ya1FW3g","d528cbceddde5d3cbc0f6f3b841a48e10d35fd84eea400959a2bc450c19d1a2f");
INSERT INTO user(name, salt, hash) values("AllisonHansen49","1jo5OFAVDpC6xaEgt8sSuHcOSzo1SnkEVF5jHwD39SJegUlvz8nBLNeJBK6StVPCKzNNxUpOToQojUW304fW5gjniSqWejeBxo6Xtlgb0qIWW4vYoRYIIPRph8YwiW1mSxZ6sahYlfruDA52wtwPw82I9EVnEul7jRMbbFGFD2NDNW3AinEFt5sqMa84tKK0V9JJyRe4FY7yFTOVjSMV41WF2srbI3k0QVGoEaQ7r0tijCBnXil4QVwQ0ya1FW3g","d528cbceddde5d3cbc0f6f3b841a48e10d35fd84eea400959a2bc450c19d1a2f");
INSERT INTO user(name, salt, hash) values("GraceRenninger50","1jo5OFAVDpC6xaEgt8sSuHcOSzo1SnkEVF5jHwD39SJegUlvz8nBLNeJBK6StVPCKzNNxUpOToQojUW304fW5gjniSqWejeBxo6Xtlgb0qIWW4vYoRYIIPRph8YwiW1mSxZ6sahYlfruDA52wtwPw82I9EVnEul7jRMbbFGFD2NDNW3AinEFt5sqMa84tKK0V9JJyRe4FY7yFTOVjSMV41WF2srbI3k0QVGoEaQ7r0tijCBnXil4QVwQ0ya1FW3g","d528cbceddde5d3cbc0f6f3b841a48e10d35fd84eea400959a2bc450c19d1a2f");
INSERT INTO user(name, salt, hash) values("AllisonGoldman51","1jo5OFAVDpC6xaEgt8sSuHcOSzo1SnkEVF5jHwD39SJegUlvz8nBLNeJBK6StVPCKzNNxUpOToQojUW304fW5gjniSqWejeBxo6Xtlgb0qIWW4vYoRYIIPRph8YwiW1mSxZ6sahYlfruDA52wtwPw82I9EVnEul7jRMbbFGFD2NDNW3AinEFt5sqMa84tKK0V9JJyRe4FY7yFTOVjSMV41WF2srbI3k0QVGoEaQ7r0tijCBnXil4QVwQ0ya1FW3g","d528cbceddde5d3cbc0f6f3b841a48e10d35fd84eea400959a2bc450c19d1a2f");
INSERT INTO user(name, salt, hash) values("AllisonBanbury52","1jo5OFAVDpC6xaEgt8sSuHcOSzo1SnkEVF5jHwD39SJegUlvz8nBLNeJBK6StVPCKzNNxUpOToQojUW304fW5gjniSqWejeBxo6Xtlgb0qIWW4vYoRYIIPRph8YwiW1mSxZ6sahYlfruDA52wtwPw82I9EVnEul7jRMbbFGFD2NDNW3AinEFt5sqMa84tKK0V9JJyRe4FY7yFTOVjSMV41WF2srbI3k0QVGoEaQ7r0tijCBnXil4QVwQ0ya1FW3g","d528cbceddde5d3cbc0f6f3b841a48e10d35fd84eea400959a2bc450c19d1a2f");
INSERT INTO user(name, salt, hash) values("TomCohen53","1jo5OFAVDpC6xaEgt8sSuHcOSzo1SnkEVF5jHwD39SJegUlvz8nBLNeJBK6StVPCKzNNxUpOToQojUW304fW5gjniSqWejeBxo6Xtlgb0qIWW4vYoRYIIPRph8YwiW1mSxZ6sahYlfruDA52wtwPw82I9EVnEul7jRMbbFGFD2NDNW3AinEFt5sqMa84tKK0V9JJyRe4FY7yFTOVjSMV41WF2srbI3k0QVGoEaQ7r0tijCBnXil4QVwQ0ya1FW3g","d528cbceddde5d3cbc0f6f3b841a48e10d35fd84eea400959a2bc450c19d1a2f");
INSERT INTO user(name, salt, hash) values("KatieGabrielson54","1jo5OFAVDpC6xaEgt8sSuHcOSzo1SnkEVF5jHwD39SJegUlvz8nBLNeJBK6StVPCKzNNxUpOToQojUW304fW5gjniSqWejeBxo6Xtlgb0qIWW4vYoRYIIPRph8YwiW1mSxZ6sahYlfruDA52wtwPw82I9EVnEul7jRMbbFGFD2NDNW3AinEFt5sqMa84tKK0V9JJyRe4FY7yFTOVjSMV41WF2srbI3k0QVGoEaQ7r0tijCBnXil4QVwQ0ya1FW3g","d528cbceddde5d3cbc0f6f3b841a48e10d35fd84eea400959a2bc450c19d1a2f");
INSERT INTO user(name, salt, hash) values("SarahMitchell55","1jo5OFAVDpC6xaEgt8sSuHcOSzo1SnkEVF5jHwD39SJegUlvz8nBLNeJBK6StVPCKzNNxUpOToQojUW304fW5gjniSqWejeBxo6Xtlgb0qIWW4vYoRYIIPRph8YwiW1mSxZ6sahYlfruDA52wtwPw82I9EVnEul7jRMbbFGFD2NDNW3AinEFt5sqMa84tKK0V9JJyRe4FY7yFTOVjSMV41WF2srbI3k0QVGoEaQ7r0tijCBnXil4QVwQ0ya1FW3g","d528cbceddde5d3cbc0f6f3b841a48e10d35fd84eea400959a2bc450c19d1a2f");
INSERT INTO user(name, salt, hash) values("BobRenninger56","1jo5OFAVDpC6xaEgt8sSuHcOSzo1SnkEVF5jHwD39SJegUlvz8nBLNeJBK6StVPCKzNNxUpOToQojUW304fW5gjniSqWejeBxo6Xtlgb0qIWW4vYoRYIIPRph8YwiW1mSxZ6sahYlfruDA52wtwPw82I9EVnEul7jRMbbFGFD2NDNW3AinEFt5sqMa84tKK0V9JJyRe4FY7yFTOVjSMV41WF2srbI3k0QVGoEaQ7r0tijCBnXil4QVwQ0ya1FW3g","d528cbceddde5d3cbc0f6f3b841a48e10d35fd84eea400959a2bc450c19d1a2f");
INSERT INTO user(name, salt, hash) values("KatieMitchell57","1jo5OFAVDpC6xaEgt8sSuHcOSzo1SnkEVF5jHwD39SJegUlvz8nBLNeJBK6StVPCKzNNxUpOToQojUW304fW5gjniSqWejeBxo6Xtlgb0qIWW4vYoRYIIPRph8YwiW1mSxZ6sahYlfruDA52wtwPw82I9EVnEul7jRMbbFGFD2NDNW3AinEFt5sqMa84tKK0V9JJyRe4FY7yFTOVjSMV41WF2srbI3k0QVGoEaQ7r0tijCBnXil4QVwQ0ya1FW3g","d528cbceddde5d3cbc0f6f3b841a48e10d35fd84eea400959a2bc450c19d1a2f");
INSERT INTO user(name, salt, hash) values("BobGoldman58","1jo5OFAVDpC6xaEgt8sSuHcOSzo1SnkEVF5jHwD39SJegUlvz8nBLNeJBK6StVPCKzNNxUpOToQojUW304fW5gjniSqWejeBxo6Xtlgb0qIWW4vYoRYIIPRph8YwiW1mSxZ6sahYlfruDA52wtwPw82I9EVnEul7jRMbbFGFD2NDNW3AinEFt5sqMa84tKK0V9JJyRe4FY7yFTOVjSMV41WF2srbI3k0QVGoEaQ7r0tijCBnXil4QVwQ0ya1FW3g","d528cbceddde5d3cbc0f6f3b841a48e10d35fd84eea400959a2bc450c19d1a2f");
INSERT INTO user(name, salt, hash) values("JonathanRenninger59","1jo5OFAVDpC6xaEgt8sSuHcOSzo1SnkEVF5jHwD39SJegUlvz8nBLNeJBK6StVPCKzNNxUpOToQojUW304fW5gjniSqWejeBxo6Xtlgb0qIWW4vYoRYIIPRph8YwiW1mSxZ6sahYlfruDA52wtwPw82I9EVnEul7jRMbbFGFD2NDNW3AinEFt5sqMa84tKK0V9JJyRe4FY7yFTOVjSMV41WF2srbI3k0QVGoEaQ7r0tijCBnXil4QVwQ0ya1FW3g","d528cbceddde5d3cbc0f6f3b841a48e10d35fd84eea400959a2bc450c19d1a2f");
INSERT INTO user(name, salt, hash) values("AllisonKhan60","1jo5OFAVDpC6xaEgt8sSuHcOSzo1SnkEVF5jHwD39SJegUlvz8nBLNeJBK6StVPCKzNNxUpOToQojUW304fW5gjniSqWejeBxo6Xtlgb0qIWW4vYoRYIIPRph8YwiW1mSxZ6sahYlfruDA52wtwPw82I9EVnEul7jRMbbFGFD2NDNW3AinEFt5sqMa84tKK0V9JJyRe4FY7yFTOVjSMV41WF2srbI3k0QVGoEaQ7r0tijCBnXil4QVwQ0ya1FW3g","d528cbceddde5d3cbc0f6f3b841a48e10d35fd84eea400959a2bc450c19d1a2f");
INSERT INTO user(name, salt, hash) values("SarahMitchell61","1jo5OFAVDpC6xaEgt8sSuHcOSzo1SnkEVF5jHwD39SJegUlvz8nBLNeJBK6StVPCKzNNxUpOToQojUW304fW5gjniSqWejeBxo6Xtlgb0qIWW4vYoRYIIPRph8YwiW1mSxZ6sahYlfruDA52wtwPw82I9EVnEul7jRMbbFGFD2NDNW3AinEFt5sqMa84tKK0V9JJyRe4FY7yFTOVjSMV41WF2srbI3k0QVGoEaQ7r0tijCBnXil4QVwQ0ya1FW3g","d528cbceddde5d3cbc0f6f3b841a48e10d35fd84eea400959a2bc450c19d1a2f");
INSERT INTO user(name, salt, hash) values("JackGabrielson62","1jo5OFAVDpC6xaEgt8sSuHcOSzo1SnkEVF5jHwD39SJegUlvz8nBLNeJBK6StVPCKzNNxUpOToQojUW304fW5gjniSqWejeBxo6Xtlgb0qIWW4vYoRYIIPRph8YwiW1mSxZ6sahYlfruDA52wtwPw82I9EVnEul7jRMbbFGFD2NDNW3AinEFt5sqMa84tKK0V9JJyRe4FY7yFTOVjSMV41WF2srbI3k0QVGoEaQ7r0tijCBnXil4QVwQ0ya1FW3g","d528cbceddde5d3cbc0f6f3b841a48e10d35fd84eea400959a2bc450c19d1a2f");
INSERT INTO user(name, salt, hash) values("AllisonBanbury63","1jo5OFAVDpC6xaEgt8sSuHcOSzo1SnkEVF5jHwD39SJegUlvz8nBLNeJBK6StVPCKzNNxUpOToQojUW304fW5gjniSqWejeBxo6Xtlgb0qIWW4vYoRYIIPRph8YwiW1mSxZ6sahYlfruDA52wtwPw82I9EVnEul7jRMbbFGFD2NDNW3AinEFt5sqMa84tKK0V9JJyRe4FY7yFTOVjSMV41WF2srbI3k0QVGoEaQ7r0tijCBnXil4QVwQ0ya1FW3g","d528cbceddde5d3cbc0f6f3b841a48e10d35fd84eea400959a2bc450c19d1a2f");
INSERT INTO user(name, salt, hash) values("PaigeBanbury64","1jo5OFAVDpC6xaEgt8sSuHcOSzo1SnkEVF5jHwD39SJegUlvz8nBLNeJBK6StVPCKzNNxUpOToQojUW304fW5gjniSqWejeBxo6Xtlgb0qIWW4vYoRYIIPRph8YwiW1mSxZ6sahYlfruDA52wtwPw82I9EVnEul7jRMbbFGFD2NDNW3AinEFt5sqMa84tKK0V9JJyRe4FY7yFTOVjSMV41WF2srbI3k0QVGoEaQ7r0tijCBnXil4QVwQ0ya1FW3g","d528cbceddde5d3cbc0f6f3b841a48e10d35fd84eea400959a2bc450c19d1a2f");
INSERT INTO user(name, salt, hash) values("MattCarter65","1jo5OFAVDpC6xaEgt8sSuHcOSzo1SnkEVF5jHwD39SJegUlvz8nBLNeJBK6StVPCKzNNxUpOToQojUW304fW5gjniSqWejeBxo6Xtlgb0qIWW4vYoRYIIPRph8YwiW1mSxZ6sahYlfruDA52wtwPw82I9EVnEul7jRMbbFGFD2NDNW3AinEFt5sqMa84tKK0V9JJyRe4FY7yFTOVjSMV41WF2srbI3k0QVGoEaQ7r0tijCBnXil4QVwQ0ya1FW3g","d528cbceddde5d3cbc0f6f3b841a48e10d35fd84eea400959a2bc450c19d1a2f");
INSERT INTO user(name, salt, hash) values("GraceJohnson66","1jo5OFAVDpC6xaEgt8sSuHcOSzo1SnkEVF5jHwD39SJegUlvz8nBLNeJBK6StVPCKzNNxUpOToQojUW304fW5gjniSqWejeBxo6Xtlgb0qIWW4vYoRYIIPRph8YwiW1mSxZ6sahYlfruDA52wtwPw82I9EVnEul7jRMbbFGFD2NDNW3AinEFt5sqMa84tKK0V9JJyRe4FY7yFTOVjSMV41WF2srbI3k0QVGoEaQ7r0tijCBnXil4QVwQ0ya1FW3g","d528cbceddde5d3cbc0f6f3b841a48e10d35fd84eea400959a2bc450c19d1a2f");
INSERT INTO user(name, salt, hash) values("TomJohnson67","1jo5OFAVDpC6xaEgt8sSuHcOSzo1SnkEVF5jHwD39SJegUlvz8nBLNeJBK6StVPCKzNNxUpOToQojUW304fW5gjniSqWejeBxo6Xtlgb0qIWW4vYoRYIIPRph8YwiW1mSxZ6sahYlfruDA52wtwPw82I9EVnEul7jRMbbFGFD2NDNW3AinEFt5sqMa84tKK0V9JJyRe4FY7yFTOVjSMV41WF2srbI3k0QVGoEaQ7r0tijCBnXil4QVwQ0ya1FW3g","d528cbceddde5d3cbc0f6f3b841a48e10d35fd84eea400959a2bc450c19d1a2f");
INSERT INTO user(name, salt, hash) values("TimmothyMitchell68","1jo5OFAVDpC6xaEgt8sSuHcOSzo1SnkEVF5jHwD39SJegUlvz8nBLNeJBK6StVPCKzNNxUpOToQojUW304fW5gjniSqWejeBxo6Xtlgb0qIWW4vYoRYIIPRph8YwiW1mSxZ6sahYlfruDA52wtwPw82I9EVnEul7jRMbbFGFD2NDNW3AinEFt5sqMa84tKK0V9JJyRe4FY7yFTOVjSMV41WF2srbI3k0QVGoEaQ7r0tijCBnXil4QVwQ0ya1FW3g","d528cbceddde5d3cbc0f6f3b841a48e10d35fd84eea400959a2bc450c19d1a2f");
INSERT INTO user(name, salt, hash) values("SarahGoldman69","1jo5OFAVDpC6xaEgt8sSuHcOSzo1SnkEVF5jHwD39SJegUlvz8nBLNeJBK6StVPCKzNNxUpOToQojUW304fW5gjniSqWejeBxo6Xtlgb0qIWW4vYoRYIIPRph8YwiW1mSxZ6sahYlfruDA52wtwPw82I9EVnEul7jRMbbFGFD2NDNW3AinEFt5sqMa84tKK0V9JJyRe4FY7yFTOVjSMV41WF2srbI3k0QVGoEaQ7r0tijCBnXil4QVwQ0ya1FW3g","d528cbceddde5d3cbc0f6f3b841a48e10d35fd84eea400959a2bc450c19d1a2f");
INSERT INTO user(name, salt, hash) values("TimmothySmith70","1jo5OFAVDpC6xaEgt8sSuHcOSzo1SnkEVF5jHwD39SJegUlvz8nBLNeJBK6StVPCKzNNxUpOToQojUW304fW5gjniSqWejeBxo6Xtlgb0qIWW4vYoRYIIPRph8YwiW1mSxZ6sahYlfruDA52wtwPw82I9EVnEul7jRMbbFGFD2NDNW3AinEFt5sqMa84tKK0V9JJyRe4FY7yFTOVjSMV41WF2srbI3k0QVGoEaQ7r0tijCBnXil4QVwQ0ya1FW3g","d528cbceddde5d3cbc0f6f3b841a48e10d35fd84eea400959a2bc450c19d1a2f");
INSERT INTO user(name, salt, hash) values("MattKhan71","1jo5OFAVDpC6xaEgt8sSuHcOSzo1SnkEVF5jHwD39SJegUlvz8nBLNeJBK6StVPCKzNNxUpOToQojUW304fW5gjniSqWejeBxo6Xtlgb0qIWW4vYoRYIIPRph8YwiW1mSxZ6sahYlfruDA52wtwPw82I9EVnEul7jRMbbFGFD2NDNW3AinEFt5sqMa84tKK0V9JJyRe4FY7yFTOVjSMV41WF2srbI3k0QVGoEaQ7r0tijCBnXil4QVwQ0ya1FW3g","d528cbceddde5d3cbc0f6f3b841a48e10d35fd84eea400959a2bc450c19d1a2f");
INSERT INTO user(name, salt, hash) values("MarkMitchell72","1jo5OFAVDpC6xaEgt8sSuHcOSzo1SnkEVF5jHwD39SJegUlvz8nBLNeJBK6StVPCKzNNxUpOToQojUW304fW5gjniSqWejeBxo6Xtlgb0qIWW4vYoRYIIPRph8YwiW1mSxZ6sahYlfruDA52wtwPw82I9EVnEul7jRMbbFGFD2NDNW3AinEFt5sqMa84tKK0V9JJyRe4FY7yFTOVjSMV41WF2srbI3k0QVGoEaQ7r0tijCBnXil4QVwQ0ya1FW3g","d528cbceddde5d3cbc0f6f3b841a48e10d35fd84eea400959a2bc450c19d1a2f");
INSERT INTO user(name, salt, hash) values("JonathanFontenot73","1jo5OFAVDpC6xaEgt8sSuHcOSzo1SnkEVF5jHwD39SJegUlvz8nBLNeJBK6StVPCKzNNxUpOToQojUW304fW5gjniSqWejeBxo6Xtlgb0qIWW4vYoRYIIPRph8YwiW1mSxZ6sahYlfruDA52wtwPw82I9EVnEul7jRMbbFGFD2NDNW3AinEFt5sqMa84tKK0V9JJyRe4FY7yFTOVjSMV41WF2srbI3k0QVGoEaQ7r0tijCBnXil4QVwQ0ya1FW3g","d528cbceddde5d3cbc0f6f3b841a48e10d35fd84eea400959a2bc450c19d1a2f");
INSERT INTO user(name, salt, hash) values("AllisonJohnson74","1jo5OFAVDpC6xaEgt8sSuHcOSzo1SnkEVF5jHwD39SJegUlvz8nBLNeJBK6StVPCKzNNxUpOToQojUW304fW5gjniSqWejeBxo6Xtlgb0qIWW4vYoRYIIPRph8YwiW1mSxZ6sahYlfruDA52wtwPw82I9EVnEul7jRMbbFGFD2NDNW3AinEFt5sqMa84tKK0V9JJyRe4FY7yFTOVjSMV41WF2srbI3k0QVGoEaQ7r0tijCBnXil4QVwQ0ya1FW3g","d528cbceddde5d3cbc0f6f3b841a48e10d35fd84eea400959a2bc450c19d1a2f");
INSERT INTO user(name, salt, hash) values("TimmothyKhan75","1jo5OFAVDpC6xaEgt8sSuHcOSzo1SnkEVF5jHwD39SJegUlvz8nBLNeJBK6StVPCKzNNxUpOToQojUW304fW5gjniSqWejeBxo6Xtlgb0qIWW4vYoRYIIPRph8YwiW1mSxZ6sahYlfruDA52wtwPw82I9EVnEul7jRMbbFGFD2NDNW3AinEFt5sqMa84tKK0V9JJyRe4FY7yFTOVjSMV41WF2srbI3k0QVGoEaQ7r0tijCBnXil4QVwQ0ya1FW3g","d528cbceddde5d3cbc0f6f3b841a48e10d35fd84eea400959a2bc450c19d1a2f");
INSERT INTO user(name, salt, hash) values("SarahReiss76","1jo5OFAVDpC6xaEgt8sSuHcOSzo1SnkEVF5jHwD39SJegUlvz8nBLNeJBK6StVPCKzNNxUpOToQojUW304fW5gjniSqWejeBxo6Xtlgb0qIWW4vYoRYIIPRph8YwiW1mSxZ6sahYlfruDA52wtwPw82I9EVnEul7jRMbbFGFD2NDNW3AinEFt5sqMa84tKK0V9JJyRe4FY7yFTOVjSMV41WF2srbI3k0QVGoEaQ7r0tijCBnXil4QVwQ0ya1FW3g","d528cbceddde5d3cbc0f6f3b841a48e10d35fd84eea400959a2bc450c19d1a2f");
INSERT INTO user(name, salt, hash) values("MaryBanbury77","1jo5OFAVDpC6xaEgt8sSuHcOSzo1SnkEVF5jHwD39SJegUlvz8nBLNeJBK6StVPCKzNNxUpOToQojUW304fW5gjniSqWejeBxo6Xtlgb0qIWW4vYoRYIIPRph8YwiW1mSxZ6sahYlfruDA52wtwPw82I9EVnEul7jRMbbFGFD2NDNW3AinEFt5sqMa84tKK0V9JJyRe4FY7yFTOVjSMV41WF2srbI3k0QVGoEaQ7r0tijCBnXil4QVwQ0ya1FW3g","d528cbceddde5d3cbc0f6f3b841a48e10d35fd84eea400959a2bc450c19d1a2f");
INSERT INTO user(name, salt, hash) values("SarahBanbury78","1jo5OFAVDpC6xaEgt8sSuHcOSzo1SnkEVF5jHwD39SJegUlvz8nBLNeJBK6StVPCKzNNxUpOToQojUW304fW5gjniSqWejeBxo6Xtlgb0qIWW4vYoRYIIPRph8YwiW1mSxZ6sahYlfruDA52wtwPw82I9EVnEul7jRMbbFGFD2NDNW3AinEFt5sqMa84tKK0V9JJyRe4FY7yFTOVjSMV41WF2srbI3k0QVGoEaQ7r0tijCBnXil4QVwQ0ya1FW3g","d528cbceddde5d3cbc0f6f3b841a48e10d35fd84eea400959a2bc450c19d1a2f");
INSERT INTO user(name, salt, hash) values("MattMitchell79","1jo5OFAVDpC6xaEgt8sSuHcOSzo1SnkEVF5jHwD39SJegUlvz8nBLNeJBK6StVPCKzNNxUpOToQojUW304fW5gjniSqWejeBxo6Xtlgb0qIWW4vYoRYIIPRph8YwiW1mSxZ6sahYlfruDA52wtwPw82I9EVnEul7jRMbbFGFD2NDNW3AinEFt5sqMa84tKK0V9JJyRe4FY7yFTOVjSMV41WF2srbI3k0QVGoEaQ7r0tijCBnXil4QVwQ0ya1FW3g","d528cbceddde5d3cbc0f6f3b841a48e10d35fd84eea400959a2bc450c19d1a2f");
INSERT INTO user(name, salt, hash) values("JohnCohen80","1jo5OFAVDpC6xaEgt8sSuHcOSzo1SnkEVF5jHwD39SJegUlvz8nBLNeJBK6StVPCKzNNxUpOToQojUW304fW5gjniSqWejeBxo6Xtlgb0qIWW4vYoRYIIPRph8YwiW1mSxZ6sahYlfruDA52wtwPw82I9EVnEul7jRMbbFGFD2NDNW3AinEFt5sqMa84tKK0V9JJyRe4FY7yFTOVjSMV41WF2srbI3k0QVGoEaQ7r0tijCBnXil4QVwQ0ya1FW3g","d528cbceddde5d3cbc0f6f3b841a48e10d35fd84eea400959a2bc450c19d1a2f");
INSERT INTO user(name, salt, hash) values("AllisonSmith81","1jo5OFAVDpC6xaEgt8sSuHcOSzo1SnkEVF5jHwD39SJegUlvz8nBLNeJBK6StVPCKzNNxUpOToQojUW304fW5gjniSqWejeBxo6Xtlgb0qIWW4vYoRYIIPRph8YwiW1mSxZ6sahYlfruDA52wtwPw82I9EVnEul7jRMbbFGFD2NDNW3AinEFt5sqMa84tKK0V9JJyRe4FY7yFTOVjSMV41WF2srbI3k0QVGoEaQ7r0tijCBnXil4QVwQ0ya1FW3g","d528cbceddde5d3cbc0f6f3b841a48e10d35fd84eea400959a2bc450c19d1a2f");
INSERT INTO user(name, salt, hash) values("PaigeKhan82","1jo5OFAVDpC6xaEgt8sSuHcOSzo1SnkEVF5jHwD39SJegUlvz8nBLNeJBK6StVPCKzNNxUpOToQojUW304fW5gjniSqWejeBxo6Xtlgb0qIWW4vYoRYIIPRph8YwiW1mSxZ6sahYlfruDA52wtwPw82I9EVnEul7jRMbbFGFD2NDNW3AinEFt5sqMa84tKK0V9JJyRe4FY7yFTOVjSMV41WF2srbI3k0QVGoEaQ7r0tijCBnXil4QVwQ0ya1FW3g","d528cbceddde5d3cbc0f6f3b841a48e10d35fd84eea400959a2bc450c19d1a2f");
INSERT INTO user(name, salt, hash) values("JohnMitchell83","1jo5OFAVDpC6xaEgt8sSuHcOSzo1SnkEVF5jHwD39SJegUlvz8nBLNeJBK6StVPCKzNNxUpOToQojUW304fW5gjniSqWejeBxo6Xtlgb0qIWW4vYoRYIIPRph8YwiW1mSxZ6sahYlfruDA52wtwPw82I9EVnEul7jRMbbFGFD2NDNW3AinEFt5sqMa84tKK0V9JJyRe4FY7yFTOVjSMV41WF2srbI3k0QVGoEaQ7r0tijCBnXil4QVwQ0ya1FW3g","d528cbceddde5d3cbc0f6f3b841a48e10d35fd84eea400959a2bc450c19d1a2f");
INSERT INTO user(name, salt, hash) values("MarkBanbury84","1jo5OFAVDpC6xaEgt8sSuHcOSzo1SnkEVF5jHwD39SJegUlvz8nBLNeJBK6StVPCKzNNxUpOToQojUW304fW5gjniSqWejeBxo6Xtlgb0qIWW4vYoRYIIPRph8YwiW1mSxZ6sahYlfruDA52wtwPw82I9EVnEul7jRMbbFGFD2NDNW3AinEFt5sqMa84tKK0V9JJyRe4FY7yFTOVjSMV41WF2srbI3k0QVGoEaQ7r0tijCBnXil4QVwQ0ya1FW3g","d528cbceddde5d3cbc0f6f3b841a48e10d35fd84eea400959a2bc450c19d1a2f");
INSERT INTO user(name, salt, hash) values("JonathanStenbit85","1jo5OFAVDpC6xaEgt8sSuHcOSzo1SnkEVF5jHwD39SJegUlvz8nBLNeJBK6StVPCKzNNxUpOToQojUW304fW5gjniSqWejeBxo6Xtlgb0qIWW4vYoRYIIPRph8YwiW1mSxZ6sahYlfruDA52wtwPw82I9EVnEul7jRMbbFGFD2NDNW3AinEFt5sqMa84tKK0V9JJyRe4FY7yFTOVjSMV41WF2srbI3k0QVGoEaQ7r0tijCBnXil4QVwQ0ya1FW3g","d528cbceddde5d3cbc0f6f3b841a48e10d35fd84eea400959a2bc450c19d1a2f");
INSERT INTO user(name, salt, hash) values("PaigeSmith86","1jo5OFAVDpC6xaEgt8sSuHcOSzo1SnkEVF5jHwD39SJegUlvz8nBLNeJBK6StVPCKzNNxUpOToQojUW304fW5gjniSqWejeBxo6Xtlgb0qIWW4vYoRYIIPRph8YwiW1mSxZ6sahYlfruDA52wtwPw82I9EVnEul7jRMbbFGFD2NDNW3AinEFt5sqMa84tKK0V9JJyRe4FY7yFTOVjSMV41WF2srbI3k0QVGoEaQ7r0tijCBnXil4QVwQ0ya1FW3g","d528cbceddde5d3cbc0f6f3b841a48e10d35fd84eea400959a2bc450c19d1a2f");
INSERT INTO user(name, salt, hash) values("MarkSmith87","1jo5OFAVDpC6xaEgt8sSuHcOSzo1SnkEVF5jHwD39SJegUlvz8nBLNeJBK6StVPCKzNNxUpOToQojUW304fW5gjniSqWejeBxo6Xtlgb0qIWW4vYoRYIIPRph8YwiW1mSxZ6sahYlfruDA52wtwPw82I9EVnEul7jRMbbFGFD2NDNW3AinEFt5sqMa84tKK0V9JJyRe4FY7yFTOVjSMV41WF2srbI3k0QVGoEaQ7r0tijCBnXil4QVwQ0ya1FW3g","d528cbceddde5d3cbc0f6f3b841a48e10d35fd84eea400959a2bc450c19d1a2f");
INSERT INTO user(name, salt, hash) values("JenniferMitchell88","1jo5OFAVDpC6xaEgt8sSuHcOSzo1SnkEVF5jHwD39SJegUlvz8nBLNeJBK6StVPCKzNNxUpOToQojUW304fW5gjniSqWejeBxo6Xtlgb0qIWW4vYoRYIIPRph8YwiW1mSxZ6sahYlfruDA52wtwPw82I9EVnEul7jRMbbFGFD2NDNW3AinEFt5sqMa84tKK0V9JJyRe4FY7yFTOVjSMV41WF2srbI3k0QVGoEaQ7r0tijCBnXil4QVwQ0ya1FW3g","d528cbceddde5d3cbc0f6f3b841a48e10d35fd84eea400959a2bc450c19d1a2f");
INSERT INTO user(name, salt, hash) values("TimmothyJohnson89","1jo5OFAVDpC6xaEgt8sSuHcOSzo1SnkEVF5jHwD39SJegUlvz8nBLNeJBK6StVPCKzNNxUpOToQojUW304fW5gjniSqWejeBxo6Xtlgb0qIWW4vYoRYIIPRph8YwiW1mSxZ6sahYlfruDA52wtwPw82I9EVnEul7jRMbbFGFD2NDNW3AinEFt5sqMa84tKK0V9JJyRe4FY7yFTOVjSMV41WF2srbI3k0QVGoEaQ7r0tijCBnXil4QVwQ0ya1FW3g","d528cbceddde5d3cbc0f6f3b841a48e10d35fd84eea400959a2bc450c19d1a2f");
INSERT INTO user(name, salt, hash) values("JenniferReiss90","1jo5OFAVDpC6xaEgt8sSuHcOSzo1SnkEVF5jHwD39SJegUlvz8nBLNeJBK6StVPCKzNNxUpOToQojUW304fW5gjniSqWejeBxo6Xtlgb0qIWW4vYoRYIIPRph8YwiW1mSxZ6sahYlfruDA52wtwPw82I9EVnEul7jRMbbFGFD2NDNW3AinEFt5sqMa84tKK0V9JJyRe4FY7yFTOVjSMV41WF2srbI3k0QVGoEaQ7r0tijCBnXil4QVwQ0ya1FW3g","d528cbceddde5d3cbc0f6f3b841a48e10d35fd84eea400959a2bc450c19d1a2f");
INSERT INTO user(name, salt, hash) values("SarahCarter91","1jo5OFAVDpC6xaEgt8sSuHcOSzo1SnkEVF5jHwD39SJegUlvz8nBLNeJBK6StVPCKzNNxUpOToQojUW304fW5gjniSqWejeBxo6Xtlgb0qIWW4vYoRYIIPRph8YwiW1mSxZ6sahYlfruDA52wtwPw82I9EVnEul7jRMbbFGFD2NDNW3AinEFt5sqMa84tKK0V9JJyRe4FY7yFTOVjSMV41WF2srbI3k0QVGoEaQ7r0tijCBnXil4QVwQ0ya1FW3g","d528cbceddde5d3cbc0f6f3b841a48e10d35fd84eea400959a2bc450c19d1a2f");
INSERT INTO user(name, salt, hash) values("GraceGabrielson92","1jo5OFAVDpC6xaEgt8sSuHcOSzo1SnkEVF5jHwD39SJegUlvz8nBLNeJBK6StVPCKzNNxUpOToQojUW304fW5gjniSqWejeBxo6Xtlgb0qIWW4vYoRYIIPRph8YwiW1mSxZ6sahYlfruDA52wtwPw82I9EVnEul7jRMbbFGFD2NDNW3AinEFt5sqMa84tKK0V9JJyRe4FY7yFTOVjSMV41WF2srbI3k0QVGoEaQ7r0tijCBnXil4QVwQ0ya1FW3g","d528cbceddde5d3cbc0f6f3b841a48e10d35fd84eea400959a2bc450c19d1a2f");
INSERT INTO user(name, salt, hash) values("TomCarter93","1jo5OFAVDpC6xaEgt8sSuHcOSzo1SnkEVF5jHwD39SJegUlvz8nBLNeJBK6StVPCKzNNxUpOToQojUW304fW5gjniSqWejeBxo6Xtlgb0qIWW4vYoRYIIPRph8YwiW1mSxZ6sahYlfruDA52wtwPw82I9EVnEul7jRMbbFGFD2NDNW3AinEFt5sqMa84tKK0V9JJyRe4FY7yFTOVjSMV41WF2srbI3k0QVGoEaQ7r0tijCBnXil4QVwQ0ya1FW3g","d528cbceddde5d3cbc0f6f3b841a48e10d35fd84eea400959a2bc450c19d1a2f");
INSERT INTO user(name, salt, hash) values("AllisonKhan94","1jo5OFAVDpC6xaEgt8sSuHcOSzo1SnkEVF5jHwD39SJegUlvz8nBLNeJBK6StVPCKzNNxUpOToQojUW304fW5gjniSqWejeBxo6Xtlgb0qIWW4vYoRYIIPRph8YwiW1mSxZ6sahYlfruDA52wtwPw82I9EVnEul7jRMbbFGFD2NDNW3AinEFt5sqMa84tKK0V9JJyRe4FY7yFTOVjSMV41WF2srbI3k0QVGoEaQ7r0tijCBnXil4QVwQ0ya1FW3g","d528cbceddde5d3cbc0f6f3b841a48e10d35fd84eea400959a2bc450c19d1a2f");
INSERT INTO user(name, salt, hash) values("TimmothyCarter95","1jo5OFAVDpC6xaEgt8sSuHcOSzo1SnkEVF5jHwD39SJegUlvz8nBLNeJBK6StVPCKzNNxUpOToQojUW304fW5gjniSqWejeBxo6Xtlgb0qIWW4vYoRYIIPRph8YwiW1mSxZ6sahYlfruDA52wtwPw82I9EVnEul7jRMbbFGFD2NDNW3AinEFt5sqMa84tKK0V9JJyRe4FY7yFTOVjSMV41WF2srbI3k0QVGoEaQ7r0tijCBnXil4QVwQ0ya1FW3g","d528cbceddde5d3cbc0f6f3b841a48e10d35fd84eea400959a2bc450c19d1a2f");
INSERT INTO user(name, salt, hash) values("MarkCarter96","1jo5OFAVDpC6xaEgt8sSuHcOSzo1SnkEVF5jHwD39SJegUlvz8nBLNeJBK6StVPCKzNNxUpOToQojUW304fW5gjniSqWejeBxo6Xtlgb0qIWW4vYoRYIIPRph8YwiW1mSxZ6sahYlfruDA52wtwPw82I9EVnEul7jRMbbFGFD2NDNW3AinEFt5sqMa84tKK0V9JJyRe4FY7yFTOVjSMV41WF2srbI3k0QVGoEaQ7r0tijCBnXil4QVwQ0ya1FW3g","d528cbceddde5d3cbc0f6f3b841a48e10d35fd84eea400959a2bc450c19d1a2f");
INSERT INTO user(name, salt, hash) values("GraceMitchell97","1jo5OFAVDpC6xaEgt8sSuHcOSzo1SnkEVF5jHwD39SJegUlvz8nBLNeJBK6StVPCKzNNxUpOToQojUW304fW5gjniSqWejeBxo6Xtlgb0qIWW4vYoRYIIPRph8YwiW1mSxZ6sahYlfruDA52wtwPw82I9EVnEul7jRMbbFGFD2NDNW3AinEFt5sqMa84tKK0V9JJyRe4FY7yFTOVjSMV41WF2srbI3k0QVGoEaQ7r0tijCBnXil4QVwQ0ya1FW3g","d528cbceddde5d3cbc0f6f3b841a48e10d35fd84eea400959a2bc450c19d1a2f");
INSERT INTO user(name, salt, hash) values("GraceGabrielson98","1jo5OFAVDpC6xaEgt8sSuHcOSzo1SnkEVF5jHwD39SJegUlvz8nBLNeJBK6StVPCKzNNxUpOToQojUW304fW5gjniSqWejeBxo6Xtlgb0qIWW4vYoRYIIPRph8YwiW1mSxZ6sahYlfruDA52wtwPw82I9EVnEul7jRMbbFGFD2NDNW3AinEFt5sqMa84tKK0V9JJyRe4FY7yFTOVjSMV41WF2srbI3k0QVGoEaQ7r0tijCBnXil4QVwQ0ya1FW3g","d528cbceddde5d3cbc0f6f3b841a48e10d35fd84eea400959a2bc450c19d1a2f");
INSERT INTO user(name, salt, hash) values("KatieGoldman99","1jo5OFAVDpC6xaEgt8sSuHcOSzo1SnkEVF5jHwD39SJegUlvz8nBLNeJBK6StVPCKzNNxUpOToQojUW304fW5gjniSqWejeBxo6Xtlgb0qIWW4vYoRYIIPRph8YwiW1mSxZ6sahYlfruDA52wtwPw82I9EVnEul7jRMbbFGFD2NDNW3AinEFt5sqMa84tKK0V9JJyRe4FY7yFTOVjSMV41WF2srbI3k0QVGoEaQ7r0tijCBnXil4QVwQ0ya1FW3g","d528cbceddde5d3cbc0f6f3b841a48e10d35fd84eea400959a2bc450c19d1a2f");





INSERT INTO game(sport, time, date, playerCount, location, full) values("Indoor Soccer","13:25:00", "2016-3-28" , 4 , "Moody Colliseum" , FALSE);
INSERT INTO game(sport, time, date, playerCount, location, full) values("Indoor Soccer","18:15:00", "2016-4-28" , 2 , "Moody Colliseum" , FALSE);
INSERT INTO game(sport, time, date, playerCount, location, full) values("Ultimate Frisbee","16:40:00", "2016-4-28" , 6 , "Wescott Field" , FALSE);
INSERT INTO game(sport, time, date, playerCount, location, full) values("Indoor Soccer","18:15:00", "2016-7-11" , 4 , "Intramural Fields" , FALSE);
INSERT INTO game(sport, time, date, playerCount, location, full) values("Pool","08:00:00", "2016-3-28" , 2 , "Some Park" , FALSE);
INSERT INTO game(sport, time, date, playerCount, location, full) values("Soccer","18:15:00", "2016-5-18" , 5 , "Wescott Field" , FALSE);
INSERT INTO game(sport, time, date, playerCount, location, full) values("Basketball","21:05:00", "2016-4-28" , 2 , "Moody Colliseum" , FALSE);
INSERT INTO game(sport, time, date, playerCount, location, full) values("Indoor Soccer","09:30:00", "2016-5-18" , 2 , "Intramural Fields" , FALSE);
INSERT INTO game(sport, time, date, playerCount, location, full) values("Indoor Soccer","14:20:00", "2016-5-18" , 6 , "Intramural Fields" , FALSE);
INSERT INTO game(sport, time, date, playerCount, location, full) values("Tennis","21:05:00", "2016-4-11" , 10 , "Wescott Field" , FALSE);
INSERT INTO game(sport, time, date, playerCount, location, full) values("Ultimate Frisbee","22:00:00", "2016-7-11" , 8 , "Some Park" , FALSE);
INSERT INTO game(sport, time, date, playerCount, location, full) values("Soccer","09:30:00", "2016-4-11" , 10 , "Moody Colliseum" , FALSE);
INSERT INTO game(sport, time, date, playerCount, location, full) values("Ping Pong","14:20:00", "2016-4-14" , 2 , "Dedman" , FALSE);
INSERT INTO game(sport, time, date, playerCount, location, full) values("Ping Pong","09:30:00", "2016-4-14" , 2 , "Dedman" , FALSE);
INSERT INTO game(sport, time, date, playerCount, location, full) values("Indoor Soccer","08:00:00", "2016-5-18" , 5 , "Dedman" , FALSE);
INSERT INTO game(sport, time, date, playerCount, location, full) values("Ultimate Frisbee","12:30:00", "2016-5-18" , 2 , "Some Park" , FALSE);
INSERT INTO game(sport, time, date, playerCount, location, full) values("Basketball","22:00:00", "2016-4-11" , 2 , "Wescott Field" , FALSE);
INSERT INTO game(sport, time, date, playerCount, location, full) values("Basketball","21:05:00", "2016-4-14" , 5 , "Some Park" , FALSE);
INSERT INTO game(sport, time, date, playerCount, location, full) values("Soccer","16:40:00", "2016-5-12" , 5 , "Dedman" , FALSE);
INSERT INTO game(sport, time, date, playerCount, location, full) values("Football","09:30:00", "2016-4-28" , 15 , "Some Park" , TRUE);
INSERT INTO game(sport, time, date, playerCount, location, full) values("Football","22:00:00", "2016-5-12" , 5 , "Intramural Fields" , FALSE);
INSERT INTO game(sport, time, date, playerCount, location, full) values("Soccer","13:25:00", "2016-3-14" , 6 , "Intramural Fields" , FALSE);
INSERT INTO game(sport, time, date, playerCount, location, full) values("Ultimate Frisbee","12:30:00", "2016-3-28" , 2 , "Moody Colliseum" , FALSE);
INSERT INTO game(sport, time, date, playerCount, location, full) values("Tennis","16:40:00", "2016-3-14" , 4 , "Wescott Field" , FALSE);
INSERT INTO game(sport, time, date, playerCount, location, full) values("Basketball","13:25:00", "2016-4-11" , 4 , "Intramural Fields" , TRUE);
INSERT INTO game(sport, time, date, playerCount, location, full) values("Indoor Soccer","12:30:00", "2016-5-18" , 8 , "Intramural Fields" , FALSE);
INSERT INTO game(sport, time, date, playerCount, location, full) values("Pool","08:00:00", "2016-3-14" , 15 , "Moody Colliseum" , FALSE);
INSERT INTO game(sport, time, date, playerCount, location, full) values("Ping Pong","09:30:00", "2016-4-11" , 6 , "Some Park" , FALSE);
INSERT INTO game(sport, time, date, playerCount, location, full) values("Soccer","13:25:00", "2016-3-14" , 8 , "Dedman" , TRUE);
INSERT INTO game(sport, time, date, playerCount, location, full) values("Pool","12:30:00", "2016-7-11" , 10 , "Intramural Fields" , FALSE);
INSERT INTO game(sport, time, date, playerCount, location, full) values("Ultimate Frisbee","12:30:00", "2016-3-28" , 5 , "Wescott Field" , TRUE);
INSERT INTO game(sport, time, date, playerCount, location, full) values("Ultimate Frisbee","14:20:00", "2016-7-11" , 15 , "Intramural Fields" , FALSE);
INSERT INTO game(sport, time, date, playerCount, location, full) values("Tennis","12:30:00", "2016-4-28" , 10 , "Some Park" , FALSE);
INSERT INTO game(sport, time, date, playerCount, location, full) values("Ultimate Frisbee","08:00:00", "2016-4-14" , 8 , "Some Park" , TRUE);
INSERT INTO game(sport, time, date, playerCount, location, full) values("Pool","09:30:00", "2016-4-14" , 2 , "Moody Colliseum" , TRUE);
INSERT INTO game(sport, time, date, playerCount, location, full) values("Football","09:30:00", "2016-5-18" , 8 , "Dedman" , FALSE);
INSERT INTO game(sport, time, date, playerCount, location, full) values("Ping Pong","12:30:00", "2016-7-11" , 4 , "Wescott Field" , FALSE);
INSERT INTO game(sport, time, date, playerCount, location, full) values("Football","18:15:00", "2016-4-11" , 4 , "Intramural Fields" , FALSE);
INSERT INTO game(sport, time, date, playerCount, location, full) values("Soccer","21:05:00", "2016-5-12" , 5 , "Moody Colliseum" , FALSE);
INSERT INTO game(sport, time, date, playerCount, location, full) values("Pool","14:20:00", "2016-5-18" , 8 , "Moody Colliseum" , FALSE);
INSERT INTO game(sport, time, date, playerCount, location, full) values("Basketball","08:00:00", "2016-5-18" , 10 , "Dedman" , FALSE);
INSERT INTO game(sport, time, date, playerCount, location, full) values("Ultimate Frisbee","21:05:00", "2016-7-11" , 8 , "Wescott Field" , FALSE);
INSERT INTO game(sport, time, date, playerCount, location, full) values("Basketball","09:30:00", "2016-5-18" , 6 , "Wescott Field" , FALSE);
INSERT INTO game(sport, time, date, playerCount, location, full) values("Tennis","13:25:00", "2016-3-28" , 8 , "Intramural Fields" , FALSE);
INSERT INTO game(sport, time, date, playerCount, location, full) values("Tennis","13:25:00", "2016-3-14" , 5 , "Wescott Field" , FALSE);
INSERT INTO game(sport, time, date, playerCount, location, full) values("Football","21:05:00", "2016-4-14" , 4 , "Some Park" , TRUE);
INSERT INTO game(sport, time, date, playerCount, location, full) values("Soccer","12:30:00", "2016-4-14" , 15 , "Intramural Fields" , FALSE);
INSERT INTO game(sport, time, date, playerCount, location, full) values("Basketball","14:20:00", "2016-4-28" , 2 , "Dedman" , FALSE);
INSERT INTO game(sport, time, date, playerCount, location, full) values("Ping Pong","22:00:00", "2016-4-28" , 2 , "Wescott Field" , FALSE);
INSERT INTO game(sport, time, date, playerCount, location, full) values("Pool","12:30:00", "2016-3-28" , 15 , "Some Park" , FALSE);





INSERT INTO enlist values("AllisonKhan94", 1 );
INSERT INTO enlist values("GraceMitchell97", 3 );
INSERT INTO enlist values("GraceRenninger50", 3 );
INSERT INTO enlist values("MaryCarter14", 3 );
INSERT INTO enlist values("GraceGoldman16", 4 );
INSERT INTO enlist values("TomJohnson67", 6 );
INSERT INTO enlist values("AllisonSmith81", 6 );
INSERT INTO enlist values("MarkGoldman3", 9 );
INSERT INTO enlist values("GraceGoldman2", 9 );
INSERT INTO enlist values("GraceGoldman16", 9 );
INSERT INTO enlist values("PaigeBanbury34", 10 );
INSERT INTO enlist values("MarkCarter96", 10 );
INSERT INTO enlist values("TimmothyCarter95", 10 );
INSERT INTO enlist values("AllisonSmith10", 10 );
INSERT INTO enlist values("JonathanStenbit85", 10 );
INSERT INTO enlist values("SarahJohnson11", 10 );
INSERT INTO enlist values("JonathanRenninger59", 10 );
INSERT INTO enlist values("KatieMitchell57", 11 );
INSERT INTO enlist values("KatieHansen36", 11 );
INSERT INTO enlist values("AllisonKhan94", 11 );
INSERT INTO enlist values("MarkCarter9", 11 );
INSERT INTO enlist values("MaryCarter14", 11 );
INSERT INTO enlist values("AllisonJohnson74", 12 );
INSERT INTO enlist values("AllisonKhan94", 12 );
INSERT INTO enlist values("SarahReiss76", 12 );
INSERT INTO enlist values("MattJohnson18", 12 );
INSERT INTO enlist values("PaigeBanbury34", 12 );
INSERT INTO enlist values("SarahBanbury78", 12 );
INSERT INTO enlist values("MattCarter8", 12 );
INSERT INTO enlist values("KatieMitchell57", 15 );
INSERT INTO enlist values("TimmothyMitchell68", 15 );
INSERT INTO enlist values("AllisonHansen32", 18 );
INSERT INTO enlist values("TomCarter93", 18 );
INSERT INTO enlist values("AllisonCohen6", 19 );
INSERT INTO enlist values("BobKhan25", 19 );
INSERT INTO enlist values("MattCarter13", 20 );
INSERT INTO enlist values("JohnMitchell83", 20 );
INSERT INTO enlist values("KatieGabrielson54", 20 );
INSERT INTO enlist values("AllisonHansen49", 20 );
INSERT INTO enlist values("BobSmith22", 20 );
INSERT INTO enlist values("BobJohnson42", 20 );
INSERT INTO enlist values("KatieGoldman99", 20 );
INSERT INTO enlist values("JenniferMitchell88", 20 );
INSERT INTO enlist values("SarahMitchell55", 20 );
INSERT INTO enlist values("BenRenninger17", 20 );
INSERT INTO enlist values("JonathanRenninger59", 20 );
INSERT INTO enlist values("TimmothyKhan5", 20 );
INSERT INTO enlist values("JenniferReiss90", 20 );
INSERT INTO enlist values("MattKhan71", 20 );
INSERT INTO enlist values("TomKhan35", 20 );
INSERT INTO enlist values("GraceGabrielson92", 21 );
INSERT INTO enlist values("SarahBanbury78", 21 );
INSERT INTO enlist values("JackCohen7", 22 );
INSERT INTO enlist values("BobGoldman58", 22 );
INSERT INTO enlist values("JenniferGoldman1", 22 );
INSERT INTO enlist values("AllisonBanbury52", 24 );
INSERT INTO enlist values("JonathanCohen12", 25 );
INSERT INTO enlist values("SarahGoldman38", 25 );
INSERT INTO enlist values("AllisonHansen32", 25 );
INSERT INTO enlist values("MarkMitchell72", 25 );
INSERT INTO enlist values("JenniferGoldman1", 26 );
INSERT INTO enlist values("MattJohnson18", 26 );
INSERT INTO enlist values("AllisonBanbury0", 26 );
INSERT INTO enlist values("TimmothyKhan29", 26 );
INSERT INTO enlist values("GraceBanbury33", 26 );
INSERT INTO enlist values("AllisonBanbury63", 27 );
INSERT INTO enlist values("MarkMitchell72", 27 );
INSERT INTO enlist values("JenniferJohnson19", 27 );
INSERT INTO enlist values("JackCohen7", 27 );
INSERT INTO enlist values("TomKhan35", 27 );
INSERT INTO enlist values("MarkSmith87", 27 );
INSERT INTO enlist values("GraceBanbury33", 27 );
INSERT INTO enlist values("AllisonGoldman51", 27 );
INSERT INTO enlist values("GraceMitchell97", 27 );
INSERT INTO enlist values("JenniferGoldman1", 27 );
INSERT INTO enlist values("TomCohen53", 27 );
INSERT INTO enlist values("PaigeSmith86", 27 );
INSERT INTO enlist values("TimmothyJohnson89", 28 );
INSERT INTO enlist values("MarkCarter20", 28 );
INSERT INTO enlist values("TimmothySmith70", 28 );
INSERT INTO enlist values("AllisonCarter27", 29 );
INSERT INTO enlist values("AllisonBanbury63", 29 );
INSERT INTO enlist values("MarkBanbury84", 29 );
INSERT INTO enlist values("JenniferReiss90", 29 );
INSERT INTO enlist values("BobSmith22", 29 );
INSERT INTO enlist values("GraceSmith4", 29 );
INSERT INTO enlist values("JohnCohen80", 29 );
INSERT INTO enlist values("SarahGoldman38", 29 );
INSERT INTO enlist values("PaigeSmith86", 30 );
INSERT INTO enlist values("SarahBanbury78", 30 );
INSERT INTO enlist values("GraceSmith4", 30 );
INSERT INTO enlist values("SarahCohen47", 30 );
INSERT INTO enlist values("BobSmith22", 30 );
INSERT INTO enlist values("BobCohen43", 30 );
INSERT INTO enlist values("TimmothyCarter95", 30 );
INSERT INTO enlist values("AllisonBanbury52", 31 );
INSERT INTO enlist values("GraceReiss44", 31 );
INSERT INTO enlist values("KatieHansen36", 31 );
INSERT INTO enlist values("JenniferGoldman1", 31 );
INSERT INTO enlist values("AllisonHansen32", 31 );
INSERT INTO enlist values("MarkCarter20", 32 );
INSERT INTO enlist values("JenniferJohnson19", 32 );
INSERT INTO enlist values("AllisonCohen26", 32 );
INSERT INTO enlist values("TimmothyJohnson89", 32 );
INSERT INTO enlist values("JenniferGoldman24", 32 );
INSERT INTO enlist values("GraceMitchell97", 32 );
INSERT INTO enlist values("AllisonJohnson74", 32 );
INSERT INTO enlist values("JohnFontenot45", 32 );
INSERT INTO enlist values("MarkBanbury40", 32 );
INSERT INTO enlist values("MattCarter13", 32 );
INSERT INTO enlist values("AllisonBanbury63", 32 );
INSERT INTO enlist values("SarahMitchell61", 32 );
INSERT INTO enlist values("TomJohnson67", 33 );
INSERT INTO enlist values("TomCarter93", 33 );
INSERT INTO enlist values("MattMitchell79", 33 );
INSERT INTO enlist values("BobSmith22", 33 );
INSERT INTO enlist values("TimmothyMitchell68", 33 );
INSERT INTO enlist values("AllisonKhan94", 33 );
INSERT INTO enlist values("MarkCarter20", 33 );
INSERT INTO enlist values("JenniferMitchell88", 34 );
INSERT INTO enlist values("MattMitchell79", 34 );
INSERT INTO enlist values("BobCohen43", 34 );
INSERT INTO enlist values("TimmothyCarter95", 34 );
INSERT INTO enlist values("KatieGabrielson54", 34 );
INSERT INTO enlist values("TomJohnson67", 34 );
INSERT INTO enlist values("GraceGoldman16", 34 );
INSERT INTO enlist values("TimmothyMitchell68", 34 );
INSERT INTO enlist values("GraceReiss44", 35 );
INSERT INTO enlist values("JohnFontenot45", 35 );
INSERT INTO enlist values("JonathanRenninger59", 36 );
INSERT INTO enlist values("SarahJohnson11", 36 );
INSERT INTO enlist values("TomJohnson67", 36 );
INSERT INTO enlist values("MarkSmith87", 36 );
INSERT INTO enlist values("GraceGoldman2", 36 );
INSERT INTO enlist values("SarahGoldman69", 37 );
INSERT INTO enlist values("AllisonGoldman51", 38 );
INSERT INTO enlist values("SarahMitchell61", 39 );
INSERT INTO enlist values("MarkBanbury15", 39 );
INSERT INTO enlist values("SarahMitchell55", 40 );
INSERT INTO enlist values("JohnCohen80", 40 );
INSERT INTO enlist values("SarahGoldman38", 40 );
INSERT INTO enlist values("AllisonCarter27", 40 );
INSERT INTO enlist values("MarkFontenot37", 40 );
INSERT INTO enlist values("AllisonHansen32", 41 );
INSERT INTO enlist values("JonathanCohen12", 41 );
INSERT INTO enlist values("TimmothyJohnson89", 41 );
INSERT INTO enlist values("AllisonHansen49", 41 );
INSERT INTO enlist values("MarkBanbury40", 41 );
INSERT INTO enlist values("TimmothyKhan29", 41 );
INSERT INTO enlist values("TomCarter93", 41 );
INSERT INTO enlist values("BobJohnson42", 42 );
INSERT INTO enlist values("BobCohen43", 42 );
INSERT INTO enlist values("MarkMitchell72", 42 );
INSERT INTO enlist values("MarkFontenot37", 42 );
INSERT INTO enlist values("TimmothyJohnson89", 42 );
INSERT INTO enlist values("TimmothyKhan5", 43 );
INSERT INTO enlist values("MarkSmith87", 43 );
INSERT INTO enlist values("BobJohnson42", 43 );
INSERT INTO enlist values("TimmothyCarter95", 44 );
INSERT INTO enlist values("MattCarter8", 44 );
INSERT INTO enlist values("GraceGoldman16", 44 );
INSERT INTO enlist values("JenniferJohnson19", 44 );
INSERT INTO enlist values("MarkBanbury15", 44 );
INSERT INTO enlist values("JenniferKhan31", 45 );
INSERT INTO enlist values("MarkBanbury84", 45 );
INSERT INTO enlist values("SarahKhan21", 46 );
INSERT INTO enlist values("MattMitchell79", 46 );
INSERT INTO enlist values("GraceBanbury33", 46 );
INSERT INTO enlist values("SarahGoldman69", 46 );
INSERT INTO enlist values("MattMitchell79", 47 );
INSERT INTO enlist values("SarahMitchell61", 47 );
INSERT INTO enlist values("GraceBanbury23", 47 );
INSERT INTO enlist values("MarkMitchell72", 47 );
INSERT INTO enlist values("PaigeSmith48", 47 );
INSERT INTO enlist values("MarkBanbury84", 47 );
INSERT INTO enlist values("KatieGabrielson54", 47 );
INSERT INTO enlist values("SarahMitchell55", 47 );
INSERT INTO enlist values("AllisonKhan60", 47 );
INSERT INTO enlist values("TimmothySmith70", 47 );
INSERT INTO enlist values("JenniferMitchell88", 47 );
INSERT INTO enlist values("GraceSmith4", 47 );
INSERT INTO enlist values("SarahBanbury78", 50 );
INSERT INTO enlist values("AllisonCohen26", 50 );
INSERT INTO enlist values("MattJohnson18", 50 );
INSERT INTO enlist values("JonathanRenninger59", 50 );
INSERT INTO enlist values("BenRenninger17", 50 );
INSERT INTO enlist values("MaryCarter14", 50 );
INSERT INTO enlist values("MarkBanbury15", 50 );
INSERT INTO enlist values("AllisonCohen6", 50 );
INSERT INTO enlist values("PaigeSmith86", 50 );
INSERT INTO enlist values("SarahMitchell61", 50 );
INSERT INTO enlist values("AllisonJohnson74", 50 );
INSERT INTO enlist values("AllisonGoldman51", 50 );
INSERT INTO sportPreference(username, sport) values("AllisonBanbury0", "Football");
INSERT INTO sportPreference(username, sport) values("AllisonBanbury0", "Pool");
INSERT INTO sportPreference(username, sport) values("AllisonBanbury0", "Basketball");
INSERT INTO sportPreference(username, sport) values("AllisonBanbury0", "Ping Pong");
INSERT INTO sportPreference(username, sport) values("JenniferGoldman1", "Pool");
INSERT INTO sportPreference(username, sport) values("JenniferGoldman1", "Indoor Soccer");
INSERT INTO sportPreference(username, sport) values("JenniferGoldman1", "Basketball");
INSERT INTO sportPreference(username, sport) values("JenniferGoldman1", "Soccer");
INSERT INTO sportPreference(username, sport) values("GraceGoldman2", "Soccer");
INSERT INTO sportPreference(username, sport) values("GraceGoldman2", "Ultimate Frisbee");
INSERT INTO sportPreference(username, sport) values("GraceGoldman2", "Football");
INSERT INTO sportPreference(username, sport) values("MarkGoldman3", "Ping Pong");
INSERT INTO sportPreference(username, sport) values("GraceSmith4", "Tennis");
INSERT INTO sportPreference(username, sport) values("TimmothyKhan5", "Indoor Soccer");
INSERT INTO sportPreference(username, sport) values("TimmothyKhan5", "Soccer");
INSERT INTO sportPreference(username, sport) values("TimmothyKhan5", "Ultimate Frisbee");
INSERT INTO sportPreference(username, sport) values("AllisonCohen6", "Indoor Soccer");
INSERT INTO sportPreference(username, sport) values("AllisonCohen6", "Basketball");
INSERT INTO sportPreference(username, sport) values("AllisonCohen6", "Ultimate Frisbee");
INSERT INTO sportPreference(username, sport) values("AllisonCohen6", "Soccer");
INSERT INTO sportPreference(username, sport) values("JackCohen7", "Ping Pong");
INSERT INTO sportPreference(username, sport) values("JackCohen7", "Ultimate Frisbee");
INSERT INTO sportPreference(username, sport) values("JackCohen7", "Soccer");
INSERT INTO sportPreference(username, sport) values("MattCarter8", "Basketball");
INSERT INTO sportPreference(username, sport) values("MattCarter8", "Football");
INSERT INTO sportPreference(username, sport) values("MarkCarter9", "Football");
INSERT INTO sportPreference(username, sport) values("MarkCarter9", "Soccer");
INSERT INTO sportPreference(username, sport) values("AllisonSmith10", "Ultimate Frisbee");
INSERT INTO sportPreference(username, sport) values("AllisonSmith10", "Ping Pong");
INSERT INTO sportPreference(username, sport) values("AllisonSmith10", "Basketball");
INSERT INTO sportPreference(username, sport) values("AllisonSmith10", "Tennis");
INSERT INTO sportPreference(username, sport) values("SarahJohnson11", "Tennis");
INSERT INTO sportPreference(username, sport) values("SarahJohnson11", "Ultimate Frisbee");
INSERT INTO sportPreference(username, sport) values("SarahJohnson11", "Pool");
INSERT INTO sportPreference(username, sport) values("JonathanCohen12", "Football");
INSERT INTO sportPreference(username, sport) values("JonathanCohen12", "Soccer");
INSERT INTO sportPreference(username, sport) values("JonathanCohen12", "Indoor Soccer");
INSERT INTO sportPreference(username, sport) values("MattCarter13", "Basketball");
INSERT INTO sportPreference(username, sport) values("MaryCarter14", "Tennis");
INSERT INTO sportPreference(username, sport) values("MaryCarter14", "Indoor Soccer");
INSERT INTO sportPreference(username, sport) values("MarkBanbury15", "Ping Pong");
INSERT INTO sportPreference(username, sport) values("MarkBanbury15", "Soccer");
INSERT INTO sportPreference(username, sport) values("GraceGoldman16", "Tennis");
INSERT INTO sportPreference(username, sport) values("GraceGoldman16", "Football");
INSERT INTO sportPreference(username, sport) values("GraceGoldman16", "Pool");
INSERT INTO sportPreference(username, sport) values("GraceGoldman16", "Ultimate Frisbee");
INSERT INTO sportPreference(username, sport) values("BenRenninger17", "Basketball");
INSERT INTO sportPreference(username, sport) values("BenRenninger17", "Football");
INSERT INTO sportPreference(username, sport) values("MattJohnson18", "Indoor Soccer");
INSERT INTO sportPreference(username, sport) values("MattJohnson18", "Ping Pong");
INSERT INTO sportPreference(username, sport) values("JenniferJohnson19", "Indoor Soccer");
INSERT INTO sportPreference(username, sport) values("JenniferJohnson19", "Ultimate Frisbee");
INSERT INTO sportPreference(username, sport) values("JenniferJohnson19", "Pool");
INSERT INTO sportPreference(username, sport) values("JenniferJohnson19", "Soccer");
INSERT INTO sportPreference(username, sport) values("MarkCarter20", "Soccer");
INSERT INTO sportPreference(username, sport) values("SarahKhan21", "Football");
INSERT INTO sportPreference(username, sport) values("SarahKhan21", "Basketball");
INSERT INTO sportPreference(username, sport) values("SarahKhan21", "Pool");
INSERT INTO sportPreference(username, sport) values("BobSmith22", "Indoor Soccer");
INSERT INTO sportPreference(username, sport) values("BobSmith22", "Pool");
INSERT INTO sportPreference(username, sport) values("BobSmith22", "Football");
INSERT INTO sportPreference(username, sport) values("GraceBanbury23", "Soccer");
INSERT INTO sportPreference(username, sport) values("GraceBanbury23", "Ping Pong");
INSERT INTO sportPreference(username, sport) values("GraceBanbury23", "Ultimate Frisbee");
INSERT INTO sportPreference(username, sport) values("GraceBanbury23", "Indoor Soccer");
INSERT INTO sportPreference(username, sport) values("JenniferGoldman24", "Pool");
INSERT INTO sportPreference(username, sport) values("JenniferGoldman24", "Ultimate Frisbee");
INSERT INTO sportPreference(username, sport) values("JenniferGoldman24", "Football");
INSERT INTO sportPreference(username, sport) values("JenniferGoldman24", "Ping Pong");
INSERT INTO sportPreference(username, sport) values("BobKhan25", "Pool");
INSERT INTO sportPreference(username, sport) values("BobKhan25", "Indoor Soccer");
INSERT INTO sportPreference(username, sport) values("AllisonCohen26", "Soccer");
INSERT INTO sportPreference(username, sport) values("AllisonCohen26", "Football");
INSERT INTO sportPreference(username, sport) values("AllisonCarter27", "Football");
INSERT INTO sportPreference(username, sport) values("AllisonCarter27", "Ultimate Frisbee");
INSERT INTO sportPreference(username, sport) values("AllisonCarter27", "Ping Pong");
INSERT INTO sportPreference(username, sport) values("AllisonCarter27", "Soccer");
INSERT INTO sportPreference(username, sport) values("MarkSmith28", "Soccer");
INSERT INTO sportPreference(username, sport) values("MarkSmith28", "Indoor Soccer");
INSERT INTO sportPreference(username, sport) values("MarkSmith28", "Basketball");
INSERT INTO sportPreference(username, sport) values("MarkSmith28", "Ping Pong");
INSERT INTO sportPreference(username, sport) values("TimmothyKhan29", "Tennis");
INSERT INTO sportPreference(username, sport) values("KatieRenninger30", "Football");
INSERT INTO sportPreference(username, sport) values("JenniferKhan31", "Soccer");
INSERT INTO sportPreference(username, sport) values("JenniferKhan31", "Pool");
INSERT INTO sportPreference(username, sport) values("JenniferKhan31", "Football");
INSERT INTO sportPreference(username, sport) values("AllisonHansen32", "Soccer");
INSERT INTO sportPreference(username, sport) values("AllisonHansen32", "Indoor Soccer");
INSERT INTO sportPreference(username, sport) values("GraceBanbury33", "Football");
INSERT INTO sportPreference(username, sport) values("GraceBanbury33", "Indoor Soccer");
INSERT INTO sportPreference(username, sport) values("PaigeBanbury34", "Basketball");
INSERT INTO sportPreference(username, sport) values("PaigeBanbury34", "Indoor Soccer");
INSERT INTO sportPreference(username, sport) values("PaigeBanbury34", "Football");
INSERT INTO sportPreference(username, sport) values("TomKhan35", "Football");
INSERT INTO sportPreference(username, sport) values("TomKhan35", "Pool");
INSERT INTO sportPreference(username, sport) values("TomKhan35", "Indoor Soccer");
INSERT INTO sportPreference(username, sport) values("KatieHansen36", "Pool");
INSERT INTO sportPreference(username, sport) values("KatieHansen36", "Ping Pong");
INSERT INTO sportPreference(username, sport) values("KatieHansen36", "Tennis");
INSERT INTO sportPreference(username, sport) values("KatieHansen36", "Football");
INSERT INTO sportPreference(username, sport) values("MarkFontenot37", "Ultimate Frisbee");
INSERT INTO sportPreference(username, sport) values("MarkFontenot37", "Football");
INSERT INTO sportPreference(username, sport) values("SarahGoldman38", "Tennis");
INSERT INTO sportPreference(username, sport) values("BenStenbit39", "Indoor Soccer");
INSERT INTO sportPreference(username, sport) values("MarkBanbury40", "Indoor Soccer");
INSERT INTO sportPreference(username, sport) values("MarkBanbury40", "Ping Pong");
INSERT INTO sportPreference(username, sport) values("MarkBanbury40", "Football");
INSERT INTO sportPreference(username, sport) values("KatieCohen41", "Basketball");
INSERT INTO sportPreference(username, sport) values("KatieCohen41", "Ping Pong");
INSERT INTO sportPreference(username, sport) values("BobJohnson42", "Pool");
INSERT INTO sportPreference(username, sport) values("BobCohen43", "Ping Pong");
INSERT INTO sportPreference(username, sport) values("BobCohen43", "Indoor Soccer");
INSERT INTO sportPreference(username, sport) values("BobCohen43", "Football");
INSERT INTO sportPreference(username, sport) values("GraceReiss44", "Ping Pong");
INSERT INTO sportPreference(username, sport) values("GraceReiss44", "Indoor Soccer");
INSERT INTO sportPreference(username, sport) values("JohnFontenot45", "Basketball");
INSERT INTO sportPreference(username, sport) values("JohnStenbit46", "Tennis");
INSERT INTO sportPreference(username, sport) values("JohnStenbit46", "Indoor Soccer");
INSERT INTO sportPreference(username, sport) values("JohnStenbit46", "Ping Pong");
INSERT INTO sportPreference(username, sport) values("SarahCohen47", "Soccer");
INSERT INTO sportPreference(username, sport) values("PaigeSmith48", "Football");
INSERT INTO sportPreference(username, sport) values("AllisonHansen49", "Ultimate Frisbee");
INSERT INTO sportPreference(username, sport) values("AllisonHansen49", "Football");
INSERT INTO sportPreference(username, sport) values("AllisonHansen49", "Pool");
INSERT INTO sportPreference(username, sport) values("AllisonHansen49", "Tennis");
INSERT INTO sportPreference(username, sport) values("GraceRenninger50", "Indoor Soccer");
INSERT INTO sportPreference(username, sport) values("GraceRenninger50", "Soccer");
INSERT INTO sportPreference(username, sport) values("AllisonGoldman51", "Football");
INSERT INTO sportPreference(username, sport) values("AllisonBanbury52", "Football");
INSERT INTO sportPreference(username, sport) values("AllisonBanbury52", "Basketball");
INSERT INTO sportPreference(username, sport) values("AllisonBanbury52", "Tennis");
INSERT INTO sportPreference(username, sport) values("AllisonBanbury52", "Pool");
INSERT INTO sportPreference(username, sport) values("TomCohen53", "Pool");
INSERT INTO sportPreference(username, sport) values("TomCohen53", "Indoor Soccer");
INSERT INTO sportPreference(username, sport) values("TomCohen53", "Ping Pong");
INSERT INTO sportPreference(username, sport) values("KatieGabrielson54", "Ultimate Frisbee");
INSERT INTO sportPreference(username, sport) values("KatieGabrielson54", "Ping Pong");
INSERT INTO sportPreference(username, sport) values("SarahMitchell55", "Pool");
INSERT INTO sportPreference(username, sport) values("SarahMitchell55", "Ultimate Frisbee");
INSERT INTO sportPreference(username, sport) values("SarahMitchell55", "Soccer");
INSERT INTO sportPreference(username, sport) values("BobRenninger56", "Basketball");
INSERT INTO sportPreference(username, sport) values("BobRenninger56", "Pool");
INSERT INTO sportPreference(username, sport) values("BobRenninger56", "Tennis");
INSERT INTO sportPreference(username, sport) values("KatieMitchell57", "Ping Pong");
INSERT INTO sportPreference(username, sport) values("KatieMitchell57", "Soccer");
INSERT INTO sportPreference(username, sport) values("KatieMitchell57", "Ultimate Frisbee");
INSERT INTO sportPreference(username, sport) values("BobGoldman58", "Pool");
INSERT INTO sportPreference(username, sport) values("BobGoldman58", "Basketball");
INSERT INTO sportPreference(username, sport) values("JonathanRenninger59", "Basketball");
INSERT INTO sportPreference(username, sport) values("AllisonKhan60", "Soccer");
INSERT INTO sportPreference(username, sport) values("AllisonKhan60", "Pool");
INSERT INTO sportPreference(username, sport) values("SarahMitchell61", "Pool");
INSERT INTO sportPreference(username, sport) values("SarahMitchell61", "Football");
INSERT INTO sportPreference(username, sport) values("SarahMitchell61", "Ultimate Frisbee");
INSERT INTO sportPreference(username, sport) values("SarahMitchell61", "Indoor Soccer");
INSERT INTO sportPreference(username, sport) values("JackGabrielson62", "Pool");
INSERT INTO sportPreference(username, sport) values("JackGabrielson62", "Football");
INSERT INTO sportPreference(username, sport) values("JackGabrielson62", "Indoor Soccer");
INSERT INTO sportPreference(username, sport) values("JackGabrielson62", "Ultimate Frisbee");
INSERT INTO sportPreference(username, sport) values("AllisonBanbury63", "Indoor Soccer");
INSERT INTO sportPreference(username, sport) values("PaigeBanbury64", "Soccer");
INSERT INTO sportPreference(username, sport) values("PaigeBanbury64", "Football");
INSERT INTO sportPreference(username, sport) values("PaigeBanbury64", "Ping Pong");
INSERT INTO sportPreference(username, sport) values("MattCarter65", "Pool");
INSERT INTO sportPreference(username, sport) values("MattCarter65", "Tennis");
INSERT INTO sportPreference(username, sport) values("GraceJohnson66", "Soccer");
INSERT INTO sportPreference(username, sport) values("TomJohnson67", "Ultimate Frisbee");
INSERT INTO sportPreference(username, sport) values("TomJohnson67", "Indoor Soccer");
INSERT INTO sportPreference(username, sport) values("TimmothyMitchell68", "Indoor Soccer");
INSERT INTO sportPreference(username, sport) values("SarahGoldman69", "Tennis");
INSERT INTO sportPreference(username, sport) values("SarahGoldman69", "Pool");
INSERT INTO sportPreference(username, sport) values("SarahGoldman69", "Basketball");
INSERT INTO sportPreference(username, sport) values("TimmothySmith70", "Pool");
INSERT INTO sportPreference(username, sport) values("TimmothySmith70", "Basketball");
INSERT INTO sportPreference(username, sport) values("TimmothySmith70", "Tennis");
INSERT INTO sportPreference(username, sport) values("MattKhan71", "Ultimate Frisbee");
INSERT INTO sportPreference(username, sport) values("MarkMitchell72", "Ultimate Frisbee");
INSERT INTO sportPreference(username, sport) values("MarkMitchell72", "Tennis");
INSERT INTO sportPreference(username, sport) values("MarkMitchell72", "Ping Pong");
INSERT INTO sportPreference(username, sport) values("MarkMitchell72", "Pool");
INSERT INTO sportPreference(username, sport) values("JonathanFontenot73", "Ping Pong");
INSERT INTO sportPreference(username, sport) values("JonathanFontenot73", "Ultimate Frisbee");
INSERT INTO sportPreference(username, sport) values("JonathanFontenot73", "Basketball");
INSERT INTO sportPreference(username, sport) values("JonathanFontenot73", "Pool");
INSERT INTO sportPreference(username, sport) values("AllisonJohnson74", "Ultimate Frisbee");
INSERT INTO sportPreference(username, sport) values("AllisonJohnson74", "Indoor Soccer");
INSERT INTO sportPreference(username, sport) values("TimmothyKhan75", "Basketball");
INSERT INTO sportPreference(username, sport) values("TimmothyKhan75", "Indoor Soccer");
INSERT INTO sportPreference(username, sport) values("TimmothyKhan75", "Football");
INSERT INTO sportPreference(username, sport) values("TimmothyKhan75", "Soccer");
INSERT INTO sportPreference(username, sport) values("SarahReiss76", "Indoor Soccer");
INSERT INTO sportPreference(username, sport) values("SarahReiss76", "Ultimate Frisbee");
INSERT INTO sportPreference(username, sport) values("SarahReiss76", "Ping Pong");
INSERT INTO sportPreference(username, sport) values("MaryBanbury77", "Football");
INSERT INTO sportPreference(username, sport) values("MaryBanbury77", "Soccer");
INSERT INTO sportPreference(username, sport) values("SarahBanbury78", "Ping Pong");
INSERT INTO sportPreference(username, sport) values("SarahBanbury78", "Tennis");
INSERT INTO sportPreference(username, sport) values("SarahBanbury78", "Pool");
INSERT INTO sportPreference(username, sport) values("SarahBanbury78", "Indoor Soccer");
INSERT INTO sportPreference(username, sport) values("MattMitchell79", "Football");
INSERT INTO sportPreference(username, sport) values("JohnCohen80", "Indoor Soccer");
INSERT INTO sportPreference(username, sport) values("JohnCohen80", "Ping Pong");
INSERT INTO sportPreference(username, sport) values("JohnCohen80", "Ultimate Frisbee");
INSERT INTO sportPreference(username, sport) values("JohnCohen80", "Basketball");
INSERT INTO sportPreference(username, sport) values("AllisonSmith81", "Soccer");
INSERT INTO sportPreference(username, sport) values("PaigeKhan82", "Ping Pong");
INSERT INTO sportPreference(username, sport) values("PaigeKhan82", "Indoor Soccer");
INSERT INTO sportPreference(username, sport) values("JohnMitchell83", "Ping Pong");
INSERT INTO sportPreference(username, sport) values("JohnMitchell83", "Tennis");
INSERT INTO sportPreference(username, sport) values("JohnMitchell83", "Pool");
INSERT INTO sportPreference(username, sport) values("JohnMitchell83", "Football");
INSERT INTO sportPreference(username, sport) values("MarkBanbury84", "Pool");
INSERT INTO sportPreference(username, sport) values("MarkBanbury84", "Basketball");
INSERT INTO sportPreference(username, sport) values("JonathanStenbit85", "Indoor Soccer");
INSERT INTO sportPreference(username, sport) values("JonathanStenbit85", "Ultimate Frisbee");
INSERT INTO sportPreference(username, sport) values("JonathanStenbit85", "Soccer");
INSERT INTO sportPreference(username, sport) values("PaigeSmith86", "Tennis");
INSERT INTO sportPreference(username, sport) values("PaigeSmith86", "Basketball");
INSERT INTO sportPreference(username, sport) values("MarkSmith87", "Pool");
INSERT INTO sportPreference(username, sport) values("MarkSmith87", "Basketball");
INSERT INTO sportPreference(username, sport) values("MarkSmith87", "Football");
INSERT INTO sportPreference(username, sport) values("JenniferMitchell88", "Pool");
INSERT INTO sportPreference(username, sport) values("JenniferMitchell88", "Indoor Soccer");
INSERT INTO sportPreference(username, sport) values("TimmothyJohnson89", "Soccer");
INSERT INTO sportPreference(username, sport) values("TimmothyJohnson89", "Tennis");
INSERT INTO sportPreference(username, sport) values("JenniferReiss90", "Ping Pong");
INSERT INTO sportPreference(username, sport) values("JenniferReiss90", "Ultimate Frisbee");
INSERT INTO sportPreference(username, sport) values("JenniferReiss90", "Pool");
INSERT INTO sportPreference(username, sport) values("SarahCarter91", "Soccer");
INSERT INTO sportPreference(username, sport) values("SarahCarter91", "Pool");
INSERT INTO sportPreference(username, sport) values("SarahCarter91", "Ping Pong");
INSERT INTO sportPreference(username, sport) values("GraceGabrielson92", "Pool");
INSERT INTO sportPreference(username, sport) values("GraceGabrielson92", "Ultimate Frisbee");
INSERT INTO sportPreference(username, sport) values("TomCarter93", "Indoor Soccer");
INSERT INTO sportPreference(username, sport) values("TomCarter93", "Soccer");
INSERT INTO sportPreference(username, sport) values("TomCarter93", "Ultimate Frisbee");
INSERT INTO sportPreference(username, sport) values("TomCarter93", "Pool");
INSERT INTO sportPreference(username, sport) values("AllisonKhan94", "Football");
INSERT INTO sportPreference(username, sport) values("TimmothyCarter95", "Ultimate Frisbee");
INSERT INTO sportPreference(username, sport) values("TimmothyCarter95", "Ping Pong");
INSERT INTO sportPreference(username, sport) values("TimmothyCarter95", "Pool");
INSERT INTO sportPreference(username, sport) values("TimmothyCarter95", "Indoor Soccer");
INSERT INTO sportPreference(username, sport) values("MarkCarter96", "Basketball");
INSERT INTO sportPreference(username, sport) values("GraceMitchell97", "Football");
INSERT INTO sportPreference(username, sport) values("GraceMitchell97", "Tennis");
INSERT INTO sportPreference(username, sport) values("GraceGabrielson98", "Tennis");
INSERT INTO sportPreference(username, sport) values("GraceGabrielson98", "Ultimate Frisbee");
INSERT INTO sportPreference(username, sport) values("GraceGabrielson98", "Soccer");
INSERT INTO sportPreference(username, sport) values("GraceGabrielson98", "Basketball");
INSERT INTO sportPreference(username, sport) values("KatieGoldman99", "Ultimate Frisbee");
INSERT INTO sportPreference(username, sport) values("KatieGoldman99", "Soccer");
INSERT INTO sportPreference(username, sport) values("KatieGoldman99", "Football");





INSERT INTO chat(username, gameID, message) values("SarahKhan21", 1, "Hey, I'll bring a ball!0");
INSERT INTO chat(username, gameID, message) values("SarahGoldman69", 1, "Just realized it's raining, so let's cancel?1");
INSERT INTO chat(username, gameID, message) values("SarahMitchell61", 2, "Yo we should totally listen to some dank beats while we sports0");
INSERT INTO chat(username, gameID, message) values("MattMitchell79", 2, "Ay where the dank memes at?1");
INSERT INTO chat(username, gameID, message) values("KatieCohen41", 2, "Just realized it's raining, so let's cancel?2");
INSERT INTO chat(username, gameID, message) values("JonathanRenninger59", 2, "Yo we should totally listen to some dank beats while we sports3");
INSERT INTO chat(username, gameID, message) values("JonathanStenbit85", 2, "See you all in 10.4");
INSERT INTO chat(username, gameID, message) values("SarahMitchell61", 2, "See you all in 10.5");
INSERT INTO chat(username, gameID, message) values("SarahReiss76", 2, "Just realized it's raining, so let's cancel?6");
INSERT INTO chat(username, gameID, message) values("GraceBanbury23", 2, "We still on?7");
INSERT INTO chat(username, gameID, message) values("MarkBanbury84", 3, "We still on?0");
INSERT INTO chat(username, gameID, message) values("AllisonBanbury63", 3, "Just realized it's raining, so let's cancel?1");
INSERT INTO chat(username, gameID, message) values("JackGabrielson62", 3, "Yo we should totally listen to some dank beats while we sports2");
INSERT INTO chat(username, gameID, message) values("JohnFontenot45", 3, "Just got here and its busy so we can't play. Sorry!3");
INSERT INTO chat(username, gameID, message) values("MattCarter8", 4, "See you all in 10.0");
INSERT INTO chat(username, gameID, message) values("AllisonBanbury63", 4, "Yo we should totally listen to some dank beats while we sports1");
INSERT INTO chat(username, gameID, message) values("JonathanStenbit85", 5, "Just realized it's raining, so let's cancel?0");
INSERT INTO chat(username, gameID, message) values("JackGabrielson62", 5, "Hey, I'll bring a ball!1");
INSERT INTO chat(username, gameID, message) values("JenniferMitchell88", 6, "We still on?0");
INSERT INTO chat(username, gameID, message) values("JohnStenbit46", 6, "I'll bring some snacks!1");
INSERT INTO chat(username, gameID, message) values("JackCohen7", 6, "See you all in 10.2");
INSERT INTO chat(username, gameID, message) values("JonathanFontenot73", 6, "Yo we should totally listen to some dank beats while we sports3");
INSERT INTO chat(username, gameID, message) values("BobGoldman58", 6, "Just got here and its busy so we can't play. Sorry!4");
INSERT INTO chat(username, gameID, message) values("AllisonBanbury0", 6, "I'll bring some snacks!5");
INSERT INTO chat(username, gameID, message) values("MarkBanbury15", 6, "Just realized it's raining, so let's cancel?6");
INSERT INTO chat(username, gameID, message) values("TomCohen53", 6, "Just got here and its busy so we can't play. Sorry!7");
INSERT INTO chat(username, gameID, message) values("BenStenbit39", 6, "Ay where the dank memes at?8");
INSERT INTO chat(username, gameID, message) values("TimmothyJohnson89", 6, "I'll bring some snacks!9");
INSERT INTO chat(username, gameID, message) values("BobJohnson42", 6, "Just realized it's raining, so let's cancel?10");
INSERT INTO chat(username, gameID, message) values("TimmothyJohnson89", 6, "Hey, I'll bring a ball!11");
INSERT INTO chat(username, gameID, message) values("BobCohen43", 6, "Just realized it's raining, so let's cancel?12");
INSERT INTO chat(username, gameID, message) values("MarkBanbury40", 6, "Just got here and its busy so we can't play. Sorry!13");
INSERT INTO chat(username, gameID, message) values("AllisonHansen32", 6, "See you all in 10.14");
INSERT INTO chat(username, gameID, message) values("PaigeBanbury64", 7, "Just got here and its busy so we can't play. Sorry!0");
INSERT INTO chat(username, gameID, message) values("JenniferKhan31", 7, "We still on?1");
INSERT INTO chat(username, gameID, message) values("KatieCohen41", 7, "Just realized it's raining, so let's cancel?2");
INSERT INTO chat(username, gameID, message) values("MarkSmith28", 7, "We still on?3");
INSERT INTO chat(username, gameID, message) values("BenStenbit39", 7, "We still on?4");
INSERT INTO chat(username, gameID, message) values("BenStenbit39", 7, "I'll bring some snacks!5");
INSERT INTO chat(username, gameID, message) values("AllisonKhan60", 7, "Just got here and its busy so we can't play. Sorry!6");
INSERT INTO chat(username, gameID, message) values("JonathanRenninger59", 7, "Yo we should totally listen to some dank beats while we sports7");
INSERT INTO chat(username, gameID, message) values("TimmothyKhan5", 7, "Ay where the dank memes at?8");
INSERT INTO chat(username, gameID, message) values("MarkBanbury15", 7, "See you all in 10.9");
INSERT INTO chat(username, gameID, message) values("JackCohen7", 7, "Just realized it's raining, so let's cancel?10");
INSERT INTO chat(username, gameID, message) values("JackGabrielson62", 7, "See you all in 10.11");
INSERT INTO chat(username, gameID, message) values("GraceGoldman16", 7, "We still on?12");
INSERT INTO chat(username, gameID, message) values("KatieMitchell57", 7, "We still on?13");
INSERT INTO chat(username, gameID, message) values("TimmothyCarter95", 7, "I'll bring some snacks!14");
INSERT INTO chat(username, gameID, message) values("MarkSmith87", 8, "Just realized it's raining, so let's cancel?0");
INSERT INTO chat(username, gameID, message) values("MattCarter8", 8, "Just got here and its busy so we can't play. Sorry!1");
INSERT INTO chat(username, gameID, message) values("SarahReiss76", 8, "I'll bring some snacks!2");
INSERT INTO chat(username, gameID, message) values("TimmothyMitchell68", 8, "Yo we should totally listen to some dank beats while we sports3");
INSERT INTO chat(username, gameID, message) values("BobRenninger56", 9, "See you all in 10.0");
INSERT INTO chat(username, gameID, message) values("TimmothyMitchell68", 9, "Just realized it's raining, so let's cancel?1");
INSERT INTO chat(username, gameID, message) values("SarahKhan21", 9, "We still on?2");
INSERT INTO chat(username, gameID, message) values("MattMitchell79", 9, "We still on?3");
INSERT INTO chat(username, gameID, message) values("MarkBanbury40", 9, "Just realized it's raining, so let's cancel?4");
INSERT INTO chat(username, gameID, message) values("AllisonSmith10", 9, "Just got here and its busy so we can't play. Sorry!5");
INSERT INTO chat(username, gameID, message) values("PaigeBanbury34", 10, "We still on?0");
INSERT INTO chat(username, gameID, message) values("JenniferGoldman24", 10, "Just realized it's raining, so let's cancel?1");
INSERT INTO chat(username, gameID, message) values("BobRenninger56", 10, "I'll bring some snacks!2");
INSERT INTO chat(username, gameID, message) values("BobGoldman58", 10, "Yo we should totally listen to some dank beats while we sports3");
INSERT INTO chat(username, gameID, message) values("BenStenbit39", 10, "Hey, I'll bring a ball!4");
INSERT INTO chat(username, gameID, message) values("KatieHansen36", 11, "I'll bring some snacks!0");
INSERT INTO chat(username, gameID, message) values("JohnMitchell83", 11, "Yo we should totally listen to some dank beats while we sports1");
INSERT INTO chat(username, gameID, message) values("SarahKhan21", 11, "Hey, I'll bring a ball!2");
INSERT INTO chat(username, gameID, message) values("JohnStenbit46", 11, "Hey, I'll bring a ball!3");
INSERT INTO chat(username, gameID, message) values("BobCohen43", 12, "Ay where the dank memes at?0");
INSERT INTO chat(username, gameID, message) values("PaigeBanbury34", 12, "I'll bring some snacks!1");
INSERT INTO chat(username, gameID, message) values("KatieRenninger30", 12, "Yo we should totally listen to some dank beats while we sports2");
INSERT INTO chat(username, gameID, message) values("JenniferGoldman24", 12, "I'll bring some snacks!3");
INSERT INTO chat(username, gameID, message) values("BobSmith22", 12, "I'll bring some snacks!4");
INSERT INTO chat(username, gameID, message) values("MaryBanbury77", 12, "Just realized it's raining, so let's cancel?5");
INSERT INTO chat(username, gameID, message) values("BobRenninger56", 12, "Yo we should totally listen to some dank beats while we sports6");
INSERT INTO chat(username, gameID, message) values("PaigeKhan82", 12, "Hey, I'll bring a ball!7");
INSERT INTO chat(username, gameID, message) values("AllisonSmith10", 12, "Yo we should totally listen to some dank beats while we sports8");
INSERT INTO chat(username, gameID, message) values("BobJohnson42", 12, "Hey, I'll bring a ball!9");
INSERT INTO chat(username, gameID, message) values("TimmothySmith70", 13, "Ay where the dank memes at?0");
INSERT INTO chat(username, gameID, message) values("TimmothyKhan29", 13, "I'll bring some snacks!1");
INSERT INTO chat(username, gameID, message) values("KatieMitchell57", 13, "Yo we should totally listen to some dank beats while we sports2");
INSERT INTO chat(username, gameID, message) values("BobGoldman58", 13, "See you all in 10.3");
INSERT INTO chat(username, gameID, message) values("AllisonBanbury52", 13, "Just got here and its busy so we can't play. Sorry!4");
INSERT INTO chat(username, gameID, message) values("KatieHansen36", 14, "See you all in 10.0");
INSERT INTO chat(username, gameID, message) values("AllisonHansen32", 14, "Just realized it's raining, so let's cancel?1");
INSERT INTO chat(username, gameID, message) values("SarahKhan21", 14, "Ay where the dank memes at?2");
INSERT INTO chat(username, gameID, message) values("SarahMitchell61", 14, "Yo we should totally listen to some dank beats while we sports3");
INSERT INTO chat(username, gameID, message) values("TimmothyKhan5", 14, "Yo we should totally listen to some dank beats while we sports4");
INSERT INTO chat(username, gameID, message) values("TimmothyCarter95", 15, "Ay where the dank memes at?0");
INSERT INTO chat(username, gameID, message) values("MattCarter65", 15, "Just realized it's raining, so let's cancel?1");
INSERT INTO chat(username, gameID, message) values("BenStenbit39", 15, "Ay where the dank memes at?2");
INSERT INTO chat(username, gameID, message) values("BenStenbit39", 15, "We still on?3");
INSERT INTO chat(username, gameID, message) values("PaigeBanbury64", 16, "See you all in 10.0");
INSERT INTO chat(username, gameID, message) values("SarahGoldman69", 16, "Hey, I'll bring a ball!1");
INSERT INTO chat(username, gameID, message) values("SarahCarter91", 16, "Yo we should totally listen to some dank beats while we sports2");
INSERT INTO chat(username, gameID, message) values("PaigeSmith86", 16, "Just got here and its busy so we can't play. Sorry!3");
INSERT INTO chat(username, gameID, message) values("BenStenbit39", 17, "I'll bring some snacks!0");
INSERT INTO chat(username, gameID, message) values("SarahMitchell61", 17, "Hey, I'll bring a ball!1");
INSERT INTO chat(username, gameID, message) values("SarahMitchell61", 17, "Ay where the dank memes at?2");
INSERT INTO chat(username, gameID, message) values("SarahBanbury78", 17, "We still on?3");
INSERT INTO chat(username, gameID, message) values("MarkGoldman3", 17, "Yo we should totally listen to some dank beats while we sports4");
INSERT INTO chat(username, gameID, message) values("BenStenbit39", 17, "Just got here and its busy so we can't play. Sorry!5");
INSERT INTO chat(username, gameID, message) values("TimmothyKhan5", 17, "Ay where the dank memes at?6");
INSERT INTO chat(username, gameID, message) values("TimmothyKhan29", 17, "Ay where the dank memes at?7");
INSERT INTO chat(username, gameID, message) values("SarahReiss76", 17, "Yo we should totally listen to some dank beats while we sports8");
INSERT INTO chat(username, gameID, message) values("AllisonBanbury63", 17, "See you all in 10.9");
INSERT INTO chat(username, gameID, message) values("PaigeBanbury34", 17, "Just got here and its busy so we can't play. Sorry!10");
INSERT INTO chat(username, gameID, message) values("MarkBanbury40", 17, "I'll bring some snacks!11");
INSERT INTO chat(username, gameID, message) values("GraceGoldman2", 17, "Just got here and its busy so we can't play. Sorry!12");
INSERT INTO chat(username, gameID, message) values("AllisonCohen26", 17, "Yo we should totally listen to some dank beats while we sports13");
INSERT INTO chat(username, gameID, message) values("SarahMitchell61", 17, "Yo we should totally listen to some dank beats while we sports14");
INSERT INTO chat(username, gameID, message) values("MattCarter8", 18, "Just got here and its busy so we can't play. Sorry!0");
INSERT INTO chat(username, gameID, message) values("TomJohnson67", 18, "Yo we should totally listen to some dank beats while we sports1");
INSERT INTO chat(username, gameID, message) values("MarkCarter9", 18, "Hey, I'll bring a ball!2");
INSERT INTO chat(username, gameID, message) values("MattCarter13", 18, "Just realized it's raining, so let's cancel?3");
INSERT INTO chat(username, gameID, message) values("JohnCohen80", 18, "Just got here and its busy so we can't play. Sorry!4");
INSERT INTO chat(username, gameID, message) values("GraceGoldman16", 18, "See you all in 10.5");
INSERT INTO chat(username, gameID, message) values("SarahCarter91", 18, "Just got here and its busy so we can't play. Sorry!6");
INSERT INTO chat(username, gameID, message) values("SarahCarter91", 18, "See you all in 10.7");
INSERT INTO chat(username, gameID, message) values("MattCarter8", 18, "I'll bring some snacks!8");
INSERT INTO chat(username, gameID, message) values("GraceGabrielson98", 18, "We still on?9");
INSERT INTO chat(username, gameID, message) values("JonathanCohen12", 19, "See you all in 10.0");
INSERT INTO chat(username, gameID, message) values("GraceGabrielson92", 19, "Ay where the dank memes at?1");
INSERT INTO chat(username, gameID, message) values("MarkBanbury40", 19, "Just realized it's raining, so let's cancel?2");
INSERT INTO chat(username, gameID, message) values("GraceReiss44", 19, "Just got here and its busy so we can't play. Sorry!3");
INSERT INTO chat(username, gameID, message) values("GraceReiss44", 19, "See you all in 10.4");
INSERT INTO chat(username, gameID, message) values("KatieGoldman99", 19, "See you all in 10.5");
INSERT INTO chat(username, gameID, message) values("TomCarter93", 19, "Yo we should totally listen to some dank beats while we sports6");
INSERT INTO chat(username, gameID, message) values("GraceGabrielson92", 19, "Just got here and its busy so we can't play. Sorry!7");
INSERT INTO chat(username, gameID, message) values("KatieGoldman99", 19, "I'll bring some snacks!8");
INSERT INTO chat(username, gameID, message) values("KatieGabrielson54", 19, "We still on?9");
INSERT INTO chat(username, gameID, message) values("SarahReiss76", 19, "Yo we should totally listen to some dank beats while we sports10");
INSERT INTO chat(username, gameID, message) values("AllisonBanbury63", 19, "Ay where the dank memes at?11");
INSERT INTO chat(username, gameID, message) values("BobJohnson42", 19, "We still on?12");
INSERT INTO chat(username, gameID, message) values("KatieMitchell57", 19, "Just got here and its busy so we can't play. Sorry!13");
INSERT INTO chat(username, gameID, message) values("JonathanFontenot73", 19, "Yo we should totally listen to some dank beats while we sports14");
INSERT INTO chat(username, gameID, message) values("BobKhan25", 20, "Just got here and its busy so we can't play. Sorry!0");
INSERT INTO chat(username, gameID, message) values("BobJohnson42", 20, "Yo we should totally listen to some dank beats while we sports1");
INSERT INTO chat(username, gameID, message) values("SarahJohnson11", 20, "Yo we should totally listen to some dank beats while we sports2");
INSERT INTO chat(username, gameID, message) values("TomJohnson67", 20, "See you all in 10.3");
INSERT INTO chat(username, gameID, message) values("MarkCarter9", 20, "See you all in 10.4");
INSERT INTO chat(username, gameID, message) values("MaryCarter14", 20, "Just realized it's raining, so let's cancel?5");
INSERT INTO chat(username, gameID, message) values("AllisonKhan60", 21, "Ay where the dank memes at?0");
INSERT INTO chat(username, gameID, message) values("AllisonBanbury52", 21, "Ay where the dank memes at?1");
INSERT INTO chat(username, gameID, message) values("GraceGoldman2", 21, "See you all in 10.2");
INSERT INTO chat(username, gameID, message) values("BobSmith22", 21, "Yo we should totally listen to some dank beats while we sports3");
INSERT INTO chat(username, gameID, message) values("JackGabrielson62", 21, "Yo we should totally listen to some dank beats while we sports4");
INSERT INTO chat(username, gameID, message) values("KatieGabrielson54", 21, "Just realized it's raining, so let's cancel?5");
INSERT INTO chat(username, gameID, message) values("AllisonGoldman51", 21, "I'll bring some snacks!6");
INSERT INTO chat(username, gameID, message) values("JohnCohen80", 21, "See you all in 10.7");
INSERT INTO chat(username, gameID, message) values("JonathanStenbit85", 22, "I'll bring some snacks!0");
INSERT INTO chat(username, gameID, message) values("MarkBanbury84", 22, "Hey, I'll bring a ball!1");
INSERT INTO chat(username, gameID, message) values("JenniferGoldman24", 23, "Just realized it's raining, so let's cancel?0");
INSERT INTO chat(username, gameID, message) values("TomCohen53", 23, "Just realized it's raining, so let's cancel?1");
INSERT INTO chat(username, gameID, message) values("AllisonGoldman51", 23, "Ay where the dank memes at?2");
INSERT INTO chat(username, gameID, message) values("MattCarter8", 23, "Ay where the dank memes at?3");
INSERT INTO chat(username, gameID, message) values("MarkCarter9", 23, "Ay where the dank memes at?4");
INSERT INTO chat(username, gameID, message) values("AllisonBanbury0", 23, "See you all in 10.5");
INSERT INTO chat(username, gameID, message) values("GraceBanbury33", 23, "Yo we should totally listen to some dank beats while we sports6");
INSERT INTO chat(username, gameID, message) values("JenniferMitchell88", 23, "Ay where the dank memes at?7");
INSERT INTO chat(username, gameID, message) values("MattJohnson18", 23, "Yo we should totally listen to some dank beats while we sports8");
INSERT INTO chat(username, gameID, message) values("BenRenninger17", 23, "Yo we should totally listen to some dank beats while we sports9");
INSERT INTO chat(username, gameID, message) values("SarahCohen47", 24, "See you all in 10.0");
INSERT INTO chat(username, gameID, message) values("PaigeSmith86", 24, "Just realized it's raining, so let's cancel?1");
INSERT INTO chat(username, gameID, message) values("PaigeSmith48", 25, "Just realized it's raining, so let's cancel?0");
INSERT INTO chat(username, gameID, message) values("PaigeBanbury64", 25, "We still on?1");
INSERT INTO chat(username, gameID, message) values("JonathanStenbit85", 25, "Ay where the dank memes at?2");
INSERT INTO chat(username, gameID, message) values("JonathanStenbit85", 25, "Ay where the dank memes at?3");
INSERT INTO chat(username, gameID, message) values("BobRenninger56", 26, "I'll bring some snacks!0");
INSERT INTO chat(username, gameID, message) values("PaigeBanbury64", 26, "Just got here and its busy so we can't play. Sorry!1");
INSERT INTO chat(username, gameID, message) values("SarahReiss76", 26, "I'll bring some snacks!2");
INSERT INTO chat(username, gameID, message) values("TomCohen53", 26, "Yo we should totally listen to some dank beats while we sports3");
INSERT INTO chat(username, gameID, message) values("SarahKhan21", 26, "I'll bring some snacks!4");
INSERT INTO chat(username, gameID, message) values("MarkBanbury15", 27, "I'll bring some snacks!0");
INSERT INTO chat(username, gameID, message) values("MarkSmith87", 27, "We still on?1");
INSERT INTO chat(username, gameID, message) values("MarkCarter20", 27, "We still on?2");
INSERT INTO chat(username, gameID, message) values("AllisonCarter27", 27, "I'll bring some snacks!3");
INSERT INTO chat(username, gameID, message) values("JonathanRenninger59", 27, "Just realized it's raining, so let's cancel?4");
INSERT INTO chat(username, gameID, message) values("MarkSmith87", 27, "We still on?5");
INSERT INTO chat(username, gameID, message) values("AllisonSmith10", 27, "Just realized it's raining, so let's cancel?6");
INSERT INTO chat(username, gameID, message) values("KatieGabrielson54", 27, "Ay where the dank memes at?7");
INSERT INTO chat(username, gameID, message) values("GraceReiss44", 28, "Ay where the dank memes at?0");
INSERT INTO chat(username, gameID, message) values("SarahKhan21", 28, "See you all in 10.1");
INSERT INTO chat(username, gameID, message) values("JonathanStenbit85", 29, "See you all in 10.0");
INSERT INTO chat(username, gameID, message) values("AllisonGoldman51", 29, "See you all in 10.1");
INSERT INTO chat(username, gameID, message) values("BobGoldman58", 29, "See you all in 10.2");
INSERT INTO chat(username, gameID, message) values("MaryCarter14", 29, "Hey, I'll bring a ball!3");
INSERT INTO chat(username, gameID, message) values("SarahMitchell61", 29, "Hey, I'll bring a ball!4");
INSERT INTO chat(username, gameID, message) values("MattMitchell79", 29, "Hey, I'll bring a ball!5");
INSERT INTO chat(username, gameID, message) values("MattKhan71", 30, "Just realized it's raining, so let's cancel?0");
INSERT INTO chat(username, gameID, message) values("JonathanCohen12", 30, "I'll bring some snacks!1");
INSERT INTO chat(username, gameID, message) values("PaigeBanbury64", 30, "Just got here and its busy so we can't play. Sorry!2");
INSERT INTO chat(username, gameID, message) values("PaigeSmith86", 30, "See you all in 10.3");
INSERT INTO chat(username, gameID, message) values("KatieCohen41", 30, "We still on?4");
INSERT INTO chat(username, gameID, message) values("MattKhan71", 30, "See you all in 10.5");
INSERT INTO chat(username, gameID, message) values("JonathanStenbit85", 30, "Just realized it's raining, so let's cancel?6");
INSERT INTO chat(username, gameID, message) values("GraceGoldman16", 30, "Hey, I'll bring a ball!7");
INSERT INTO chat(username, gameID, message) values("AllisonCohen6", 31, "Just got here and its busy so we can't play. Sorry!0");
INSERT INTO chat(username, gameID, message) values("JenniferMitchell88", 31, "I'll bring some snacks!1");
INSERT INTO chat(username, gameID, message) values("AllisonHansen32", 31, "Just realized it's raining, so let's cancel?2");
INSERT INTO chat(username, gameID, message) values("JonathanStenbit85", 31, "Ay where the dank memes at?3");
INSERT INTO chat(username, gameID, message) values("MarkGoldman3", 32, "Hey, I'll bring a ball!0");
INSERT INTO chat(username, gameID, message) values("AllisonSmith10", 32, "I'll bring some snacks!1");
INSERT INTO chat(username, gameID, message) values("GraceGoldman16", 32, "Just realized it's raining, so let's cancel?2");
INSERT INTO chat(username, gameID, message) values("SarahCarter91", 32, "I'll bring some snacks!3");
INSERT INTO chat(username, gameID, message) values("GraceBanbury23", 32, "Ay where the dank memes at?4");
INSERT INTO chat(username, gameID, message) values("MaryBanbury77", 32, "Just realized it's raining, so let's cancel?5");
INSERT INTO chat(username, gameID, message) values("JonathanCohen12", 32, "Just realized it's raining, so let's cancel?6");
INSERT INTO chat(username, gameID, message) values("GraceRenninger50", 32, "Ay where the dank memes at?7");
INSERT INTO chat(username, gameID, message) values("AllisonSmith81", 33, "Hey, I'll bring a ball!0");
INSERT INTO chat(username, gameID, message) values("AllisonKhan60", 33, "Just got here and its busy so we can't play. Sorry!1");
INSERT INTO chat(username, gameID, message) values("PaigeBanbury34", 34, "Just realized it's raining, so let's cancel?0");
INSERT INTO chat(username, gameID, message) values("MarkMitchell72", 34, "See you all in 10.1");
INSERT INTO chat(username, gameID, message) values("TimmothyJohnson89", 34, "Just got here and its busy so we can't play. Sorry!2");
INSERT INTO chat(username, gameID, message) values("SarahKhan21", 34, "Ay where the dank memes at?3");
INSERT INTO chat(username, gameID, message) values("MaryBanbury77", 34, "Hey, I'll bring a ball!4");
INSERT INTO chat(username, gameID, message) values("MarkCarter20", 34, "See you all in 10.5");
INSERT INTO chat(username, gameID, message) values("AllisonCarter27", 34, "I'll bring some snacks!6");
INSERT INTO chat(username, gameID, message) values("GraceRenninger50", 34, "I'll bring some snacks!7");
INSERT INTO chat(username, gameID, message) values("KatieCohen41", 34, "Yo we should totally listen to some dank beats while we sports8");
INSERT INTO chat(username, gameID, message) values("BobSmith22", 34, "Ay where the dank memes at?9");
INSERT INTO chat(username, gameID, message) values("AllisonKhan94", 34, "Yo we should totally listen to some dank beats while we sports10");
INSERT INTO chat(username, gameID, message) values("TimmothyKhan5", 34, "Yo we should totally listen to some dank beats while we sports11");
INSERT INTO chat(username, gameID, message) values("MarkBanbury40", 34, "Hey, I'll bring a ball!12");
INSERT INTO chat(username, gameID, message) values("TimmothyJohnson89", 34, "Just got here and its busy so we can't play. Sorry!13");
INSERT INTO chat(username, gameID, message) values("TimmothyKhan29", 34, "Ay where the dank memes at?14");
INSERT INTO chat(username, gameID, message) values("MarkBanbury84", 35, "Just realized it's raining, so let's cancel?0");
INSERT INTO chat(username, gameID, message) values("PaigeSmith48", 35, "Yo we should totally listen to some dank beats while we sports1");
INSERT INTO chat(username, gameID, message) values("JenniferGoldman24", 35, "Just got here and its busy so we can't play. Sorry!2");
INSERT INTO chat(username, gameID, message) values("GraceReiss44", 35, "I'll bring some snacks!3");
INSERT INTO chat(username, gameID, message) values("MaryBanbury77", 35, "We still on?4");
INSERT INTO chat(username, gameID, message) values("SarahKhan21", 35, "Just realized it's raining, so let's cancel?5");
INSERT INTO chat(username, gameID, message) values("SarahMitchell61", 35, "Hey, I'll bring a ball!6");
INSERT INTO chat(username, gameID, message) values("JenniferMitchell88", 35, "See you all in 10.7");
INSERT INTO chat(username, gameID, message) values("GraceGabrielson92", 35, "We still on?8");
INSERT INTO chat(username, gameID, message) values("JenniferJohnson19", 35, "Ay where the dank memes at?9");
INSERT INTO chat(username, gameID, message) values("SarahKhan21", 36, "Ay where the dank memes at?0");
INSERT INTO chat(username, gameID, message) values("JonathanCohen12", 36, "See you all in 10.1");
INSERT INTO chat(username, gameID, message) values("AllisonCohen6", 36, "Hey, I'll bring a ball!2");
INSERT INTO chat(username, gameID, message) values("JohnMitchell83", 36, "See you all in 10.3");
INSERT INTO chat(username, gameID, message) values("GraceBanbury33", 36, "Just realized it's raining, so let's cancel?4");
INSERT INTO chat(username, gameID, message) values("GraceMitchell97", 36, "Yo we should totally listen to some dank beats while we sports5");
INSERT INTO chat(username, gameID, message) values("JenniferGoldman24", 36, "I'll bring some snacks!6");
INSERT INTO chat(username, gameID, message) values("JonathanFontenot73", 36, "See you all in 10.7");
INSERT INTO chat(username, gameID, message) values("KatieRenninger30", 36, "Just got here and its busy so we can't play. Sorry!8");
INSERT INTO chat(username, gameID, message) values("TimmothyMitchell68", 36, "Ay where the dank memes at?9");
INSERT INTO chat(username, gameID, message) values("MaryBanbury77", 37, "Just realized it's raining, so let's cancel?0");
INSERT INTO chat(username, gameID, message) values("JenniferGoldman24", 37, "Just realized it's raining, so let's cancel?1");
INSERT INTO chat(username, gameID, message) values("GraceReiss44", 38, "Yo we should totally listen to some dank beats while we sports0");
INSERT INTO chat(username, gameID, message) values("AllisonCohen6", 38, "See you all in 10.1");
INSERT INTO chat(username, gameID, message) values("JonathanStenbit85", 38, "Just realized it's raining, so let's cancel?2");
INSERT INTO chat(username, gameID, message) values("GraceReiss44", 38, "See you all in 10.3");
INSERT INTO chat(username, gameID, message) values("JenniferJohnson19", 38, "We still on?4");
INSERT INTO chat(username, gameID, message) values("AllisonCarter27", 38, "We still on?5");
INSERT INTO chat(username, gameID, message) values("AllisonKhan94", 38, "Just realized it's raining, so let's cancel?6");
INSERT INTO chat(username, gameID, message) values("GraceBanbury23", 38, "Just got here and its busy so we can't play. Sorry!7");
INSERT INTO chat(username, gameID, message) values("KatieCohen41", 39, "See you all in 10.0");
INSERT INTO chat(username, gameID, message) values("JohnFontenot45", 39, "Ay where the dank memes at?1");
INSERT INTO chat(username, gameID, message) values("AllisonBanbury0", 39, "Just got here and its busy so we can't play. Sorry!2");
INSERT INTO chat(username, gameID, message) values("MarkBanbury40", 39, "Just realized it's raining, so let's cancel?3");
INSERT INTO chat(username, gameID, message) values("MattJohnson18", 39, "Hey, I'll bring a ball!4");
INSERT INTO chat(username, gameID, message) values("GraceGoldman2", 39, "Just got here and its busy so we can't play. Sorry!5");
INSERT INTO chat(username, gameID, message) values("JohnStenbit46", 39, "Just realized it's raining, so let's cancel?6");
INSERT INTO chat(username, gameID, message) values("TomCarter93", 39, "Just got here and its busy so we can't play. Sorry!7");
INSERT INTO chat(username, gameID, message) values("AllisonCohen6", 39, "We still on?8");
INSERT INTO chat(username, gameID, message) values("KatieGoldman99", 39, "Yo we should totally listen to some dank beats while we sports9");
INSERT INTO chat(username, gameID, message) values("MattJohnson18", 39, "Just realized it's raining, so let's cancel?10");
INSERT INTO chat(username, gameID, message) values("JonathanCohen12", 39, "Ay where the dank memes at?11");
INSERT INTO chat(username, gameID, message) values("GraceGabrielson92", 39, "We still on?12");
INSERT INTO chat(username, gameID, message) values("JonathanCohen12", 39, "I'll bring some snacks!13");
INSERT INTO chat(username, gameID, message) values("JonathanRenninger59", 39, "Yo we should totally listen to some dank beats while we sports14");
INSERT INTO chat(username, gameID, message) values("BenStenbit39", 40, "Yo we should totally listen to some dank beats while we sports0");
INSERT INTO chat(username, gameID, message) values("AllisonBanbury52", 40, "Just realized it's raining, so let's cancel?1");
INSERT INTO chat(username, gameID, message) values("GraceRenninger50", 40, "We still on?2");
INSERT INTO chat(username, gameID, message) values("MarkSmith28", 40, "Ay where the dank memes at?3");
INSERT INTO chat(username, gameID, message) values("AllisonCohen6", 40, "Yo we should totally listen to some dank beats while we sports4");
INSERT INTO chat(username, gameID, message) values("SarahBanbury78", 40, "Yo we should totally listen to some dank beats while we sports5");
INSERT INTO chat(username, gameID, message) values("GraceReiss44", 41, "Yo we should totally listen to some dank beats while we sports0");
INSERT INTO chat(username, gameID, message) values("AllisonHansen49", 41, "Just realized it's raining, so let's cancel?1");
INSERT INTO chat(username, gameID, message) values("KatieCohen41", 41, "I'll bring some snacks!2");
INSERT INTO chat(username, gameID, message) values("TimmothyJohnson89", 41, "We still on?3");
INSERT INTO chat(username, gameID, message) values("AllisonSmith10", 41, "Just got here and its busy so we can't play. Sorry!4");
INSERT INTO chat(username, gameID, message) values("SarahCohen47", 41, "We still on?5");
INSERT INTO chat(username, gameID, message) values("GraceGabrielson92", 41, "Just realized it's raining, so let's cancel?6");
INSERT INTO chat(username, gameID, message) values("JenniferJohnson19", 41, "Yo we should totally listen to some dank beats while we sports7");
INSERT INTO chat(username, gameID, message) values("AllisonBanbury52", 42, "I'll bring some snacks!0");
INSERT INTO chat(username, gameID, message) values("TimmothyMitchell68", 42, "Yo we should totally listen to some dank beats while we sports1");
INSERT INTO chat(username, gameID, message) values("BobKhan25", 42, "Just realized it's raining, so let's cancel?2");
INSERT INTO chat(username, gameID, message) values("MarkCarter96", 42, "Just got here and its busy so we can't play. Sorry!3");
INSERT INTO chat(username, gameID, message) values("SarahJohnson11", 42, "We still on?4");
INSERT INTO chat(username, gameID, message) values("MarkCarter9", 42, "Hey, I'll bring a ball!5");
INSERT INTO chat(username, gameID, message) values("MattKhan71", 42, "Just got here and its busy so we can't play. Sorry!6");
INSERT INTO chat(username, gameID, message) values("GraceBanbury33", 42, "See you all in 10.7");
INSERT INTO chat(username, gameID, message) values("JonathanRenninger59", 42, "I'll bring some snacks!8");
INSERT INTO chat(username, gameID, message) values("PaigeSmith86", 42, "I'll bring some snacks!9");
INSERT INTO chat(username, gameID, message) values("PaigeBanbury64", 42, "I'll bring some snacks!10");
INSERT INTO chat(username, gameID, message) values("TomCohen53", 42, "Just realized it's raining, so let's cancel?11");
INSERT INTO chat(username, gameID, message) values("GraceReiss44", 42, "I'll bring some snacks!12");
INSERT INTO chat(username, gameID, message) values("GraceGoldman2", 42, "Hey, I'll bring a ball!13");
INSERT INTO chat(username, gameID, message) values("MarkSmith28", 42, "Ay where the dank memes at?14");
INSERT INTO chat(username, gameID, message) values("MarkGoldman3", 43, "Just realized it's raining, so let's cancel?0");
INSERT INTO chat(username, gameID, message) values("AllisonKhan60", 43, "See you all in 10.1");
INSERT INTO chat(username, gameID, message) values("TimmothyKhan29", 43, "Just got here and its busy so we can't play. Sorry!2");
INSERT INTO chat(username, gameID, message) values("JonathanCohen12", 43, "See you all in 10.3");
INSERT INTO chat(username, gameID, message) values("MarkGoldman3", 43, "Hey, I'll bring a ball!4");
INSERT INTO chat(username, gameID, message) values("GraceGoldman16", 43, "Just realized it's raining, so let's cancel?5");
INSERT INTO chat(username, gameID, message) values("TomCarter93", 43, "Hey, I'll bring a ball!6");
INSERT INTO chat(username, gameID, message) values("AllisonHansen49", 43, "Hey, I'll bring a ball!7");
INSERT INTO chat(username, gameID, message) values("MattCarter13", 43, "See you all in 10.8");
INSERT INTO chat(username, gameID, message) values("JenniferReiss90", 43, "Ay where the dank memes at?9");
INSERT INTO chat(username, gameID, message) values("GraceSmith4", 44, "See you all in 10.0");
INSERT INTO chat(username, gameID, message) values("KatieGoldman99", 44, "Just got here and its busy so we can't play. Sorry!1");
INSERT INTO chat(username, gameID, message) values("JenniferGoldman24", 44, "I'll bring some snacks!2");
INSERT INTO chat(username, gameID, message) values("SarahMitchell55", 44, "I'll bring some snacks!3");
INSERT INTO chat(username, gameID, message) values("SarahBanbury78", 44, "See you all in 10.4");
INSERT INTO chat(username, gameID, message) values("KatieGoldman99", 44, "We still on?5");
INSERT INTO chat(username, gameID, message) values("GraceGabrielson98", 45, "Yo we should totally listen to some dank beats while we sports0");
INSERT INTO chat(username, gameID, message) values("SarahReiss76", 45, "I'll bring some snacks!1");
INSERT INTO chat(username, gameID, message) values("BobJohnson42", 45, "I'll bring some snacks!2");
INSERT INTO chat(username, gameID, message) values("SarahGoldman38", 45, "Hey, I'll bring a ball!3");
INSERT INTO chat(username, gameID, message) values("MarkSmith28", 45, "Just realized it's raining, so let's cancel?4");
INSERT INTO chat(username, gameID, message) values("MarkFontenot37", 46, "See you all in 10.0");
INSERT INTO chat(username, gameID, message) values("GraceGabrielson92", 46, "Hey, I'll bring a ball!1");
INSERT INTO chat(username, gameID, message) values("SarahGoldman38", 47, "We still on?0");
INSERT INTO chat(username, gameID, message) values("SarahMitchell61", 47, "I'll bring some snacks!1");
INSERT INTO chat(username, gameID, message) values("GraceReiss44", 47, "I'll bring some snacks!2");
INSERT INTO chat(username, gameID, message) values("BobCohen43", 47, "Just got here and its busy so we can't play. Sorry!3");
INSERT INTO chat(username, gameID, message) values("MarkMitchell72", 47, "See you all in 10.4");
INSERT INTO chat(username, gameID, message) values("AllisonJohnson74", 47, "Just realized it's raining, so let's cancel?5");
INSERT INTO chat(username, gameID, message) values("KatieMitchell57", 47, "Ay where the dank memes at?6");
INSERT INTO chat(username, gameID, message) values("TimmothyMitchell68", 47, "Ay where the dank memes at?7");
INSERT INTO chat(username, gameID, message) values("JenniferReiss90", 48, "Just realized it's raining, so let's cancel?0");
INSERT INTO chat(username, gameID, message) values("MarkSmith28", 48, "I'll bring some snacks!1");
INSERT INTO chat(username, gameID, message) values("JonathanRenninger59", 49, "Just got here and its busy so we can't play. Sorry!0");
INSERT INTO chat(username, gameID, message) values("MarkBanbury15", 49, "Ay where the dank memes at?1");
INSERT INTO chat(username, gameID, message) values("MarkCarter96", 49, "Yo we should totally listen to some dank beats while we sports2");
INSERT INTO chat(username, gameID, message) values("JohnMitchell83", 49, "We still on?3");
INSERT INTO chat(username, gameID, message) values("MarkCarter9", 49, "Yo we should totally listen to some dank beats while we sports4");
INSERT INTO chat(username, gameID, message) values("MarkCarter20", 50, "I'll bring some snacks!0");
INSERT INTO chat(username, gameID, message) values("TimmothyCarter95", 50, "I'll bring some snacks!1");
INSERT INTO chat(username, gameID, message) values("AllisonHansen32", 50, "Yo we should totally listen to some dank beats while we sports2");
INSERT INTO chat(username, gameID, message) values("AllisonCohen6", 50, "I'll bring some snacks!3");
