DROP DATABASE IF EXISTS pickup;

CREATE DATABASE pickup;

USE pickup;

CREATE TABLE user(
name VARCHAR(100),
id INT auto_increment PRIMARY KEY,
salt VARCHAR(256),
hash VARCHAR(64),
email VARCHAR(100)
);

CREATE TABLE login(
login DATETIME,
username VARCHAR(100),
PRIMARY KEY(login, username)
);

CREATE TABLE session(
username VARCHAR(100),
sessionKey VARCHAR(256)
);

CREATE TABLE chat(
chatID INT auto_increment PRIMARY KEY,
username VARCHAR(100),
gameID INT,
message VARCHAR(1000),
time TIME
);

CREATE TABLE friend(
friender VARCHAR(100),
friendee VARCHAR(100),
PRIMARY KEY(friender, friendee)
);

CREATE TABLE sportPreference(
username VARCHAR(100),
sport VARCHAR(100),
PRIMARY KEY(username, sport)
);

CREATE TABLE game(
id INT PRIMARY KEY auto_increment,
sport VARCHAR(100),
time TIME,
date DATE,
playerCount INT,
location VARCHAR(100),
full TINYINT
);

CREATE TABLE enlist(
playerName VARCHAR(100),
gameID INT,
PRIMARY KEY(playerName, gameID)
);



INSERT INTO user(name, salt, hash) values("KatieGabrielson0","1jo5OFAVDpC6xaEgt8sSuHcOSzo1SnkEVF5jHwD39SJegUlvz8nBLNeJBK6StVPCKzNNxUpOToQojUW304fW5gjniSqWejeBxo6Xtlgb0qIWW4vYoRYIIPRph8YwiW1mSxZ6sahYlfruDA52wtwPw82I9EVnEul7jRMbbFGFD2NDNW3AinEFt5sqMa84tKK0V9JJyRe4FY7yFTOVjSMV41WF2srbI3k0QVGoEaQ7r0tijCBnXil4QVwQ0ya1FW3g","d528cbceddde5d3cbc0f6f3b841a48e10d35fd84eea400959a2bc450c19d1a2f");
INSERT INTO user(name, salt, hash) values("BobKhan1","1jo5OFAVDpC6xaEgt8sSuHcOSzo1SnkEVF5jHwD39SJegUlvz8nBLNeJBK6StVPCKzNNxUpOToQojUW304fW5gjniSqWejeBxo6Xtlgb0qIWW4vYoRYIIPRph8YwiW1mSxZ6sahYlfruDA52wtwPw82I9EVnEul7jRMbbFGFD2NDNW3AinEFt5sqMa84tKK0V9JJyRe4FY7yFTOVjSMV41WF2srbI3k0QVGoEaQ7r0tijCBnXil4QVwQ0ya1FW3g","d528cbceddde5d3cbc0f6f3b841a48e10d35fd84eea400959a2bc450c19d1a2f");
INSERT INTO user(name, salt, hash) values("JohnBanbury2","1jo5OFAVDpC6xaEgt8sSuHcOSzo1SnkEVF5jHwD39SJegUlvz8nBLNeJBK6StVPCKzNNxUpOToQojUW304fW5gjniSqWejeBxo6Xtlgb0qIWW4vYoRYIIPRph8YwiW1mSxZ6sahYlfruDA52wtwPw82I9EVnEul7jRMbbFGFD2NDNW3AinEFt5sqMa84tKK0V9JJyRe4FY7yFTOVjSMV41WF2srbI3k0QVGoEaQ7r0tijCBnXil4QVwQ0ya1FW3g","d528cbceddde5d3cbc0f6f3b841a48e10d35fd84eea400959a2bc450c19d1a2f");
INSERT INTO user(name, salt, hash) values("JenniferGoldman3","1jo5OFAVDpC6xaEgt8sSuHcOSzo1SnkEVF5jHwD39SJegUlvz8nBLNeJBK6StVPCKzNNxUpOToQojUW304fW5gjniSqWejeBxo6Xtlgb0qIWW4vYoRYIIPRph8YwiW1mSxZ6sahYlfruDA52wtwPw82I9EVnEul7jRMbbFGFD2NDNW3AinEFt5sqMa84tKK0V9JJyRe4FY7yFTOVjSMV41WF2srbI3k0QVGoEaQ7r0tijCBnXil4QVwQ0ya1FW3g","d528cbceddde5d3cbc0f6f3b841a48e10d35fd84eea400959a2bc450c19d1a2f");
INSERT INTO user(name, salt, hash) values("JackGoldman4","1jo5OFAVDpC6xaEgt8sSuHcOSzo1SnkEVF5jHwD39SJegUlvz8nBLNeJBK6StVPCKzNNxUpOToQojUW304fW5gjniSqWejeBxo6Xtlgb0qIWW4vYoRYIIPRph8YwiW1mSxZ6sahYlfruDA52wtwPw82I9EVnEul7jRMbbFGFD2NDNW3AinEFt5sqMa84tKK0V9JJyRe4FY7yFTOVjSMV41WF2srbI3k0QVGoEaQ7r0tijCBnXil4QVwQ0ya1FW3g","d528cbceddde5d3cbc0f6f3b841a48e10d35fd84eea400959a2bc450c19d1a2f");
INSERT INTO user(name, salt, hash) values("BobCohen5","1jo5OFAVDpC6xaEgt8sSuHcOSzo1SnkEVF5jHwD39SJegUlvz8nBLNeJBK6StVPCKzNNxUpOToQojUW304fW5gjniSqWejeBxo6Xtlgb0qIWW4vYoRYIIPRph8YwiW1mSxZ6sahYlfruDA52wtwPw82I9EVnEul7jRMbbFGFD2NDNW3AinEFt5sqMa84tKK0V9JJyRe4FY7yFTOVjSMV41WF2srbI3k0QVGoEaQ7r0tijCBnXil4QVwQ0ya1FW3g","d528cbceddde5d3cbc0f6f3b841a48e10d35fd84eea400959a2bc450c19d1a2f");
INSERT INTO user(name, salt, hash) values("MaryMitchell6","1jo5OFAVDpC6xaEgt8sSuHcOSzo1SnkEVF5jHwD39SJegUlvz8nBLNeJBK6StVPCKzNNxUpOToQojUW304fW5gjniSqWejeBxo6Xtlgb0qIWW4vYoRYIIPRph8YwiW1mSxZ6sahYlfruDA52wtwPw82I9EVnEul7jRMbbFGFD2NDNW3AinEFt5sqMa84tKK0V9JJyRe4FY7yFTOVjSMV41WF2srbI3k0QVGoEaQ7r0tijCBnXil4QVwQ0ya1FW3g","d528cbceddde5d3cbc0f6f3b841a48e10d35fd84eea400959a2bc450c19d1a2f");
INSERT INTO user(name, salt, hash) values("GraceHansen7","1jo5OFAVDpC6xaEgt8sSuHcOSzo1SnkEVF5jHwD39SJegUlvz8nBLNeJBK6StVPCKzNNxUpOToQojUW304fW5gjniSqWejeBxo6Xtlgb0qIWW4vYoRYIIPRph8YwiW1mSxZ6sahYlfruDA52wtwPw82I9EVnEul7jRMbbFGFD2NDNW3AinEFt5sqMa84tKK0V9JJyRe4FY7yFTOVjSMV41WF2srbI3k0QVGoEaQ7r0tijCBnXil4QVwQ0ya1FW3g","d528cbceddde5d3cbc0f6f3b841a48e10d35fd84eea400959a2bc450c19d1a2f");
INSERT INTO user(name, salt, hash) values("SarahGoldman8","1jo5OFAVDpC6xaEgt8sSuHcOSzo1SnkEVF5jHwD39SJegUlvz8nBLNeJBK6StVPCKzNNxUpOToQojUW304fW5gjniSqWejeBxo6Xtlgb0qIWW4vYoRYIIPRph8YwiW1mSxZ6sahYlfruDA52wtwPw82I9EVnEul7jRMbbFGFD2NDNW3AinEFt5sqMa84tKK0V9JJyRe4FY7yFTOVjSMV41WF2srbI3k0QVGoEaQ7r0tijCBnXil4QVwQ0ya1FW3g","d528cbceddde5d3cbc0f6f3b841a48e10d35fd84eea400959a2bc450c19d1a2f");
INSERT INTO user(name, salt, hash) values("AllisonStenbit9","1jo5OFAVDpC6xaEgt8sSuHcOSzo1SnkEVF5jHwD39SJegUlvz8nBLNeJBK6StVPCKzNNxUpOToQojUW304fW5gjniSqWejeBxo6Xtlgb0qIWW4vYoRYIIPRph8YwiW1mSxZ6sahYlfruDA52wtwPw82I9EVnEul7jRMbbFGFD2NDNW3AinEFt5sqMa84tKK0V9JJyRe4FY7yFTOVjSMV41WF2srbI3k0QVGoEaQ7r0tijCBnXil4QVwQ0ya1FW3g","d528cbceddde5d3cbc0f6f3b841a48e10d35fd84eea400959a2bc450c19d1a2f");
INSERT INTO user(name, salt, hash) values("BobStenbit10","1jo5OFAVDpC6xaEgt8sSuHcOSzo1SnkEVF5jHwD39SJegUlvz8nBLNeJBK6StVPCKzNNxUpOToQojUW304fW5gjniSqWejeBxo6Xtlgb0qIWW4vYoRYIIPRph8YwiW1mSxZ6sahYlfruDA52wtwPw82I9EVnEul7jRMbbFGFD2NDNW3AinEFt5sqMa84tKK0V9JJyRe4FY7yFTOVjSMV41WF2srbI3k0QVGoEaQ7r0tijCBnXil4QVwQ0ya1FW3g","d528cbceddde5d3cbc0f6f3b841a48e10d35fd84eea400959a2bc450c19d1a2f");
INSERT INTO user(name, salt, hash) values("SarahHansen11","1jo5OFAVDpC6xaEgt8sSuHcOSzo1SnkEVF5jHwD39SJegUlvz8nBLNeJBK6StVPCKzNNxUpOToQojUW304fW5gjniSqWejeBxo6Xtlgb0qIWW4vYoRYIIPRph8YwiW1mSxZ6sahYlfruDA52wtwPw82I9EVnEul7jRMbbFGFD2NDNW3AinEFt5sqMa84tKK0V9JJyRe4FY7yFTOVjSMV41WF2srbI3k0QVGoEaQ7r0tijCBnXil4QVwQ0ya1FW3g","d528cbceddde5d3cbc0f6f3b841a48e10d35fd84eea400959a2bc450c19d1a2f");
INSERT INTO user(name, salt, hash) values("BobRenninger12","1jo5OFAVDpC6xaEgt8sSuHcOSzo1SnkEVF5jHwD39SJegUlvz8nBLNeJBK6StVPCKzNNxUpOToQojUW304fW5gjniSqWejeBxo6Xtlgb0qIWW4vYoRYIIPRph8YwiW1mSxZ6sahYlfruDA52wtwPw82I9EVnEul7jRMbbFGFD2NDNW3AinEFt5sqMa84tKK0V9JJyRe4FY7yFTOVjSMV41WF2srbI3k0QVGoEaQ7r0tijCBnXil4QVwQ0ya1FW3g","d528cbceddde5d3cbc0f6f3b841a48e10d35fd84eea400959a2bc450c19d1a2f");
INSERT INTO user(name, salt, hash) values("JohnCohen13","1jo5OFAVDpC6xaEgt8sSuHcOSzo1SnkEVF5jHwD39SJegUlvz8nBLNeJBK6StVPCKzNNxUpOToQojUW304fW5gjniSqWejeBxo6Xtlgb0qIWW4vYoRYIIPRph8YwiW1mSxZ6sahYlfruDA52wtwPw82I9EVnEul7jRMbbFGFD2NDNW3AinEFt5sqMa84tKK0V9JJyRe4FY7yFTOVjSMV41WF2srbI3k0QVGoEaQ7r0tijCBnXil4QVwQ0ya1FW3g","d528cbceddde5d3cbc0f6f3b841a48e10d35fd84eea400959a2bc450c19d1a2f");
INSERT INTO user(name, salt, hash) values("SarahMitchell14","1jo5OFAVDpC6xaEgt8sSuHcOSzo1SnkEVF5jHwD39SJegUlvz8nBLNeJBK6StVPCKzNNxUpOToQojUW304fW5gjniSqWejeBxo6Xtlgb0qIWW4vYoRYIIPRph8YwiW1mSxZ6sahYlfruDA52wtwPw82I9EVnEul7jRMbbFGFD2NDNW3AinEFt5sqMa84tKK0V9JJyRe4FY7yFTOVjSMV41WF2srbI3k0QVGoEaQ7r0tijCBnXil4QVwQ0ya1FW3g","d528cbceddde5d3cbc0f6f3b841a48e10d35fd84eea400959a2bc450c19d1a2f");
INSERT INTO user(name, salt, hash) values("PaigeBanbury15","1jo5OFAVDpC6xaEgt8sSuHcOSzo1SnkEVF5jHwD39SJegUlvz8nBLNeJBK6StVPCKzNNxUpOToQojUW304fW5gjniSqWejeBxo6Xtlgb0qIWW4vYoRYIIPRph8YwiW1mSxZ6sahYlfruDA52wtwPw82I9EVnEul7jRMbbFGFD2NDNW3AinEFt5sqMa84tKK0V9JJyRe4FY7yFTOVjSMV41WF2srbI3k0QVGoEaQ7r0tijCBnXil4QVwQ0ya1FW3g","d528cbceddde5d3cbc0f6f3b841a48e10d35fd84eea400959a2bc450c19d1a2f");
INSERT INTO user(name, salt, hash) values("TomCohen16","1jo5OFAVDpC6xaEgt8sSuHcOSzo1SnkEVF5jHwD39SJegUlvz8nBLNeJBK6StVPCKzNNxUpOToQojUW304fW5gjniSqWejeBxo6Xtlgb0qIWW4vYoRYIIPRph8YwiW1mSxZ6sahYlfruDA52wtwPw82I9EVnEul7jRMbbFGFD2NDNW3AinEFt5sqMa84tKK0V9JJyRe4FY7yFTOVjSMV41WF2srbI3k0QVGoEaQ7r0tijCBnXil4QVwQ0ya1FW3g","d528cbceddde5d3cbc0f6f3b841a48e10d35fd84eea400959a2bc450c19d1a2f");
INSERT INTO user(name, salt, hash) values("TomHansen17","1jo5OFAVDpC6xaEgt8sSuHcOSzo1SnkEVF5jHwD39SJegUlvz8nBLNeJBK6StVPCKzNNxUpOToQojUW304fW5gjniSqWejeBxo6Xtlgb0qIWW4vYoRYIIPRph8YwiW1mSxZ6sahYlfruDA52wtwPw82I9EVnEul7jRMbbFGFD2NDNW3AinEFt5sqMa84tKK0V9JJyRe4FY7yFTOVjSMV41WF2srbI3k0QVGoEaQ7r0tijCBnXil4QVwQ0ya1FW3g","d528cbceddde5d3cbc0f6f3b841a48e10d35fd84eea400959a2bc450c19d1a2f");
INSERT INTO user(name, salt, hash) values("JonathanJohnson18","1jo5OFAVDpC6xaEgt8sSuHcOSzo1SnkEVF5jHwD39SJegUlvz8nBLNeJBK6StVPCKzNNxUpOToQojUW304fW5gjniSqWejeBxo6Xtlgb0qIWW4vYoRYIIPRph8YwiW1mSxZ6sahYlfruDA52wtwPw82I9EVnEul7jRMbbFGFD2NDNW3AinEFt5sqMa84tKK0V9JJyRe4FY7yFTOVjSMV41WF2srbI3k0QVGoEaQ7r0tijCBnXil4QVwQ0ya1FW3g","d528cbceddde5d3cbc0f6f3b841a48e10d35fd84eea400959a2bc450c19d1a2f");
INSERT INTO user(name, salt, hash) values("JackBanbury19","1jo5OFAVDpC6xaEgt8sSuHcOSzo1SnkEVF5jHwD39SJegUlvz8nBLNeJBK6StVPCKzNNxUpOToQojUW304fW5gjniSqWejeBxo6Xtlgb0qIWW4vYoRYIIPRph8YwiW1mSxZ6sahYlfruDA52wtwPw82I9EVnEul7jRMbbFGFD2NDNW3AinEFt5sqMa84tKK0V9JJyRe4FY7yFTOVjSMV41WF2srbI3k0QVGoEaQ7r0tijCBnXil4QVwQ0ya1FW3g","d528cbceddde5d3cbc0f6f3b841a48e10d35fd84eea400959a2bc450c19d1a2f");
INSERT INTO user(name, salt, hash) values("MattRenninger20","1jo5OFAVDpC6xaEgt8sSuHcOSzo1SnkEVF5jHwD39SJegUlvz8nBLNeJBK6StVPCKzNNxUpOToQojUW304fW5gjniSqWejeBxo6Xtlgb0qIWW4vYoRYIIPRph8YwiW1mSxZ6sahYlfruDA52wtwPw82I9EVnEul7jRMbbFGFD2NDNW3AinEFt5sqMa84tKK0V9JJyRe4FY7yFTOVjSMV41WF2srbI3k0QVGoEaQ7r0tijCBnXil4QVwQ0ya1FW3g","d528cbceddde5d3cbc0f6f3b841a48e10d35fd84eea400959a2bc450c19d1a2f");
INSERT INTO user(name, salt, hash) values("MattCarter21","1jo5OFAVDpC6xaEgt8sSuHcOSzo1SnkEVF5jHwD39SJegUlvz8nBLNeJBK6StVPCKzNNxUpOToQojUW304fW5gjniSqWejeBxo6Xtlgb0qIWW4vYoRYIIPRph8YwiW1mSxZ6sahYlfruDA52wtwPw82I9EVnEul7jRMbbFGFD2NDNW3AinEFt5sqMa84tKK0V9JJyRe4FY7yFTOVjSMV41WF2srbI3k0QVGoEaQ7r0tijCBnXil4QVwQ0ya1FW3g","d528cbceddde5d3cbc0f6f3b841a48e10d35fd84eea400959a2bc450c19d1a2f");
INSERT INTO user(name, salt, hash) values("MattGoldman22","1jo5OFAVDpC6xaEgt8sSuHcOSzo1SnkEVF5jHwD39SJegUlvz8nBLNeJBK6StVPCKzNNxUpOToQojUW304fW5gjniSqWejeBxo6Xtlgb0qIWW4vYoRYIIPRph8YwiW1mSxZ6sahYlfruDA52wtwPw82I9EVnEul7jRMbbFGFD2NDNW3AinEFt5sqMa84tKK0V9JJyRe4FY7yFTOVjSMV41WF2srbI3k0QVGoEaQ7r0tijCBnXil4QVwQ0ya1FW3g","d528cbceddde5d3cbc0f6f3b841a48e10d35fd84eea400959a2bc450c19d1a2f");
INSERT INTO user(name, salt, hash) values("JohnMitchell23","1jo5OFAVDpC6xaEgt8sSuHcOSzo1SnkEVF5jHwD39SJegUlvz8nBLNeJBK6StVPCKzNNxUpOToQojUW304fW5gjniSqWejeBxo6Xtlgb0qIWW4vYoRYIIPRph8YwiW1mSxZ6sahYlfruDA52wtwPw82I9EVnEul7jRMbbFGFD2NDNW3AinEFt5sqMa84tKK0V9JJyRe4FY7yFTOVjSMV41WF2srbI3k0QVGoEaQ7r0tijCBnXil4QVwQ0ya1FW3g","d528cbceddde5d3cbc0f6f3b841a48e10d35fd84eea400959a2bc450c19d1a2f");
INSERT INTO user(name, salt, hash) values("PaigeKhan24","1jo5OFAVDpC6xaEgt8sSuHcOSzo1SnkEVF5jHwD39SJegUlvz8nBLNeJBK6StVPCKzNNxUpOToQojUW304fW5gjniSqWejeBxo6Xtlgb0qIWW4vYoRYIIPRph8YwiW1mSxZ6sahYlfruDA52wtwPw82I9EVnEul7jRMbbFGFD2NDNW3AinEFt5sqMa84tKK0V9JJyRe4FY7yFTOVjSMV41WF2srbI3k0QVGoEaQ7r0tijCBnXil4QVwQ0ya1FW3g","d528cbceddde5d3cbc0f6f3b841a48e10d35fd84eea400959a2bc450c19d1a2f");
INSERT INTO user(name, salt, hash) values("PaigeSmith25","1jo5OFAVDpC6xaEgt8sSuHcOSzo1SnkEVF5jHwD39SJegUlvz8nBLNeJBK6StVPCKzNNxUpOToQojUW304fW5gjniSqWejeBxo6Xtlgb0qIWW4vYoRYIIPRph8YwiW1mSxZ6sahYlfruDA52wtwPw82I9EVnEul7jRMbbFGFD2NDNW3AinEFt5sqMa84tKK0V9JJyRe4FY7yFTOVjSMV41WF2srbI3k0QVGoEaQ7r0tijCBnXil4QVwQ0ya1FW3g","d528cbceddde5d3cbc0f6f3b841a48e10d35fd84eea400959a2bc450c19d1a2f");
INSERT INTO user(name, salt, hash) values("MattJohnson26","1jo5OFAVDpC6xaEgt8sSuHcOSzo1SnkEVF5jHwD39SJegUlvz8nBLNeJBK6StVPCKzNNxUpOToQojUW304fW5gjniSqWejeBxo6Xtlgb0qIWW4vYoRYIIPRph8YwiW1mSxZ6sahYlfruDA52wtwPw82I9EVnEul7jRMbbFGFD2NDNW3AinEFt5sqMa84tKK0V9JJyRe4FY7yFTOVjSMV41WF2srbI3k0QVGoEaQ7r0tijCBnXil4QVwQ0ya1FW3g","d528cbceddde5d3cbc0f6f3b841a48e10d35fd84eea400959a2bc450c19d1a2f");
INSERT INTO user(name, salt, hash) values("KatieMitchell27","1jo5OFAVDpC6xaEgt8sSuHcOSzo1SnkEVF5jHwD39SJegUlvz8nBLNeJBK6StVPCKzNNxUpOToQojUW304fW5gjniSqWejeBxo6Xtlgb0qIWW4vYoRYIIPRph8YwiW1mSxZ6sahYlfruDA52wtwPw82I9EVnEul7jRMbbFGFD2NDNW3AinEFt5sqMa84tKK0V9JJyRe4FY7yFTOVjSMV41WF2srbI3k0QVGoEaQ7r0tijCBnXil4QVwQ0ya1FW3g","d528cbceddde5d3cbc0f6f3b841a48e10d35fd84eea400959a2bc450c19d1a2f");
INSERT INTO user(name, salt, hash) values("PaigeMitchell28","1jo5OFAVDpC6xaEgt8sSuHcOSzo1SnkEVF5jHwD39SJegUlvz8nBLNeJBK6StVPCKzNNxUpOToQojUW304fW5gjniSqWejeBxo6Xtlgb0qIWW4vYoRYIIPRph8YwiW1mSxZ6sahYlfruDA52wtwPw82I9EVnEul7jRMbbFGFD2NDNW3AinEFt5sqMa84tKK0V9JJyRe4FY7yFTOVjSMV41WF2srbI3k0QVGoEaQ7r0tijCBnXil4QVwQ0ya1FW3g","d528cbceddde5d3cbc0f6f3b841a48e10d35fd84eea400959a2bc450c19d1a2f");
INSERT INTO user(name, salt, hash) values("BobFontenot29","1jo5OFAVDpC6xaEgt8sSuHcOSzo1SnkEVF5jHwD39SJegUlvz8nBLNeJBK6StVPCKzNNxUpOToQojUW304fW5gjniSqWejeBxo6Xtlgb0qIWW4vYoRYIIPRph8YwiW1mSxZ6sahYlfruDA52wtwPw82I9EVnEul7jRMbbFGFD2NDNW3AinEFt5sqMa84tKK0V9JJyRe4FY7yFTOVjSMV41WF2srbI3k0QVGoEaQ7r0tijCBnXil4QVwQ0ya1FW3g","d528cbceddde5d3cbc0f6f3b841a48e10d35fd84eea400959a2bc450c19d1a2f");
INSERT INTO user(name, salt, hash) values("BobHansen30","1jo5OFAVDpC6xaEgt8sSuHcOSzo1SnkEVF5jHwD39SJegUlvz8nBLNeJBK6StVPCKzNNxUpOToQojUW304fW5gjniSqWejeBxo6Xtlgb0qIWW4vYoRYIIPRph8YwiW1mSxZ6sahYlfruDA52wtwPw82I9EVnEul7jRMbbFGFD2NDNW3AinEFt5sqMa84tKK0V9JJyRe4FY7yFTOVjSMV41WF2srbI3k0QVGoEaQ7r0tijCBnXil4QVwQ0ya1FW3g","d528cbceddde5d3cbc0f6f3b841a48e10d35fd84eea400959a2bc450c19d1a2f");
INSERT INTO user(name, salt, hash) values("SarahKhan31","1jo5OFAVDpC6xaEgt8sSuHcOSzo1SnkEVF5jHwD39SJegUlvz8nBLNeJBK6StVPCKzNNxUpOToQojUW304fW5gjniSqWejeBxo6Xtlgb0qIWW4vYoRYIIPRph8YwiW1mSxZ6sahYlfruDA52wtwPw82I9EVnEul7jRMbbFGFD2NDNW3AinEFt5sqMa84tKK0V9JJyRe4FY7yFTOVjSMV41WF2srbI3k0QVGoEaQ7r0tijCBnXil4QVwQ0ya1FW3g","d528cbceddde5d3cbc0f6f3b841a48e10d35fd84eea400959a2bc450c19d1a2f");
INSERT INTO user(name, salt, hash) values("TomStenbit32","1jo5OFAVDpC6xaEgt8sSuHcOSzo1SnkEVF5jHwD39SJegUlvz8nBLNeJBK6StVPCKzNNxUpOToQojUW304fW5gjniSqWejeBxo6Xtlgb0qIWW4vYoRYIIPRph8YwiW1mSxZ6sahYlfruDA52wtwPw82I9EVnEul7jRMbbFGFD2NDNW3AinEFt5sqMa84tKK0V9JJyRe4FY7yFTOVjSMV41WF2srbI3k0QVGoEaQ7r0tijCBnXil4QVwQ0ya1FW3g","d528cbceddde5d3cbc0f6f3b841a48e10d35fd84eea400959a2bc450c19d1a2f");
INSERT INTO user(name, salt, hash) values("SarahGabrielson33","1jo5OFAVDpC6xaEgt8sSuHcOSzo1SnkEVF5jHwD39SJegUlvz8nBLNeJBK6StVPCKzNNxUpOToQojUW304fW5gjniSqWejeBxo6Xtlgb0qIWW4vYoRYIIPRph8YwiW1mSxZ6sahYlfruDA52wtwPw82I9EVnEul7jRMbbFGFD2NDNW3AinEFt5sqMa84tKK0V9JJyRe4FY7yFTOVjSMV41WF2srbI3k0QVGoEaQ7r0tijCBnXil4QVwQ0ya1FW3g","d528cbceddde5d3cbc0f6f3b841a48e10d35fd84eea400959a2bc450c19d1a2f");
INSERT INTO user(name, salt, hash) values("GraceSmith34","1jo5OFAVDpC6xaEgt8sSuHcOSzo1SnkEVF5jHwD39SJegUlvz8nBLNeJBK6StVPCKzNNxUpOToQojUW304fW5gjniSqWejeBxo6Xtlgb0qIWW4vYoRYIIPRph8YwiW1mSxZ6sahYlfruDA52wtwPw82I9EVnEul7jRMbbFGFD2NDNW3AinEFt5sqMa84tKK0V9JJyRe4FY7yFTOVjSMV41WF2srbI3k0QVGoEaQ7r0tijCBnXil4QVwQ0ya1FW3g","d528cbceddde5d3cbc0f6f3b841a48e10d35fd84eea400959a2bc450c19d1a2f");
INSERT INTO user(name, salt, hash) values("JohnJohnson35","1jo5OFAVDpC6xaEgt8sSuHcOSzo1SnkEVF5jHwD39SJegUlvz8nBLNeJBK6StVPCKzNNxUpOToQojUW304fW5gjniSqWejeBxo6Xtlgb0qIWW4vYoRYIIPRph8YwiW1mSxZ6sahYlfruDA52wtwPw82I9EVnEul7jRMbbFGFD2NDNW3AinEFt5sqMa84tKK0V9JJyRe4FY7yFTOVjSMV41WF2srbI3k0QVGoEaQ7r0tijCBnXil4QVwQ0ya1FW3g","d528cbceddde5d3cbc0f6f3b841a48e10d35fd84eea400959a2bc450c19d1a2f");
INSERT INTO user(name, salt, hash) values("BobSmith36","1jo5OFAVDpC6xaEgt8sSuHcOSzo1SnkEVF5jHwD39SJegUlvz8nBLNeJBK6StVPCKzNNxUpOToQojUW304fW5gjniSqWejeBxo6Xtlgb0qIWW4vYoRYIIPRph8YwiW1mSxZ6sahYlfruDA52wtwPw82I9EVnEul7jRMbbFGFD2NDNW3AinEFt5sqMa84tKK0V9JJyRe4FY7yFTOVjSMV41WF2srbI3k0QVGoEaQ7r0tijCBnXil4QVwQ0ya1FW3g","d528cbceddde5d3cbc0f6f3b841a48e10d35fd84eea400959a2bc450c19d1a2f");
INSERT INTO user(name, salt, hash) values("BenBanbury37","1jo5OFAVDpC6xaEgt8sSuHcOSzo1SnkEVF5jHwD39SJegUlvz8nBLNeJBK6StVPCKzNNxUpOToQojUW304fW5gjniSqWejeBxo6Xtlgb0qIWW4vYoRYIIPRph8YwiW1mSxZ6sahYlfruDA52wtwPw82I9EVnEul7jRMbbFGFD2NDNW3AinEFt5sqMa84tKK0V9JJyRe4FY7yFTOVjSMV41WF2srbI3k0QVGoEaQ7r0tijCBnXil4QVwQ0ya1FW3g","d528cbceddde5d3cbc0f6f3b841a48e10d35fd84eea400959a2bc450c19d1a2f");
INSERT INTO user(name, salt, hash) values("PaigeFontenot38","1jo5OFAVDpC6xaEgt8sSuHcOSzo1SnkEVF5jHwD39SJegUlvz8nBLNeJBK6StVPCKzNNxUpOToQojUW304fW5gjniSqWejeBxo6Xtlgb0qIWW4vYoRYIIPRph8YwiW1mSxZ6sahYlfruDA52wtwPw82I9EVnEul7jRMbbFGFD2NDNW3AinEFt5sqMa84tKK0V9JJyRe4FY7yFTOVjSMV41WF2srbI3k0QVGoEaQ7r0tijCBnXil4QVwQ0ya1FW3g","d528cbceddde5d3cbc0f6f3b841a48e10d35fd84eea400959a2bc450c19d1a2f");
INSERT INTO user(name, salt, hash) values("TimmothyStenbit39","1jo5OFAVDpC6xaEgt8sSuHcOSzo1SnkEVF5jHwD39SJegUlvz8nBLNeJBK6StVPCKzNNxUpOToQojUW304fW5gjniSqWejeBxo6Xtlgb0qIWW4vYoRYIIPRph8YwiW1mSxZ6sahYlfruDA52wtwPw82I9EVnEul7jRMbbFGFD2NDNW3AinEFt5sqMa84tKK0V9JJyRe4FY7yFTOVjSMV41WF2srbI3k0QVGoEaQ7r0tijCBnXil4QVwQ0ya1FW3g","d528cbceddde5d3cbc0f6f3b841a48e10d35fd84eea400959a2bc450c19d1a2f");
INSERT INTO user(name, salt, hash) values("GraceMitchell40","1jo5OFAVDpC6xaEgt8sSuHcOSzo1SnkEVF5jHwD39SJegUlvz8nBLNeJBK6StVPCKzNNxUpOToQojUW304fW5gjniSqWejeBxo6Xtlgb0qIWW4vYoRYIIPRph8YwiW1mSxZ6sahYlfruDA52wtwPw82I9EVnEul7jRMbbFGFD2NDNW3AinEFt5sqMa84tKK0V9JJyRe4FY7yFTOVjSMV41WF2srbI3k0QVGoEaQ7r0tijCBnXil4QVwQ0ya1FW3g","d528cbceddde5d3cbc0f6f3b841a48e10d35fd84eea400959a2bc450c19d1a2f");
INSERT INTO user(name, salt, hash) values("GraceStenbit41","1jo5OFAVDpC6xaEgt8sSuHcOSzo1SnkEVF5jHwD39SJegUlvz8nBLNeJBK6StVPCKzNNxUpOToQojUW304fW5gjniSqWejeBxo6Xtlgb0qIWW4vYoRYIIPRph8YwiW1mSxZ6sahYlfruDA52wtwPw82I9EVnEul7jRMbbFGFD2NDNW3AinEFt5sqMa84tKK0V9JJyRe4FY7yFTOVjSMV41WF2srbI3k0QVGoEaQ7r0tijCBnXil4QVwQ0ya1FW3g","d528cbceddde5d3cbc0f6f3b841a48e10d35fd84eea400959a2bc450c19d1a2f");
INSERT INTO user(name, salt, hash) values("JackCohen42","1jo5OFAVDpC6xaEgt8sSuHcOSzo1SnkEVF5jHwD39SJegUlvz8nBLNeJBK6StVPCKzNNxUpOToQojUW304fW5gjniSqWejeBxo6Xtlgb0qIWW4vYoRYIIPRph8YwiW1mSxZ6sahYlfruDA52wtwPw82I9EVnEul7jRMbbFGFD2NDNW3AinEFt5sqMa84tKK0V9JJyRe4FY7yFTOVjSMV41WF2srbI3k0QVGoEaQ7r0tijCBnXil4QVwQ0ya1FW3g","d528cbceddde5d3cbc0f6f3b841a48e10d35fd84eea400959a2bc450c19d1a2f");
INSERT INTO user(name, salt, hash) values("JohnHansen43","1jo5OFAVDpC6xaEgt8sSuHcOSzo1SnkEVF5jHwD39SJegUlvz8nBLNeJBK6StVPCKzNNxUpOToQojUW304fW5gjniSqWejeBxo6Xtlgb0qIWW4vYoRYIIPRph8YwiW1mSxZ6sahYlfruDA52wtwPw82I9EVnEul7jRMbbFGFD2NDNW3AinEFt5sqMa84tKK0V9JJyRe4FY7yFTOVjSMV41WF2srbI3k0QVGoEaQ7r0tijCBnXil4QVwQ0ya1FW3g","d528cbceddde5d3cbc0f6f3b841a48e10d35fd84eea400959a2bc450c19d1a2f");
INSERT INTO user(name, salt, hash) values("MaryBanbury44","1jo5OFAVDpC6xaEgt8sSuHcOSzo1SnkEVF5jHwD39SJegUlvz8nBLNeJBK6StVPCKzNNxUpOToQojUW304fW5gjniSqWejeBxo6Xtlgb0qIWW4vYoRYIIPRph8YwiW1mSxZ6sahYlfruDA52wtwPw82I9EVnEul7jRMbbFGFD2NDNW3AinEFt5sqMa84tKK0V9JJyRe4FY7yFTOVjSMV41WF2srbI3k0QVGoEaQ7r0tijCBnXil4QVwQ0ya1FW3g","d528cbceddde5d3cbc0f6f3b841a48e10d35fd84eea400959a2bc450c19d1a2f");
INSERT INTO user(name, salt, hash) values("MattCohen45","1jo5OFAVDpC6xaEgt8sSuHcOSzo1SnkEVF5jHwD39SJegUlvz8nBLNeJBK6StVPCKzNNxUpOToQojUW304fW5gjniSqWejeBxo6Xtlgb0qIWW4vYoRYIIPRph8YwiW1mSxZ6sahYlfruDA52wtwPw82I9EVnEul7jRMbbFGFD2NDNW3AinEFt5sqMa84tKK0V9JJyRe4FY7yFTOVjSMV41WF2srbI3k0QVGoEaQ7r0tijCBnXil4QVwQ0ya1FW3g","d528cbceddde5d3cbc0f6f3b841a48e10d35fd84eea400959a2bc450c19d1a2f");
INSERT INTO user(name, salt, hash) values("AllisonCarter46","1jo5OFAVDpC6xaEgt8sSuHcOSzo1SnkEVF5jHwD39SJegUlvz8nBLNeJBK6StVPCKzNNxUpOToQojUW304fW5gjniSqWejeBxo6Xtlgb0qIWW4vYoRYIIPRph8YwiW1mSxZ6sahYlfruDA52wtwPw82I9EVnEul7jRMbbFGFD2NDNW3AinEFt5sqMa84tKK0V9JJyRe4FY7yFTOVjSMV41WF2srbI3k0QVGoEaQ7r0tijCBnXil4QVwQ0ya1FW3g","d528cbceddde5d3cbc0f6f3b841a48e10d35fd84eea400959a2bc450c19d1a2f");
INSERT INTO user(name, salt, hash) values("JenniferKhan47","1jo5OFAVDpC6xaEgt8sSuHcOSzo1SnkEVF5jHwD39SJegUlvz8nBLNeJBK6StVPCKzNNxUpOToQojUW304fW5gjniSqWejeBxo6Xtlgb0qIWW4vYoRYIIPRph8YwiW1mSxZ6sahYlfruDA52wtwPw82I9EVnEul7jRMbbFGFD2NDNW3AinEFt5sqMa84tKK0V9JJyRe4FY7yFTOVjSMV41WF2srbI3k0QVGoEaQ7r0tijCBnXil4QVwQ0ya1FW3g","d528cbceddde5d3cbc0f6f3b841a48e10d35fd84eea400959a2bc450c19d1a2f");
INSERT INTO user(name, salt, hash) values("JenniferMitchell48","1jo5OFAVDpC6xaEgt8sSuHcOSzo1SnkEVF5jHwD39SJegUlvz8nBLNeJBK6StVPCKzNNxUpOToQojUW304fW5gjniSqWejeBxo6Xtlgb0qIWW4vYoRYIIPRph8YwiW1mSxZ6sahYlfruDA52wtwPw82I9EVnEul7jRMbbFGFD2NDNW3AinEFt5sqMa84tKK0V9JJyRe4FY7yFTOVjSMV41WF2srbI3k0QVGoEaQ7r0tijCBnXil4QVwQ0ya1FW3g","d528cbceddde5d3cbc0f6f3b841a48e10d35fd84eea400959a2bc450c19d1a2f");
INSERT INTO user(name, salt, hash) values("BenFontenot49","1jo5OFAVDpC6xaEgt8sSuHcOSzo1SnkEVF5jHwD39SJegUlvz8nBLNeJBK6StVPCKzNNxUpOToQojUW304fW5gjniSqWejeBxo6Xtlgb0qIWW4vYoRYIIPRph8YwiW1mSxZ6sahYlfruDA52wtwPw82I9EVnEul7jRMbbFGFD2NDNW3AinEFt5sqMa84tKK0V9JJyRe4FY7yFTOVjSMV41WF2srbI3k0QVGoEaQ7r0tijCBnXil4QVwQ0ya1FW3g","d528cbceddde5d3cbc0f6f3b841a48e10d35fd84eea400959a2bc450c19d1a2f");
INSERT INTO user(name, salt, hash) values("MarySmith50","1jo5OFAVDpC6xaEgt8sSuHcOSzo1SnkEVF5jHwD39SJegUlvz8nBLNeJBK6StVPCKzNNxUpOToQojUW304fW5gjniSqWejeBxo6Xtlgb0qIWW4vYoRYIIPRph8YwiW1mSxZ6sahYlfruDA52wtwPw82I9EVnEul7jRMbbFGFD2NDNW3AinEFt5sqMa84tKK0V9JJyRe4FY7yFTOVjSMV41WF2srbI3k0QVGoEaQ7r0tijCBnXil4QVwQ0ya1FW3g","d528cbceddde5d3cbc0f6f3b841a48e10d35fd84eea400959a2bc450c19d1a2f");
INSERT INTO user(name, salt, hash) values("BobJohnson51","1jo5OFAVDpC6xaEgt8sSuHcOSzo1SnkEVF5jHwD39SJegUlvz8nBLNeJBK6StVPCKzNNxUpOToQojUW304fW5gjniSqWejeBxo6Xtlgb0qIWW4vYoRYIIPRph8YwiW1mSxZ6sahYlfruDA52wtwPw82I9EVnEul7jRMbbFGFD2NDNW3AinEFt5sqMa84tKK0V9JJyRe4FY7yFTOVjSMV41WF2srbI3k0QVGoEaQ7r0tijCBnXil4QVwQ0ya1FW3g","d528cbceddde5d3cbc0f6f3b841a48e10d35fd84eea400959a2bc450c19d1a2f");
INSERT INTO user(name, salt, hash) values("JenniferGoldman52","1jo5OFAVDpC6xaEgt8sSuHcOSzo1SnkEVF5jHwD39SJegUlvz8nBLNeJBK6StVPCKzNNxUpOToQojUW304fW5gjniSqWejeBxo6Xtlgb0qIWW4vYoRYIIPRph8YwiW1mSxZ6sahYlfruDA52wtwPw82I9EVnEul7jRMbbFGFD2NDNW3AinEFt5sqMa84tKK0V9JJyRe4FY7yFTOVjSMV41WF2srbI3k0QVGoEaQ7r0tijCBnXil4QVwQ0ya1FW3g","d528cbceddde5d3cbc0f6f3b841a48e10d35fd84eea400959a2bc450c19d1a2f");
INSERT INTO user(name, salt, hash) values("SarahMitchell53","1jo5OFAVDpC6xaEgt8sSuHcOSzo1SnkEVF5jHwD39SJegUlvz8nBLNeJBK6StVPCKzNNxUpOToQojUW304fW5gjniSqWejeBxo6Xtlgb0qIWW4vYoRYIIPRph8YwiW1mSxZ6sahYlfruDA52wtwPw82I9EVnEul7jRMbbFGFD2NDNW3AinEFt5sqMa84tKK0V9JJyRe4FY7yFTOVjSMV41WF2srbI3k0QVGoEaQ7r0tijCBnXil4QVwQ0ya1FW3g","d528cbceddde5d3cbc0f6f3b841a48e10d35fd84eea400959a2bc450c19d1a2f");
INSERT INTO user(name, salt, hash) values("BenRenninger54","1jo5OFAVDpC6xaEgt8sSuHcOSzo1SnkEVF5jHwD39SJegUlvz8nBLNeJBK6StVPCKzNNxUpOToQojUW304fW5gjniSqWejeBxo6Xtlgb0qIWW4vYoRYIIPRph8YwiW1mSxZ6sahYlfruDA52wtwPw82I9EVnEul7jRMbbFGFD2NDNW3AinEFt5sqMa84tKK0V9JJyRe4FY7yFTOVjSMV41WF2srbI3k0QVGoEaQ7r0tijCBnXil4QVwQ0ya1FW3g","d528cbceddde5d3cbc0f6f3b841a48e10d35fd84eea400959a2bc450c19d1a2f");
INSERT INTO user(name, salt, hash) values("MarkKhan55","1jo5OFAVDpC6xaEgt8sSuHcOSzo1SnkEVF5jHwD39SJegUlvz8nBLNeJBK6StVPCKzNNxUpOToQojUW304fW5gjniSqWejeBxo6Xtlgb0qIWW4vYoRYIIPRph8YwiW1mSxZ6sahYlfruDA52wtwPw82I9EVnEul7jRMbbFGFD2NDNW3AinEFt5sqMa84tKK0V9JJyRe4FY7yFTOVjSMV41WF2srbI3k0QVGoEaQ7r0tijCBnXil4QVwQ0ya1FW3g","d528cbceddde5d3cbc0f6f3b841a48e10d35fd84eea400959a2bc450c19d1a2f");
INSERT INTO user(name, salt, hash) values("MaryRenninger56","1jo5OFAVDpC6xaEgt8sSuHcOSzo1SnkEVF5jHwD39SJegUlvz8nBLNeJBK6StVPCKzNNxUpOToQojUW304fW5gjniSqWejeBxo6Xtlgb0qIWW4vYoRYIIPRph8YwiW1mSxZ6sahYlfruDA52wtwPw82I9EVnEul7jRMbbFGFD2NDNW3AinEFt5sqMa84tKK0V9JJyRe4FY7yFTOVjSMV41WF2srbI3k0QVGoEaQ7r0tijCBnXil4QVwQ0ya1FW3g","d528cbceddde5d3cbc0f6f3b841a48e10d35fd84eea400959a2bc450c19d1a2f");
INSERT INTO user(name, salt, hash) values("TomJohnson57","1jo5OFAVDpC6xaEgt8sSuHcOSzo1SnkEVF5jHwD39SJegUlvz8nBLNeJBK6StVPCKzNNxUpOToQojUW304fW5gjniSqWejeBxo6Xtlgb0qIWW4vYoRYIIPRph8YwiW1mSxZ6sahYlfruDA52wtwPw82I9EVnEul7jRMbbFGFD2NDNW3AinEFt5sqMa84tKK0V9JJyRe4FY7yFTOVjSMV41WF2srbI3k0QVGoEaQ7r0tijCBnXil4QVwQ0ya1FW3g","d528cbceddde5d3cbc0f6f3b841a48e10d35fd84eea400959a2bc450c19d1a2f");
INSERT INTO user(name, salt, hash) values("GraceHansen58","1jo5OFAVDpC6xaEgt8sSuHcOSzo1SnkEVF5jHwD39SJegUlvz8nBLNeJBK6StVPCKzNNxUpOToQojUW304fW5gjniSqWejeBxo6Xtlgb0qIWW4vYoRYIIPRph8YwiW1mSxZ6sahYlfruDA52wtwPw82I9EVnEul7jRMbbFGFD2NDNW3AinEFt5sqMa84tKK0V9JJyRe4FY7yFTOVjSMV41WF2srbI3k0QVGoEaQ7r0tijCBnXil4QVwQ0ya1FW3g","d528cbceddde5d3cbc0f6f3b841a48e10d35fd84eea400959a2bc450c19d1a2f");
INSERT INTO user(name, salt, hash) values("JenniferSmith59","1jo5OFAVDpC6xaEgt8sSuHcOSzo1SnkEVF5jHwD39SJegUlvz8nBLNeJBK6StVPCKzNNxUpOToQojUW304fW5gjniSqWejeBxo6Xtlgb0qIWW4vYoRYIIPRph8YwiW1mSxZ6sahYlfruDA52wtwPw82I9EVnEul7jRMbbFGFD2NDNW3AinEFt5sqMa84tKK0V9JJyRe4FY7yFTOVjSMV41WF2srbI3k0QVGoEaQ7r0tijCBnXil4QVwQ0ya1FW3g","d528cbceddde5d3cbc0f6f3b841a48e10d35fd84eea400959a2bc450c19d1a2f");
INSERT INTO user(name, salt, hash) values("JenniferReiss60","1jo5OFAVDpC6xaEgt8sSuHcOSzo1SnkEVF5jHwD39SJegUlvz8nBLNeJBK6StVPCKzNNxUpOToQojUW304fW5gjniSqWejeBxo6Xtlgb0qIWW4vYoRYIIPRph8YwiW1mSxZ6sahYlfruDA52wtwPw82I9EVnEul7jRMbbFGFD2NDNW3AinEFt5sqMa84tKK0V9JJyRe4FY7yFTOVjSMV41WF2srbI3k0QVGoEaQ7r0tijCBnXil4QVwQ0ya1FW3g","d528cbceddde5d3cbc0f6f3b841a48e10d35fd84eea400959a2bc450c19d1a2f");
INSERT INTO user(name, salt, hash) values("KatieGabrielson61","1jo5OFAVDpC6xaEgt8sSuHcOSzo1SnkEVF5jHwD39SJegUlvz8nBLNeJBK6StVPCKzNNxUpOToQojUW304fW5gjniSqWejeBxo6Xtlgb0qIWW4vYoRYIIPRph8YwiW1mSxZ6sahYlfruDA52wtwPw82I9EVnEul7jRMbbFGFD2NDNW3AinEFt5sqMa84tKK0V9JJyRe4FY7yFTOVjSMV41WF2srbI3k0QVGoEaQ7r0tijCBnXil4QVwQ0ya1FW3g","d528cbceddde5d3cbc0f6f3b841a48e10d35fd84eea400959a2bc450c19d1a2f");
INSERT INTO user(name, salt, hash) values("KatieCohen62","1jo5OFAVDpC6xaEgt8sSuHcOSzo1SnkEVF5jHwD39SJegUlvz8nBLNeJBK6StVPCKzNNxUpOToQojUW304fW5gjniSqWejeBxo6Xtlgb0qIWW4vYoRYIIPRph8YwiW1mSxZ6sahYlfruDA52wtwPw82I9EVnEul7jRMbbFGFD2NDNW3AinEFt5sqMa84tKK0V9JJyRe4FY7yFTOVjSMV41WF2srbI3k0QVGoEaQ7r0tijCBnXil4QVwQ0ya1FW3g","d528cbceddde5d3cbc0f6f3b841a48e10d35fd84eea400959a2bc450c19d1a2f");
INSERT INTO user(name, salt, hash) values("MattStenbit63","1jo5OFAVDpC6xaEgt8sSuHcOSzo1SnkEVF5jHwD39SJegUlvz8nBLNeJBK6StVPCKzNNxUpOToQojUW304fW5gjniSqWejeBxo6Xtlgb0qIWW4vYoRYIIPRph8YwiW1mSxZ6sahYlfruDA52wtwPw82I9EVnEul7jRMbbFGFD2NDNW3AinEFt5sqMa84tKK0V9JJyRe4FY7yFTOVjSMV41WF2srbI3k0QVGoEaQ7r0tijCBnXil4QVwQ0ya1FW3g","d528cbceddde5d3cbc0f6f3b841a48e10d35fd84eea400959a2bc450c19d1a2f");
INSERT INTO user(name, salt, hash) values("MaryReiss64","1jo5OFAVDpC6xaEgt8sSuHcOSzo1SnkEVF5jHwD39SJegUlvz8nBLNeJBK6StVPCKzNNxUpOToQojUW304fW5gjniSqWejeBxo6Xtlgb0qIWW4vYoRYIIPRph8YwiW1mSxZ6sahYlfruDA52wtwPw82I9EVnEul7jRMbbFGFD2NDNW3AinEFt5sqMa84tKK0V9JJyRe4FY7yFTOVjSMV41WF2srbI3k0QVGoEaQ7r0tijCBnXil4QVwQ0ya1FW3g","d528cbceddde5d3cbc0f6f3b841a48e10d35fd84eea400959a2bc450c19d1a2f");
INSERT INTO user(name, salt, hash) values("PaigeRenninger65","1jo5OFAVDpC6xaEgt8sSuHcOSzo1SnkEVF5jHwD39SJegUlvz8nBLNeJBK6StVPCKzNNxUpOToQojUW304fW5gjniSqWejeBxo6Xtlgb0qIWW4vYoRYIIPRph8YwiW1mSxZ6sahYlfruDA52wtwPw82I9EVnEul7jRMbbFGFD2NDNW3AinEFt5sqMa84tKK0V9JJyRe4FY7yFTOVjSMV41WF2srbI3k0QVGoEaQ7r0tijCBnXil4QVwQ0ya1FW3g","d528cbceddde5d3cbc0f6f3b841a48e10d35fd84eea400959a2bc450c19d1a2f");
INSERT INTO user(name, salt, hash) values("JohnStenbit66","1jo5OFAVDpC6xaEgt8sSuHcOSzo1SnkEVF5jHwD39SJegUlvz8nBLNeJBK6StVPCKzNNxUpOToQojUW304fW5gjniSqWejeBxo6Xtlgb0qIWW4vYoRYIIPRph8YwiW1mSxZ6sahYlfruDA52wtwPw82I9EVnEul7jRMbbFGFD2NDNW3AinEFt5sqMa84tKK0V9JJyRe4FY7yFTOVjSMV41WF2srbI3k0QVGoEaQ7r0tijCBnXil4QVwQ0ya1FW3g","d528cbceddde5d3cbc0f6f3b841a48e10d35fd84eea400959a2bc450c19d1a2f");
INSERT INTO user(name, salt, hash) values("KatieKhan67","1jo5OFAVDpC6xaEgt8sSuHcOSzo1SnkEVF5jHwD39SJegUlvz8nBLNeJBK6StVPCKzNNxUpOToQojUW304fW5gjniSqWejeBxo6Xtlgb0qIWW4vYoRYIIPRph8YwiW1mSxZ6sahYlfruDA52wtwPw82I9EVnEul7jRMbbFGFD2NDNW3AinEFt5sqMa84tKK0V9JJyRe4FY7yFTOVjSMV41WF2srbI3k0QVGoEaQ7r0tijCBnXil4QVwQ0ya1FW3g","d528cbceddde5d3cbc0f6f3b841a48e10d35fd84eea400959a2bc450c19d1a2f");
INSERT INTO user(name, salt, hash) values("BobGoldman68","1jo5OFAVDpC6xaEgt8sSuHcOSzo1SnkEVF5jHwD39SJegUlvz8nBLNeJBK6StVPCKzNNxUpOToQojUW304fW5gjniSqWejeBxo6Xtlgb0qIWW4vYoRYIIPRph8YwiW1mSxZ6sahYlfruDA52wtwPw82I9EVnEul7jRMbbFGFD2NDNW3AinEFt5sqMa84tKK0V9JJyRe4FY7yFTOVjSMV41WF2srbI3k0QVGoEaQ7r0tijCBnXil4QVwQ0ya1FW3g","d528cbceddde5d3cbc0f6f3b841a48e10d35fd84eea400959a2bc450c19d1a2f");
INSERT INTO user(name, salt, hash) values("AllisonHansen69","1jo5OFAVDpC6xaEgt8sSuHcOSzo1SnkEVF5jHwD39SJegUlvz8nBLNeJBK6StVPCKzNNxUpOToQojUW304fW5gjniSqWejeBxo6Xtlgb0qIWW4vYoRYIIPRph8YwiW1mSxZ6sahYlfruDA52wtwPw82I9EVnEul7jRMbbFGFD2NDNW3AinEFt5sqMa84tKK0V9JJyRe4FY7yFTOVjSMV41WF2srbI3k0QVGoEaQ7r0tijCBnXil4QVwQ0ya1FW3g","d528cbceddde5d3cbc0f6f3b841a48e10d35fd84eea400959a2bc450c19d1a2f");
INSERT INTO user(name, salt, hash) values("BobSmith70","1jo5OFAVDpC6xaEgt8sSuHcOSzo1SnkEVF5jHwD39SJegUlvz8nBLNeJBK6StVPCKzNNxUpOToQojUW304fW5gjniSqWejeBxo6Xtlgb0qIWW4vYoRYIIPRph8YwiW1mSxZ6sahYlfruDA52wtwPw82I9EVnEul7jRMbbFGFD2NDNW3AinEFt5sqMa84tKK0V9JJyRe4FY7yFTOVjSMV41WF2srbI3k0QVGoEaQ7r0tijCBnXil4QVwQ0ya1FW3g","d528cbceddde5d3cbc0f6f3b841a48e10d35fd84eea400959a2bc450c19d1a2f");
INSERT INTO user(name, salt, hash) values("BobJohnson71","1jo5OFAVDpC6xaEgt8sSuHcOSzo1SnkEVF5jHwD39SJegUlvz8nBLNeJBK6StVPCKzNNxUpOToQojUW304fW5gjniSqWejeBxo6Xtlgb0qIWW4vYoRYIIPRph8YwiW1mSxZ6sahYlfruDA52wtwPw82I9EVnEul7jRMbbFGFD2NDNW3AinEFt5sqMa84tKK0V9JJyRe4FY7yFTOVjSMV41WF2srbI3k0QVGoEaQ7r0tijCBnXil4QVwQ0ya1FW3g","d528cbceddde5d3cbc0f6f3b841a48e10d35fd84eea400959a2bc450c19d1a2f");
INSERT INTO user(name, salt, hash) values("JackReiss72","1jo5OFAVDpC6xaEgt8sSuHcOSzo1SnkEVF5jHwD39SJegUlvz8nBLNeJBK6StVPCKzNNxUpOToQojUW304fW5gjniSqWejeBxo6Xtlgb0qIWW4vYoRYIIPRph8YwiW1mSxZ6sahYlfruDA52wtwPw82I9EVnEul7jRMbbFGFD2NDNW3AinEFt5sqMa84tKK0V9JJyRe4FY7yFTOVjSMV41WF2srbI3k0QVGoEaQ7r0tijCBnXil4QVwQ0ya1FW3g","d528cbceddde5d3cbc0f6f3b841a48e10d35fd84eea400959a2bc450c19d1a2f");
INSERT INTO user(name, salt, hash) values("MaryMitchell73","1jo5OFAVDpC6xaEgt8sSuHcOSzo1SnkEVF5jHwD39SJegUlvz8nBLNeJBK6StVPCKzNNxUpOToQojUW304fW5gjniSqWejeBxo6Xtlgb0qIWW4vYoRYIIPRph8YwiW1mSxZ6sahYlfruDA52wtwPw82I9EVnEul7jRMbbFGFD2NDNW3AinEFt5sqMa84tKK0V9JJyRe4FY7yFTOVjSMV41WF2srbI3k0QVGoEaQ7r0tijCBnXil4QVwQ0ya1FW3g","d528cbceddde5d3cbc0f6f3b841a48e10d35fd84eea400959a2bc450c19d1a2f");
INSERT INTO user(name, salt, hash) values("TomCarter74","1jo5OFAVDpC6xaEgt8sSuHcOSzo1SnkEVF5jHwD39SJegUlvz8nBLNeJBK6StVPCKzNNxUpOToQojUW304fW5gjniSqWejeBxo6Xtlgb0qIWW4vYoRYIIPRph8YwiW1mSxZ6sahYlfruDA52wtwPw82I9EVnEul7jRMbbFGFD2NDNW3AinEFt5sqMa84tKK0V9JJyRe4FY7yFTOVjSMV41WF2srbI3k0QVGoEaQ7r0tijCBnXil4QVwQ0ya1FW3g","d528cbceddde5d3cbc0f6f3b841a48e10d35fd84eea400959a2bc450c19d1a2f");
INSERT INTO user(name, salt, hash) values("TomSmith75","1jo5OFAVDpC6xaEgt8sSuHcOSzo1SnkEVF5jHwD39SJegUlvz8nBLNeJBK6StVPCKzNNxUpOToQojUW304fW5gjniSqWejeBxo6Xtlgb0qIWW4vYoRYIIPRph8YwiW1mSxZ6sahYlfruDA52wtwPw82I9EVnEul7jRMbbFGFD2NDNW3AinEFt5sqMa84tKK0V9JJyRe4FY7yFTOVjSMV41WF2srbI3k0QVGoEaQ7r0tijCBnXil4QVwQ0ya1FW3g","d528cbceddde5d3cbc0f6f3b841a48e10d35fd84eea400959a2bc450c19d1a2f");
INSERT INTO user(name, salt, hash) values("PaigeFontenot76","1jo5OFAVDpC6xaEgt8sSuHcOSzo1SnkEVF5jHwD39SJegUlvz8nBLNeJBK6StVPCKzNNxUpOToQojUW304fW5gjniSqWejeBxo6Xtlgb0qIWW4vYoRYIIPRph8YwiW1mSxZ6sahYlfruDA52wtwPw82I9EVnEul7jRMbbFGFD2NDNW3AinEFt5sqMa84tKK0V9JJyRe4FY7yFTOVjSMV41WF2srbI3k0QVGoEaQ7r0tijCBnXil4QVwQ0ya1FW3g","d528cbceddde5d3cbc0f6f3b841a48e10d35fd84eea400959a2bc450c19d1a2f");
INSERT INTO user(name, salt, hash) values("JenniferJohnson77","1jo5OFAVDpC6xaEgt8sSuHcOSzo1SnkEVF5jHwD39SJegUlvz8nBLNeJBK6StVPCKzNNxUpOToQojUW304fW5gjniSqWejeBxo6Xtlgb0qIWW4vYoRYIIPRph8YwiW1mSxZ6sahYlfruDA52wtwPw82I9EVnEul7jRMbbFGFD2NDNW3AinEFt5sqMa84tKK0V9JJyRe4FY7yFTOVjSMV41WF2srbI3k0QVGoEaQ7r0tijCBnXil4QVwQ0ya1FW3g","d528cbceddde5d3cbc0f6f3b841a48e10d35fd84eea400959a2bc450c19d1a2f");
INSERT INTO user(name, salt, hash) values("SarahCarter78","1jo5OFAVDpC6xaEgt8sSuHcOSzo1SnkEVF5jHwD39SJegUlvz8nBLNeJBK6StVPCKzNNxUpOToQojUW304fW5gjniSqWejeBxo6Xtlgb0qIWW4vYoRYIIPRph8YwiW1mSxZ6sahYlfruDA52wtwPw82I9EVnEul7jRMbbFGFD2NDNW3AinEFt5sqMa84tKK0V9JJyRe4FY7yFTOVjSMV41WF2srbI3k0QVGoEaQ7r0tijCBnXil4QVwQ0ya1FW3g","d528cbceddde5d3cbc0f6f3b841a48e10d35fd84eea400959a2bc450c19d1a2f");
INSERT INTO user(name, salt, hash) values("BenCohen79","1jo5OFAVDpC6xaEgt8sSuHcOSzo1SnkEVF5jHwD39SJegUlvz8nBLNeJBK6StVPCKzNNxUpOToQojUW304fW5gjniSqWejeBxo6Xtlgb0qIWW4vYoRYIIPRph8YwiW1mSxZ6sahYlfruDA52wtwPw82I9EVnEul7jRMbbFGFD2NDNW3AinEFt5sqMa84tKK0V9JJyRe4FY7yFTOVjSMV41WF2srbI3k0QVGoEaQ7r0tijCBnXil4QVwQ0ya1FW3g","d528cbceddde5d3cbc0f6f3b841a48e10d35fd84eea400959a2bc450c19d1a2f");
INSERT INTO user(name, salt, hash) values("AllisonGabrielson80","1jo5OFAVDpC6xaEgt8sSuHcOSzo1SnkEVF5jHwD39SJegUlvz8nBLNeJBK6StVPCKzNNxUpOToQojUW304fW5gjniSqWejeBxo6Xtlgb0qIWW4vYoRYIIPRph8YwiW1mSxZ6sahYlfruDA52wtwPw82I9EVnEul7jRMbbFGFD2NDNW3AinEFt5sqMa84tKK0V9JJyRe4FY7yFTOVjSMV41WF2srbI3k0QVGoEaQ7r0tijCBnXil4QVwQ0ya1FW3g","d528cbceddde5d3cbc0f6f3b841a48e10d35fd84eea400959a2bc450c19d1a2f");
INSERT INTO user(name, salt, hash) values("TimmothyStenbit81","1jo5OFAVDpC6xaEgt8sSuHcOSzo1SnkEVF5jHwD39SJegUlvz8nBLNeJBK6StVPCKzNNxUpOToQojUW304fW5gjniSqWejeBxo6Xtlgb0qIWW4vYoRYIIPRph8YwiW1mSxZ6sahYlfruDA52wtwPw82I9EVnEul7jRMbbFGFD2NDNW3AinEFt5sqMa84tKK0V9JJyRe4FY7yFTOVjSMV41WF2srbI3k0QVGoEaQ7r0tijCBnXil4QVwQ0ya1FW3g","d528cbceddde5d3cbc0f6f3b841a48e10d35fd84eea400959a2bc450c19d1a2f");
INSERT INTO user(name, salt, hash) values("JenniferCohen82","1jo5OFAVDpC6xaEgt8sSuHcOSzo1SnkEVF5jHwD39SJegUlvz8nBLNeJBK6StVPCKzNNxUpOToQojUW304fW5gjniSqWejeBxo6Xtlgb0qIWW4vYoRYIIPRph8YwiW1mSxZ6sahYlfruDA52wtwPw82I9EVnEul7jRMbbFGFD2NDNW3AinEFt5sqMa84tKK0V9JJyRe4FY7yFTOVjSMV41WF2srbI3k0QVGoEaQ7r0tijCBnXil4QVwQ0ya1FW3g","d528cbceddde5d3cbc0f6f3b841a48e10d35fd84eea400959a2bc450c19d1a2f");
INSERT INTO user(name, salt, hash) values("KatieFontenot83","1jo5OFAVDpC6xaEgt8sSuHcOSzo1SnkEVF5jHwD39SJegUlvz8nBLNeJBK6StVPCKzNNxUpOToQojUW304fW5gjniSqWejeBxo6Xtlgb0qIWW4vYoRYIIPRph8YwiW1mSxZ6sahYlfruDA52wtwPw82I9EVnEul7jRMbbFGFD2NDNW3AinEFt5sqMa84tKK0V9JJyRe4FY7yFTOVjSMV41WF2srbI3k0QVGoEaQ7r0tijCBnXil4QVwQ0ya1FW3g","d528cbceddde5d3cbc0f6f3b841a48e10d35fd84eea400959a2bc450c19d1a2f");
INSERT INTO user(name, salt, hash) values("PaigeMitchell84","1jo5OFAVDpC6xaEgt8sSuHcOSzo1SnkEVF5jHwD39SJegUlvz8nBLNeJBK6StVPCKzNNxUpOToQojUW304fW5gjniSqWejeBxo6Xtlgb0qIWW4vYoRYIIPRph8YwiW1mSxZ6sahYlfruDA52wtwPw82I9EVnEul7jRMbbFGFD2NDNW3AinEFt5sqMa84tKK0V9JJyRe4FY7yFTOVjSMV41WF2srbI3k0QVGoEaQ7r0tijCBnXil4QVwQ0ya1FW3g","d528cbceddde5d3cbc0f6f3b841a48e10d35fd84eea400959a2bc450c19d1a2f");
INSERT INTO user(name, salt, hash) values("JenniferCarter85","1jo5OFAVDpC6xaEgt8sSuHcOSzo1SnkEVF5jHwD39SJegUlvz8nBLNeJBK6StVPCKzNNxUpOToQojUW304fW5gjniSqWejeBxo6Xtlgb0qIWW4vYoRYIIPRph8YwiW1mSxZ6sahYlfruDA52wtwPw82I9EVnEul7jRMbbFGFD2NDNW3AinEFt5sqMa84tKK0V9JJyRe4FY7yFTOVjSMV41WF2srbI3k0QVGoEaQ7r0tijCBnXil4QVwQ0ya1FW3g","d528cbceddde5d3cbc0f6f3b841a48e10d35fd84eea400959a2bc450c19d1a2f");
INSERT INTO user(name, salt, hash) values("SarahSmith86","1jo5OFAVDpC6xaEgt8sSuHcOSzo1SnkEVF5jHwD39SJegUlvz8nBLNeJBK6StVPCKzNNxUpOToQojUW304fW5gjniSqWejeBxo6Xtlgb0qIWW4vYoRYIIPRph8YwiW1mSxZ6sahYlfruDA52wtwPw82I9EVnEul7jRMbbFGFD2NDNW3AinEFt5sqMa84tKK0V9JJyRe4FY7yFTOVjSMV41WF2srbI3k0QVGoEaQ7r0tijCBnXil4QVwQ0ya1FW3g","d528cbceddde5d3cbc0f6f3b841a48e10d35fd84eea400959a2bc450c19d1a2f");
INSERT INTO user(name, salt, hash) values("JonathanGoldman87","1jo5OFAVDpC6xaEgt8sSuHcOSzo1SnkEVF5jHwD39SJegUlvz8nBLNeJBK6StVPCKzNNxUpOToQojUW304fW5gjniSqWejeBxo6Xtlgb0qIWW4vYoRYIIPRph8YwiW1mSxZ6sahYlfruDA52wtwPw82I9EVnEul7jRMbbFGFD2NDNW3AinEFt5sqMa84tKK0V9JJyRe4FY7yFTOVjSMV41WF2srbI3k0QVGoEaQ7r0tijCBnXil4QVwQ0ya1FW3g","d528cbceddde5d3cbc0f6f3b841a48e10d35fd84eea400959a2bc450c19d1a2f");
INSERT INTO user(name, salt, hash) values("BenGabrielson88","1jo5OFAVDpC6xaEgt8sSuHcOSzo1SnkEVF5jHwD39SJegUlvz8nBLNeJBK6StVPCKzNNxUpOToQojUW304fW5gjniSqWejeBxo6Xtlgb0qIWW4vYoRYIIPRph8YwiW1mSxZ6sahYlfruDA52wtwPw82I9EVnEul7jRMbbFGFD2NDNW3AinEFt5sqMa84tKK0V9JJyRe4FY7yFTOVjSMV41WF2srbI3k0QVGoEaQ7r0tijCBnXil4QVwQ0ya1FW3g","d528cbceddde5d3cbc0f6f3b841a48e10d35fd84eea400959a2bc450c19d1a2f");
INSERT INTO user(name, salt, hash) values("KatieGoldman89","1jo5OFAVDpC6xaEgt8sSuHcOSzo1SnkEVF5jHwD39SJegUlvz8nBLNeJBK6StVPCKzNNxUpOToQojUW304fW5gjniSqWejeBxo6Xtlgb0qIWW4vYoRYIIPRph8YwiW1mSxZ6sahYlfruDA52wtwPw82I9EVnEul7jRMbbFGFD2NDNW3AinEFt5sqMa84tKK0V9JJyRe4FY7yFTOVjSMV41WF2srbI3k0QVGoEaQ7r0tijCBnXil4QVwQ0ya1FW3g","d528cbceddde5d3cbc0f6f3b841a48e10d35fd84eea400959a2bc450c19d1a2f");
INSERT INTO user(name, salt, hash) values("PaigeHansen90","1jo5OFAVDpC6xaEgt8sSuHcOSzo1SnkEVF5jHwD39SJegUlvz8nBLNeJBK6StVPCKzNNxUpOToQojUW304fW5gjniSqWejeBxo6Xtlgb0qIWW4vYoRYIIPRph8YwiW1mSxZ6sahYlfruDA52wtwPw82I9EVnEul7jRMbbFGFD2NDNW3AinEFt5sqMa84tKK0V9JJyRe4FY7yFTOVjSMV41WF2srbI3k0QVGoEaQ7r0tijCBnXil4QVwQ0ya1FW3g","d528cbceddde5d3cbc0f6f3b841a48e10d35fd84eea400959a2bc450c19d1a2f");
INSERT INTO user(name, salt, hash) values("PaigeGoldman91","1jo5OFAVDpC6xaEgt8sSuHcOSzo1SnkEVF5jHwD39SJegUlvz8nBLNeJBK6StVPCKzNNxUpOToQojUW304fW5gjniSqWejeBxo6Xtlgb0qIWW4vYoRYIIPRph8YwiW1mSxZ6sahYlfruDA52wtwPw82I9EVnEul7jRMbbFGFD2NDNW3AinEFt5sqMa84tKK0V9JJyRe4FY7yFTOVjSMV41WF2srbI3k0QVGoEaQ7r0tijCBnXil4QVwQ0ya1FW3g","d528cbceddde5d3cbc0f6f3b841a48e10d35fd84eea400959a2bc450c19d1a2f");
INSERT INTO user(name, salt, hash) values("PaigeHansen92","1jo5OFAVDpC6xaEgt8sSuHcOSzo1SnkEVF5jHwD39SJegUlvz8nBLNeJBK6StVPCKzNNxUpOToQojUW304fW5gjniSqWejeBxo6Xtlgb0qIWW4vYoRYIIPRph8YwiW1mSxZ6sahYlfruDA52wtwPw82I9EVnEul7jRMbbFGFD2NDNW3AinEFt5sqMa84tKK0V9JJyRe4FY7yFTOVjSMV41WF2srbI3k0QVGoEaQ7r0tijCBnXil4QVwQ0ya1FW3g","d528cbceddde5d3cbc0f6f3b841a48e10d35fd84eea400959a2bc450c19d1a2f");
INSERT INTO user(name, salt, hash) values("JonathanRenninger93","1jo5OFAVDpC6xaEgt8sSuHcOSzo1SnkEVF5jHwD39SJegUlvz8nBLNeJBK6StVPCKzNNxUpOToQojUW304fW5gjniSqWejeBxo6Xtlgb0qIWW4vYoRYIIPRph8YwiW1mSxZ6sahYlfruDA52wtwPw82I9EVnEul7jRMbbFGFD2NDNW3AinEFt5sqMa84tKK0V9JJyRe4FY7yFTOVjSMV41WF2srbI3k0QVGoEaQ7r0tijCBnXil4QVwQ0ya1FW3g","d528cbceddde5d3cbc0f6f3b841a48e10d35fd84eea400959a2bc450c19d1a2f");
INSERT INTO user(name, salt, hash) values("JenniferSmith94","1jo5OFAVDpC6xaEgt8sSuHcOSzo1SnkEVF5jHwD39SJegUlvz8nBLNeJBK6StVPCKzNNxUpOToQojUW304fW5gjniSqWejeBxo6Xtlgb0qIWW4vYoRYIIPRph8YwiW1mSxZ6sahYlfruDA52wtwPw82I9EVnEul7jRMbbFGFD2NDNW3AinEFt5sqMa84tKK0V9JJyRe4FY7yFTOVjSMV41WF2srbI3k0QVGoEaQ7r0tijCBnXil4QVwQ0ya1FW3g","d528cbceddde5d3cbc0f6f3b841a48e10d35fd84eea400959a2bc450c19d1a2f");
INSERT INTO user(name, salt, hash) values("TomJohnson95","1jo5OFAVDpC6xaEgt8sSuHcOSzo1SnkEVF5jHwD39SJegUlvz8nBLNeJBK6StVPCKzNNxUpOToQojUW304fW5gjniSqWejeBxo6Xtlgb0qIWW4vYoRYIIPRph8YwiW1mSxZ6sahYlfruDA52wtwPw82I9EVnEul7jRMbbFGFD2NDNW3AinEFt5sqMa84tKK0V9JJyRe4FY7yFTOVjSMV41WF2srbI3k0QVGoEaQ7r0tijCBnXil4QVwQ0ya1FW3g","d528cbceddde5d3cbc0f6f3b841a48e10d35fd84eea400959a2bc450c19d1a2f");
INSERT INTO user(name, salt, hash) values("JonathanGoldman96","1jo5OFAVDpC6xaEgt8sSuHcOSzo1SnkEVF5jHwD39SJegUlvz8nBLNeJBK6StVPCKzNNxUpOToQojUW304fW5gjniSqWejeBxo6Xtlgb0qIWW4vYoRYIIPRph8YwiW1mSxZ6sahYlfruDA52wtwPw82I9EVnEul7jRMbbFGFD2NDNW3AinEFt5sqMa84tKK0V9JJyRe4FY7yFTOVjSMV41WF2srbI3k0QVGoEaQ7r0tijCBnXil4QVwQ0ya1FW3g","d528cbceddde5d3cbc0f6f3b841a48e10d35fd84eea400959a2bc450c19d1a2f");
INSERT INTO user(name, salt, hash) values("BenCohen97","1jo5OFAVDpC6xaEgt8sSuHcOSzo1SnkEVF5jHwD39SJegUlvz8nBLNeJBK6StVPCKzNNxUpOToQojUW304fW5gjniSqWejeBxo6Xtlgb0qIWW4vYoRYIIPRph8YwiW1mSxZ6sahYlfruDA52wtwPw82I9EVnEul7jRMbbFGFD2NDNW3AinEFt5sqMa84tKK0V9JJyRe4FY7yFTOVjSMV41WF2srbI3k0QVGoEaQ7r0tijCBnXil4QVwQ0ya1FW3g","d528cbceddde5d3cbc0f6f3b841a48e10d35fd84eea400959a2bc450c19d1a2f");
INSERT INTO user(name, salt, hash) values("JenniferGabrielson98","1jo5OFAVDpC6xaEgt8sSuHcOSzo1SnkEVF5jHwD39SJegUlvz8nBLNeJBK6StVPCKzNNxUpOToQojUW304fW5gjniSqWejeBxo6Xtlgb0qIWW4vYoRYIIPRph8YwiW1mSxZ6sahYlfruDA52wtwPw82I9EVnEul7jRMbbFGFD2NDNW3AinEFt5sqMa84tKK0V9JJyRe4FY7yFTOVjSMV41WF2srbI3k0QVGoEaQ7r0tijCBnXil4QVwQ0ya1FW3g","d528cbceddde5d3cbc0f6f3b841a48e10d35fd84eea400959a2bc450c19d1a2f");
INSERT INTO user(name, salt, hash) values("BobReiss99","1jo5OFAVDpC6xaEgt8sSuHcOSzo1SnkEVF5jHwD39SJegUlvz8nBLNeJBK6StVPCKzNNxUpOToQojUW304fW5gjniSqWejeBxo6Xtlgb0qIWW4vYoRYIIPRph8YwiW1mSxZ6sahYlfruDA52wtwPw82I9EVnEul7jRMbbFGFD2NDNW3AinEFt5sqMa84tKK0V9JJyRe4FY7yFTOVjSMV41WF2srbI3k0QVGoEaQ7r0tijCBnXil4QVwQ0ya1FW3g","d528cbceddde5d3cbc0f6f3b841a48e10d35fd84eea400959a2bc450c19d1a2f");





INSERT INTO game(sport, time, date, playerCount, location, full) values("Soccer","08:00:00", "2016-5-12" , 6 , "Dedman" , FALSE);
INSERT INTO game(sport, time, date, playerCount, location, full) values("Ping Pong","13:25:00", "2016-3-14" , 10 , "Intramural Fields" , FALSE);
INSERT INTO game(sport, time, date, playerCount, location, full) values("Basketball","08:00:00", "2016-3-28" , 8 , "Some Park" , FALSE);
INSERT INTO game(sport, time, date, playerCount, location, full) values("Ping Pong","21:05:00", "2016-5-18" , 15 , "Some Park" , TRUE);
INSERT INTO game(sport, time, date, playerCount, location, full) values("Soccer","16:40:00", "2016-3-14" , 15 , "Some Park" , FALSE);
INSERT INTO game(sport, time, date, playerCount, location, full) values("Indoor Soccer","18:15:00", "2016-4-11" , 4 , "Some Park" , FALSE);
INSERT INTO game(sport, time, date, playerCount, location, full) values("Ultimate Frisbee","08:00:00", "2016-5-12" , 2 , "Intramural Fields" , FALSE);
INSERT INTO game(sport, time, date, playerCount, location, full) values("Basketball","21:05:00", "2016-4-28" , 6 , "Intramural Fields" , FALSE);
INSERT INTO game(sport, time, date, playerCount, location, full) values("Ping Pong","16:40:00", "2016-4-14" , 6 , "Intramural Fields" , FALSE);
INSERT INTO game(sport, time, date, playerCount, location, full) values("Squash","13:25:00", "2016-5-12" , 15 , "Intramural Fields" , FALSE);
INSERT INTO game(sport, time, date, playerCount, location, full) values("Indoor Soccer","13:25:00", "2016-4-11" , 2 , "Wescott Field" , FALSE);
INSERT INTO game(sport, time, date, playerCount, location, full) values("Squash","12:30:00", "2016-4-14" , 2 , "Dedman" , FALSE);
INSERT INTO game(sport, time, date, playerCount, location, full) values("Football","14:20:00", "2016-4-11" , 15 , "Moody Colliseum" , FALSE);
INSERT INTO game(sport, time, date, playerCount, location, full) values("Football","12:30:00", "2016-5-18" , 15 , "Wescott Field" , FALSE);
INSERT INTO game(sport, time, date, playerCount, location, full) values("Ping Pong","18:15:00", "2016-4-28" , 2 , "Moody Colliseum" , FALSE);
INSERT INTO game(sport, time, date, playerCount, location, full) values("Soccer","08:00:00", "2016-3-28" , 15 , "Some Park" , FALSE);
INSERT INTO game(sport, time, date, playerCount, location, full) values("Pool","08:00:00", "2016-3-28" , 4 , "Some Park" , FALSE);
INSERT INTO game(sport, time, date, playerCount, location, full) values("Indoor Soccer","08:00:00", "2016-4-28" , 5 , "Wescott Field" , FALSE);
INSERT INTO game(sport, time, date, playerCount, location, full) values("Tennis","16:40:00", "2016-3-28" , 5 , "Intramural Fields" , TRUE);
INSERT INTO game(sport, time, date, playerCount, location, full) values("Football","08:00:00", "2016-5-12" , 4 , "Intramural Fields" , FALSE);
INSERT INTO game(sport, time, date, playerCount, location, full) values("Basketball","14:20:00", "2016-4-11" , 10 , "Wescott Field" , FALSE);
INSERT INTO game(sport, time, date, playerCount, location, full) values("Football","14:20:00", "2016-5-12" , 6 , "Moody Colliseum" , FALSE);
INSERT INTO game(sport, time, date, playerCount, location, full) values("Ping Pong","08:00:00", "2016-4-14" , 15 , "Some Park" , TRUE);
INSERT INTO game(sport, time, date, playerCount, location, full) values("Squash","21:05:00", "2016-3-14" , 8 , "Dedman" , FALSE);
INSERT INTO game(sport, time, date, playerCount, location, full) values("Soccer","13:25:00", "2016-3-28" , 10 , "Moody Colliseum" , TRUE);
INSERT INTO game(sport, time, date, playerCount, location, full) values("Indoor Soccer","18:15:00", "2016-3-28" , 4 , "Dedman" , FALSE);
INSERT INTO game(sport, time, date, playerCount, location, full) values("Football","08:00:00", "2016-4-14" , 4 , "Moody Colliseum" , FALSE);
INSERT INTO game(sport, time, date, playerCount, location, full) values("Indoor Soccer","18:15:00", "2016-4-11" , 6 , "Some Park" , FALSE);
INSERT INTO game(sport, time, date, playerCount, location, full) values("Soccer","22:00:00", "2016-4-28" , 15 , "Intramural Fields" , TRUE);
INSERT INTO game(sport, time, date, playerCount, location, full) values("Pool","18:15:00", "2016-3-14" , 15 , "Some Park" , FALSE);
INSERT INTO game(sport, time, date, playerCount, location, full) values("Tennis","21:05:00", "2016-5-18" , 10 , "Intramural Fields" , FALSE);
INSERT INTO game(sport, time, date, playerCount, location, full) values("Indoor Soccer","08:00:00", "2016-4-11" , 5 , "Dedman" , FALSE);
INSERT INTO game(sport, time, date, playerCount, location, full) values("Ping Pong","08:00:00", "2016-5-12" , 10 , "Moody Colliseum" , FALSE);
INSERT INTO game(sport, time, date, playerCount, location, full) values("Pool","22:00:00", "2016-4-11" , 5 , "Dedman" , FALSE);
INSERT INTO game(sport, time, date, playerCount, location, full) values("Pool","22:00:00", "2016-3-28" , 2 , "Intramural Fields" , FALSE);
INSERT INTO game(sport, time, date, playerCount, location, full) values("Pool","16:40:00", "2016-4-11" , 8 , "Wescott Field" , FALSE);
INSERT INTO game(sport, time, date, playerCount, location, full) values("Ping Pong","21:05:00", "2016-4-28" , 10 , "Some Park" , FALSE);
INSERT INTO game(sport, time, date, playerCount, location, full) values("Pool","14:20:00", "2016-3-14" , 8 , "Moody Colliseum" , FALSE);
INSERT INTO game(sport, time, date, playerCount, location, full) values("Ultimate Frisbee","14:20:00", "2016-5-12" , 6 , "Moody Colliseum" , FALSE);
INSERT INTO game(sport, time, date, playerCount, location, full) values("Basketball","09:30:00", "2016-4-11" , 10 , "Wescott Field" , FALSE);
INSERT INTO game(sport, time, date, playerCount, location, full) values("Tennis","14:20:00", "2016-5-18" , 4 , "Intramural Fields" , FALSE);
INSERT INTO game(sport, time, date, playerCount, location, full) values("Ping Pong","12:30:00", "2016-7-11" , 8 , "Moody Colliseum" , FALSE);
INSERT INTO game(sport, time, date, playerCount, location, full) values("Pool","21:05:00", "2016-4-28" , 10 , "Moody Colliseum" , FALSE);
INSERT INTO game(sport, time, date, playerCount, location, full) values("Basketball","08:00:00", "2016-4-28" , 4 , "Wescott Field" , FALSE);
INSERT INTO game(sport, time, date, playerCount, location, full) values("Ping Pong","14:20:00", "2016-5-18" , 2 , "Moody Colliseum" , TRUE);
INSERT INTO game(sport, time, date, playerCount, location, full) values("Indoor Soccer","14:20:00", "2016-4-14" , 10 , "Dedman" , FALSE);
INSERT INTO game(sport, time, date, playerCount, location, full) values("Basketball","18:15:00", "2016-4-14" , 2 , "Moody Colliseum" , TRUE);
INSERT INTO game(sport, time, date, playerCount, location, full) values("Squash","09:30:00", "2016-4-28" , 15 , "Dedman" , FALSE);
INSERT INTO game(sport, time, date, playerCount, location, full) values("Tennis","13:25:00", "2016-4-14" , 15 , "Some Park" , FALSE);
INSERT INTO game(sport, time, date, playerCount, location, full) values("Squash","16:40:00", "2016-4-28" , 15 , "Some Park" , FALSE);





INSERT INTO enlist values("GraceHansen7", 1 );
INSERT INTO enlist values("MarySmith50", 1 );
INSERT INTO enlist values("KatieGabrielson0", 1 );
INSERT INTO enlist values("SarahMitchell53", 2 );
INSERT INTO enlist values("BobHansen30", 2 );
INSERT INTO enlist values("JenniferGoldman3", 2 );
INSERT INTO enlist values("AllisonStenbit9", 2 );
INSERT INTO enlist values("BenCohen79", 2 );
INSERT INTO enlist values("MaryReiss64", 2 );
INSERT INTO enlist values("PaigeFontenot38", 2 );
INSERT INTO enlist values("KatieGabrielson61", 3 );
INSERT INTO enlist values("AllisonHansen69", 3 );
INSERT INTO enlist values("JackCohen42", 3 );
INSERT INTO enlist values("TomHansen17", 3 );
INSERT INTO enlist values("SarahMitchell14", 3 );
INSERT INTO enlist values("KatieGabrielson0", 4 );
INSERT INTO enlist values("BobSmith70", 4 );
INSERT INTO enlist values("BenFontenot49", 4 );
INSERT INTO enlist values("JenniferGoldman52", 4 );
INSERT INTO enlist values("PaigeMitchell84", 4 );
INSERT INTO enlist values("GraceMitchell40", 4 );
INSERT INTO enlist values("JenniferCohen82", 4 );
INSERT INTO enlist values("JenniferJohnson77", 4 );
INSERT INTO enlist values("KatieKhan67", 4 );
INSERT INTO enlist values("JenniferGabrielson98", 4 );
INSERT INTO enlist values("JenniferSmith94", 4 );
INSERT INTO enlist values("PaigeBanbury15", 4 );
INSERT INTO enlist values("PaigeHansen90", 4 );
INSERT INTO enlist values("MaryBanbury44", 4 );
INSERT INTO enlist values("SarahGoldman8", 4 );
INSERT INTO enlist values("KatieGabrielson61", 5 );
INSERT INTO enlist values("SarahKhan31", 5 );
INSERT INTO enlist values("JenniferGoldman3", 5 );
INSERT INTO enlist values("SarahCarter78", 5 );
INSERT INTO enlist values("KatieFontenot83", 5 );
INSERT INTO enlist values("JackGoldman4", 5 );
INSERT INTO enlist values("PaigeGoldman91", 5 );
INSERT INTO enlist values("BenCohen79", 5 );
INSERT INTO enlist values("JenniferSmith94", 5 );
INSERT INTO enlist values("SarahMitchell53", 5 );
INSERT INTO enlist values("KatieGabrielson0", 5 );
INSERT INTO enlist values("BobSmith70", 5 );
INSERT INTO enlist values("BenRenninger54", 6 );
INSERT INTO enlist values("JohnStenbit66", 8 );
INSERT INTO enlist values("BobSmith70", 8 );
INSERT INTO enlist values("GraceStenbit41", 8 );
INSERT INTO enlist values("TomStenbit32", 9 );
INSERT INTO enlist values("TomJohnson95", 9 );
INSERT INTO enlist values("PaigeKhan24", 9 );
INSERT INTO enlist values("JohnHansen43", 10 );
INSERT INTO enlist values("TomHansen17", 10 );
INSERT INTO enlist values("JenniferCohen82", 10 );
INSERT INTO enlist values("JackGoldman4", 10 );
INSERT INTO enlist values("JohnStenbit66", 10 );
INSERT INTO enlist values("PaigeFontenot76", 10 );
INSERT INTO enlist values("BobGoldman68", 10 );
INSERT INTO enlist values("SarahHansen11", 10 );
INSERT INTO enlist values("JenniferCarter85", 10 );
INSERT INTO enlist values("SarahGabrielson33", 10 );
INSERT INTO enlist values("GraceStenbit41", 10 );
INSERT INTO enlist values("BenBanbury37", 10 );
INSERT INTO enlist values("BobCohen5", 13 );
INSERT INTO enlist values("JenniferJohnson77", 13 );
INSERT INTO enlist values("GraceHansen7", 13 );
INSERT INTO enlist values("AllisonCarter46", 13 );
INSERT INTO enlist values("JenniferSmith94", 13 );
INSERT INTO enlist values("JenniferGoldman3", 13 );
INSERT INTO enlist values("JonathanGoldman87", 13 );
INSERT INTO enlist values("MattRenninger20", 13 );
INSERT INTO enlist values("SarahCarter78", 13 );
INSERT INTO enlist values("PaigeRenninger65", 13 );
INSERT INTO enlist values("BobReiss99", 13 );
INSERT INTO enlist values("TomJohnson95", 13 );
INSERT INTO enlist values("BenBanbury37", 14 );
INSERT INTO enlist values("SarahMitchell14", 14 );
INSERT INTO enlist values("MattGoldman22", 14 );
INSERT INTO enlist values("BenCohen97", 14 );
INSERT INTO enlist values("GraceMitchell40", 14 );
INSERT INTO enlist values("JohnJohnson35", 14 );
INSERT INTO enlist values("PaigeHansen90", 14 );
INSERT INTO enlist values("TomHansen17", 14 );
INSERT INTO enlist values("MattCohen45", 14 );
INSERT INTO enlist values("JohnMitchell23", 14 );
INSERT INTO enlist values("JenniferCarter85", 14 );
INSERT INTO enlist values("KatieMitchell27", 14 );
INSERT INTO enlist values("JackCohen42", 16 );
INSERT INTO enlist values("GraceHansen58", 16 );
INSERT INTO enlist values("JenniferCohen82", 16 );
INSERT INTO enlist values("KatieGabrielson0", 16 );
INSERT INTO enlist values("TomCarter74", 16 );
INSERT INTO enlist values("SarahMitchell53", 16 );
INSERT INTO enlist values("SarahSmith86", 16 );
INSERT INTO enlist values("PaigeMitchell28", 16 );
INSERT INTO enlist values("PaigeKhan24", 16 );
INSERT INTO enlist values("BobJohnson51", 16 );
INSERT INTO enlist values("BobSmith36", 16 );
INSERT INTO enlist values("BobCohen5", 16 );
INSERT INTO enlist values("JohnMitchell23", 17 );
INSERT INTO enlist values("MaryMitchell6", 18 );
INSERT INTO enlist values("BobKhan1", 18 );
INSERT INTO enlist values("TomHansen17", 19 );
INSERT INTO enlist values("JohnJohnson35", 19 );
INSERT INTO enlist values("TimmothyStenbit39", 19 );
INSERT INTO enlist values("SarahSmith86", 19 );
INSERT INTO enlist values("BobKhan1", 19 );
INSERT INTO enlist values("KatieGabrielson61", 20 );
INSERT INTO enlist values("MaryRenninger56", 21 );
INSERT INTO enlist values("SarahKhan31", 21 );
INSERT INTO enlist values("JenniferCohen82", 21 );
INSERT INTO enlist values("GraceStenbit41", 21 );
INSERT INTO enlist values("BobJohnson71", 21 );
INSERT INTO enlist values("JohnStenbit66", 21 );
INSERT INTO enlist values("JackReiss72", 21 );
INSERT INTO enlist values("MarkKhan55", 22 );
INSERT INTO enlist values("PaigeFontenot38", 22 );
INSERT INTO enlist values("MattRenninger20", 22 );
INSERT INTO enlist values("GraceHansen58", 23 );
INSERT INTO enlist values("PaigeSmith25", 23 );
INSERT INTO enlist values("TomCarter74", 23 );
INSERT INTO enlist values("AllisonStenbit9", 23 );
INSERT INTO enlist values("BobSmith36", 23 );
INSERT INTO enlist values("JenniferGoldman52", 23 );
INSERT INTO enlist values("JenniferMitchell48", 23 );
INSERT INTO enlist values("JenniferSmith94", 23 );
INSERT INTO enlist values("SarahKhan31", 23 );
INSERT INTO enlist values("JenniferGoldman3", 23 );
INSERT INTO enlist values("GraceStenbit41", 23 );
INSERT INTO enlist values("BenFontenot49", 23 );
INSERT INTO enlist values("BobRenninger12", 23 );
INSERT INTO enlist values("PaigeRenninger65", 23 );
INSERT INTO enlist values("JohnStenbit66", 23 );
INSERT INTO enlist values("PaigeFontenot76", 24 );
INSERT INTO enlist values("BobStenbit10", 24 );
INSERT INTO enlist values("TomJohnson95", 24 );
INSERT INTO enlist values("BenBanbury37", 24 );
INSERT INTO enlist values("TomJohnson57", 24 );
INSERT INTO enlist values("PaigeHansen92", 25 );
INSERT INTO enlist values("JonathanGoldman96", 25 );
INSERT INTO enlist values("SarahSmith86", 25 );
INSERT INTO enlist values("GraceMitchell40", 25 );
INSERT INTO enlist values("JohnHansen43", 25 );
INSERT INTO enlist values("BobReiss99", 25 );
INSERT INTO enlist values("SarahKhan31", 25 );
INSERT INTO enlist values("SarahCarter78", 25 );
INSERT INTO enlist values("JackBanbury19", 25 );
INSERT INTO enlist values("KatieGabrielson0", 25 );
INSERT INTO enlist values("BobReiss99", 26 );
INSERT INTO enlist values("SarahHansen11", 27 );
INSERT INTO enlist values("MaryReiss64", 28 );
INSERT INTO enlist values("BobCohen5", 28 );
INSERT INTO enlist values("JonathanGoldman87", 28 );
INSERT INTO enlist values("PaigeMitchell28", 29 );
INSERT INTO enlist values("PaigeMitchell84", 29 );
INSERT INTO enlist values("JackGoldman4", 29 );
INSERT INTO enlist values("TomJohnson95", 29 );
INSERT INTO enlist values("BenCohen97", 29 );
INSERT INTO enlist values("JonathanGoldman96", 29 );
INSERT INTO enlist values("SarahSmith86", 29 );
INSERT INTO enlist values("GraceStenbit41", 29 );
INSERT INTO enlist values("BobHansen30", 29 );
INSERT INTO enlist values("MattCohen45", 29 );
INSERT INTO enlist values("PaigeHansen92", 29 );
INSERT INTO enlist values("MattStenbit63", 29 );
INSERT INTO enlist values("JenniferKhan47", 29 );
INSERT INTO enlist values("BobFontenot29", 29 );
INSERT INTO enlist values("GraceHansen58", 29 );
INSERT INTO enlist values("MaryMitchell6", 30 );
INSERT INTO enlist values("BobGoldman68", 30 );
INSERT INTO enlist values("MattRenninger20", 30 );
INSERT INTO enlist values("JenniferGabrielson98", 30 );
INSERT INTO enlist values("JenniferGoldman3", 30 );
INSERT INTO enlist values("TomSmith75", 30 );
INSERT INTO enlist values("JenniferCohen82", 30 );
INSERT INTO enlist values("BenFontenot49", 30 );
INSERT INTO enlist values("SarahSmith86", 30 );
INSERT INTO enlist values("JonathanGoldman96", 30 );
INSERT INTO enlist values("TomStenbit32", 30 );
INSERT INTO enlist values("KatieCohen62", 30 );
INSERT INTO enlist values("AllisonCarter46", 31 );
INSERT INTO enlist values("KatieKhan67", 31 );
INSERT INTO enlist values("TomCohen16", 31 );
INSERT INTO enlist values("TomHansen17", 31 );
INSERT INTO enlist values("TomStenbit32", 31 );
INSERT INTO enlist values("JenniferMitchell48", 31 );
INSERT INTO enlist values("PaigeHansen92", 31 );
INSERT INTO enlist values("BobHansen30", 32 );
INSERT INTO enlist values("BobStenbit10", 32 );
INSERT INTO enlist values("BobRenninger12", 33 );
INSERT INTO enlist values("TomSmith75", 33 );
INSERT INTO enlist values("SarahMitchell53", 33 );
INSERT INTO enlist values("BobCohen5", 33 );
INSERT INTO enlist values("BenRenninger54", 33 );
INSERT INTO enlist values("BobJohnson71", 33 );
INSERT INTO enlist values("JackBanbury19", 33 );
INSERT INTO enlist values("JenniferCarter85", 34 );
INSERT INTO enlist values("JohnStenbit66", 34 );
INSERT INTO enlist values("GraceSmith34", 36 );
INSERT INTO enlist values("JonathanJohnson18", 36 );
INSERT INTO enlist values("MaryMitchell73", 36 );
INSERT INTO enlist values("TomStenbit32", 36 );
INSERT INTO enlist values("TomCarter74", 36 );
INSERT INTO enlist values("PaigeGoldman91", 37 );
INSERT INTO enlist values("JenniferGabrielson98", 37 );
INSERT INTO enlist values("MarkKhan55", 37 );
INSERT INTO enlist values("JenniferSmith59", 37 );
INSERT INTO enlist values("AllisonCarter46", 37 );
INSERT INTO enlist values("BobHansen30", 37 );
INSERT INTO enlist values("BobCohen5", 37 );
INSERT INTO enlist values("BobJohnson51", 38 );
INSERT INTO enlist values("PaigeHansen92", 38 );
INSERT INTO enlist values("MaryBanbury44", 38 );
INSERT INTO enlist values("BenGabrielson88", 38 );
INSERT INTO enlist values("JackGoldman4", 38 );
INSERT INTO enlist values("GraceMitchell40", 39 );
INSERT INTO enlist values("TomHansen17", 39 );
INSERT INTO enlist values("BobGoldman68", 39 );
INSERT INTO enlist values("SarahCarter78", 40 );
INSERT INTO enlist values("AllisonCarter46", 40 );
INSERT INTO enlist values("TomJohnson57", 40 );
INSERT INTO enlist values("BobJohnson51", 40 );
INSERT INTO enlist values("PaigeKhan24", 40 );
INSERT INTO enlist values("TomSmith75", 40 );
INSERT INTO enlist values("KatieGoldman89", 40 );
INSERT INTO enlist values("KatieGoldman89", 41 );
INSERT INTO enlist values("BobStenbit10", 42 );
INSERT INTO enlist values("JohnBanbury2", 42 );
INSERT INTO enlist values("AllisonStenbit9", 42 );
INSERT INTO enlist values("JenniferSmith94", 42 );
INSERT INTO enlist values("SarahMitchell53", 42 );
INSERT INTO enlist values("MaryBanbury44", 43 );
INSERT INTO enlist values("MattStenbit63", 43 );
INSERT INTO enlist values("KatieCohen62", 43 );
INSERT INTO enlist values("JohnJohnson35", 43 );
INSERT INTO enlist values("JenniferGabrielson98", 43 );
INSERT INTO enlist values("PaigeSmith25", 43 );
INSERT INTO enlist values("JenniferCarter85", 43 );
INSERT INTO enlist values("AllisonHansen69", 44 );
INSERT INTO enlist values("KatieGoldman89", 45 );
INSERT INTO enlist values("PaigeMitchell84", 45 );
INSERT INTO enlist values("BobGoldman68", 46 );
INSERT INTO enlist values("MaryBanbury44", 46 );
INSERT INTO enlist values("BenCohen97", 46 );
INSERT INTO enlist values("JohnCohen13", 46 );
INSERT INTO enlist values("PaigeGoldman91", 46 );
INSERT INTO enlist values("JenniferSmith59", 46 );
INSERT INTO enlist values("JohnJohnson35", 46 );
INSERT INTO enlist values("GraceSmith34", 47 );
INSERT INTO enlist values("PaigeMitchell28", 47 );
INSERT INTO enlist values("GraceHansen7", 48 );
INSERT INTO enlist values("BobSmith36", 48 );
INSERT INTO enlist values("JackReiss72", 48 );
INSERT INTO enlist values("JenniferReiss60", 48 );
INSERT INTO enlist values("JackGoldman4", 48 );
INSERT INTO enlist values("JohnBanbury2", 48 );
INSERT INTO enlist values("PaigeKhan24", 48 );
INSERT INTO enlist values("AllisonHansen69", 48 );
INSERT INTO enlist values("BobFontenot29", 48 );
INSERT INTO enlist values("PaigeBanbury15", 48 );
INSERT INTO enlist values("MaryBanbury44", 48 );
INSERT INTO enlist values("SarahGoldman8", 48 );
INSERT INTO enlist values("SarahMitchell14", 49 );
INSERT INTO enlist values("GraceMitchell40", 49 );
INSERT INTO enlist values("AllisonCarter46", 49 );
INSERT INTO enlist values("TimmothyStenbit81", 49 );
INSERT INTO enlist values("PaigeFontenot38", 49 );
INSERT INTO enlist values("MattCohen45", 49 );
INSERT INTO enlist values("GraceSmith34", 49 );
INSERT INTO enlist values("BobJohnson51", 49 );
INSERT INTO enlist values("JenniferMitchell48", 49 );
INSERT INTO enlist values("TomCohen16", 49 );
INSERT INTO enlist values("JenniferCarter85", 49 );
INSERT INTO enlist values("PaigeRenninger65", 49 );
INSERT INTO enlist values("TomJohnson95", 50 );
INSERT INTO enlist values("PaigeHansen90", 50 );
INSERT INTO enlist values("MaryRenninger56", 50 );
INSERT INTO enlist values("TomCarter74", 50 );
INSERT INTO enlist values("KatieCohen62", 50 );
INSERT INTO enlist values("JonathanGoldman96", 50 );
INSERT INTO enlist values("SarahGoldman8", 50 );
INSERT INTO enlist values("JohnCohen13", 50 );
INSERT INTO enlist values("SarahMitchell53", 50 );
INSERT INTO enlist values("BobJohnson71", 50 );
INSERT INTO enlist values("PaigeFontenot76", 50 );
INSERT INTO enlist values("JonathanJohnson18", 50 );
INSERT INTO sportPreference(username, sport) values("KatieGabrielson0", "Pool");
INSERT INTO sportPreference(username, sport) values("KatieGabrielson0", "Ultimate Frisbee");
INSERT INTO sportPreference(username, sport) values("BobKhan1", "Tennis");
INSERT INTO sportPreference(username, sport) values("BobKhan1", "Pool");
INSERT INTO sportPreference(username, sport) values("JohnBanbury2", "Basketball");
INSERT INTO sportPreference(username, sport) values("JohnBanbury2", "Pool");
INSERT INTO sportPreference(username, sport) values("JohnBanbury2", "Squash");
INSERT INTO sportPreference(username, sport) values("JenniferGoldman3", "Squash");
INSERT INTO sportPreference(username, sport) values("JenniferGoldman3", "Ultimate Frisbee");
INSERT INTO sportPreference(username, sport) values("JenniferGoldman3", "Tennis");
INSERT INTO sportPreference(username, sport) values("JenniferGoldman3", "Ping Pong");
INSERT INTO sportPreference(username, sport) values("JackGoldman4", "Soccer");
INSERT INTO sportPreference(username, sport) values("JackGoldman4", "Ultimate Frisbee");
INSERT INTO sportPreference(username, sport) values("JackGoldman4", "Ping Pong");
INSERT INTO sportPreference(username, sport) values("JackGoldman4", "Basketball");
INSERT INTO sportPreference(username, sport) values("BobCohen5", "Ultimate Frisbee");
INSERT INTO sportPreference(username, sport) values("BobCohen5", "Indoor Soccer");
INSERT INTO sportPreference(username, sport) values("MaryMitchell6", "Tennis");
INSERT INTO sportPreference(username, sport) values("MaryMitchell6", "Soccer");
INSERT INTO sportPreference(username, sport) values("GraceHansen7", "Indoor Soccer");
INSERT INTO sportPreference(username, sport) values("GraceHansen7", "Basketball");
INSERT INTO sportPreference(username, sport) values("SarahGoldman8", "Basketball");
INSERT INTO sportPreference(username, sport) values("SarahGoldman8", "Indoor Soccer");
INSERT INTO sportPreference(username, sport) values("SarahGoldman8", "Football");
INSERT INTO sportPreference(username, sport) values("SarahGoldman8", "Pool");
INSERT INTO sportPreference(username, sport) values("AllisonStenbit9", "Football");
INSERT INTO sportPreference(username, sport) values("BobStenbit10", "Soccer");
INSERT INTO sportPreference(username, sport) values("SarahHansen11", "Football");
INSERT INTO sportPreference(username, sport) values("SarahHansen11", "Soccer");
INSERT INTO sportPreference(username, sport) values("BobRenninger12", "Indoor Soccer");
INSERT INTO sportPreference(username, sport) values("BobRenninger12", "Basketball");
INSERT INTO sportPreference(username, sport) values("JohnCohen13", "Indoor Soccer");
INSERT INTO sportPreference(username, sport) values("SarahMitchell14", "Squash");
INSERT INTO sportPreference(username, sport) values("SarahMitchell14", "Tennis");
INSERT INTO sportPreference(username, sport) values("PaigeBanbury15", "Football");
INSERT INTO sportPreference(username, sport) values("PaigeBanbury15", "Ping Pong");
INSERT INTO sportPreference(username, sport) values("PaigeBanbury15", "Pool");
INSERT INTO sportPreference(username, sport) values("PaigeBanbury15", "Ultimate Frisbee");
INSERT INTO sportPreference(username, sport) values("TomCohen16", "Squash");
INSERT INTO sportPreference(username, sport) values("TomHansen17", "Pool");
INSERT INTO sportPreference(username, sport) values("JonathanJohnson18", "Soccer");
INSERT INTO sportPreference(username, sport) values("JackBanbury19", "Football");
INSERT INTO sportPreference(username, sport) values("JackBanbury19", "Ultimate Frisbee");
INSERT INTO sportPreference(username, sport) values("MattRenninger20", "Ultimate Frisbee");
INSERT INTO sportPreference(username, sport) values("MattRenninger20", "Ping Pong");
INSERT INTO sportPreference(username, sport) values("MattRenninger20", "Squash");
INSERT INTO sportPreference(username, sport) values("MattCarter21", "Ultimate Frisbee");
INSERT INTO sportPreference(username, sport) values("MattGoldman22", "Squash");
INSERT INTO sportPreference(username, sport) values("MattGoldman22", "Ping Pong");
INSERT INTO sportPreference(username, sport) values("JohnMitchell23", "Squash");
INSERT INTO sportPreference(username, sport) values("JohnMitchell23", "Football");
INSERT INTO sportPreference(username, sport) values("PaigeKhan24", "Indoor Soccer");
INSERT INTO sportPreference(username, sport) values("PaigeKhan24", "Squash");
INSERT INTO sportPreference(username, sport) values("PaigeSmith25", "Soccer");
INSERT INTO sportPreference(username, sport) values("MattJohnson26", "Ping Pong");
INSERT INTO sportPreference(username, sport) values("KatieMitchell27", "Squash");
INSERT INTO sportPreference(username, sport) values("KatieMitchell27", "Ping Pong");
INSERT INTO sportPreference(username, sport) values("KatieMitchell27", "Pool");
INSERT INTO sportPreference(username, sport) values("PaigeMitchell28", "Pool");
INSERT INTO sportPreference(username, sport) values("BobFontenot29", "Pool");
INSERT INTO sportPreference(username, sport) values("BobFontenot29", "Ping Pong");
INSERT INTO sportPreference(username, sport) values("BobFontenot29", "Tennis");
INSERT INTO sportPreference(username, sport) values("BobHansen30", "Soccer");
INSERT INTO sportPreference(username, sport) values("BobHansen30", "Squash");
INSERT INTO sportPreference(username, sport) values("BobHansen30", "Tennis");
INSERT INTO sportPreference(username, sport) values("SarahKhan31", "Football");
INSERT INTO sportPreference(username, sport) values("SarahKhan31", "Squash");
INSERT INTO sportPreference(username, sport) values("TomStenbit32", "Ultimate Frisbee");
INSERT INTO sportPreference(username, sport) values("TomStenbit32", "Indoor Soccer");
INSERT INTO sportPreference(username, sport) values("SarahGabrielson33", "Pool");
INSERT INTO sportPreference(username, sport) values("GraceSmith34", "Indoor Soccer");
INSERT INTO sportPreference(username, sport) values("JohnJohnson35", "Pool");
INSERT INTO sportPreference(username, sport) values("JohnJohnson35", "Basketball");
INSERT INTO sportPreference(username, sport) values("JohnJohnson35", "Ultimate Frisbee");
INSERT INTO sportPreference(username, sport) values("BobSmith36", "Ping Pong");
INSERT INTO sportPreference(username, sport) values("BenBanbury37", "Football");
INSERT INTO sportPreference(username, sport) values("PaigeFontenot38", "Ping Pong");
INSERT INTO sportPreference(username, sport) values("PaigeFontenot38", "Ultimate Frisbee");
INSERT INTO sportPreference(username, sport) values("TimmothyStenbit39", "Pool");
INSERT INTO sportPreference(username, sport) values("TimmothyStenbit39", "Basketball");
INSERT INTO sportPreference(username, sport) values("TimmothyStenbit39", "Football");
INSERT INTO sportPreference(username, sport) values("TimmothyStenbit39", "Ultimate Frisbee");
INSERT INTO sportPreference(username, sport) values("GraceMitchell40", "Ping Pong");
INSERT INTO sportPreference(username, sport) values("GraceMitchell40", "Ultimate Frisbee");
INSERT INTO sportPreference(username, sport) values("GraceMitchell40", "Soccer");
INSERT INTO sportPreference(username, sport) values("GraceStenbit41", "Pool");
INSERT INTO sportPreference(username, sport) values("JackCohen42", "Tennis");
INSERT INTO sportPreference(username, sport) values("JackCohen42", "Indoor Soccer");
INSERT INTO sportPreference(username, sport) values("JackCohen42", "Basketball");
INSERT INTO sportPreference(username, sport) values("JohnHansen43", "Indoor Soccer");
INSERT INTO sportPreference(username, sport) values("JohnHansen43", "Soccer");
INSERT INTO sportPreference(username, sport) values("JohnHansen43", "Football");
INSERT INTO sportPreference(username, sport) values("JohnHansen43", "Squash");
INSERT INTO sportPreference(username, sport) values("MaryBanbury44", "Indoor Soccer");
INSERT INTO sportPreference(username, sport) values("MaryBanbury44", "Ping Pong");
INSERT INTO sportPreference(username, sport) values("MaryBanbury44", "Football");
INSERT INTO sportPreference(username, sport) values("MattCohen45", "Indoor Soccer");
INSERT INTO sportPreference(username, sport) values("MattCohen45", "Pool");
INSERT INTO sportPreference(username, sport) values("MattCohen45", "Ultimate Frisbee");
INSERT INTO sportPreference(username, sport) values("MattCohen45", "Football");
INSERT INTO sportPreference(username, sport) values("AllisonCarter46", "Ultimate Frisbee");
INSERT INTO sportPreference(username, sport) values("AllisonCarter46", "Pool");
INSERT INTO sportPreference(username, sport) values("JenniferKhan47", "Squash");
INSERT INTO sportPreference(username, sport) values("JenniferMitchell48", "Football");
INSERT INTO sportPreference(username, sport) values("JenniferMitchell48", "Ping Pong");
INSERT INTO sportPreference(username, sport) values("JenniferMitchell48", "Indoor Soccer");
INSERT INTO sportPreference(username, sport) values("BenFontenot49", "Pool");
INSERT INTO sportPreference(username, sport) values("BenFontenot49", "Ultimate Frisbee");
INSERT INTO sportPreference(username, sport) values("BenFontenot49", "Ping Pong");
INSERT INTO sportPreference(username, sport) values("BenFontenot49", "Basketball");
INSERT INTO sportPreference(username, sport) values("MarySmith50", "Tennis");
INSERT INTO sportPreference(username, sport) values("MarySmith50", "Football");
INSERT INTO sportPreference(username, sport) values("MarySmith50", "Ping Pong");
INSERT INTO sportPreference(username, sport) values("BobJohnson51", "Soccer");
INSERT INTO sportPreference(username, sport) values("BobJohnson51", "Basketball");
INSERT INTO sportPreference(username, sport) values("JenniferGoldman52", "Soccer");
INSERT INTO sportPreference(username, sport) values("JenniferGoldman52", "Pool");
INSERT INTO sportPreference(username, sport) values("JenniferGoldman52", "Indoor Soccer");
INSERT INTO sportPreference(username, sport) values("JenniferGoldman52", "Football");
INSERT INTO sportPreference(username, sport) values("SarahMitchell53", "Squash");
INSERT INTO sportPreference(username, sport) values("BenRenninger54", "Tennis");
INSERT INTO sportPreference(username, sport) values("MarkKhan55", "Football");
INSERT INTO sportPreference(username, sport) values("MarkKhan55", "Basketball");
INSERT INTO sportPreference(username, sport) values("MarkKhan55", "Pool");
INSERT INTO sportPreference(username, sport) values("MarkKhan55", "Tennis");
INSERT INTO sportPreference(username, sport) values("MaryRenninger56", "Basketball");
INSERT INTO sportPreference(username, sport) values("TomJohnson57", "Pool");
INSERT INTO sportPreference(username, sport) values("GraceHansen58", "Soccer");
INSERT INTO sportPreference(username, sport) values("GraceHansen58", "Squash");
INSERT INTO sportPreference(username, sport) values("JenniferSmith59", "Squash");
INSERT INTO sportPreference(username, sport) values("JenniferSmith59", "Tennis");
INSERT INTO sportPreference(username, sport) values("JenniferSmith59", "Soccer");
INSERT INTO sportPreference(username, sport) values("JenniferReiss60", "Soccer");
INSERT INTO sportPreference(username, sport) values("JenniferReiss60", "Tennis");
INSERT INTO sportPreference(username, sport) values("JenniferReiss60", "Indoor Soccer");
INSERT INTO sportPreference(username, sport) values("JenniferReiss60", "Pool");
INSERT INTO sportPreference(username, sport) values("KatieGabrielson61", "Pool");
INSERT INTO sportPreference(username, sport) values("KatieCohen62", "Pool");
INSERT INTO sportPreference(username, sport) values("MattStenbit63", "Ping Pong");
INSERT INTO sportPreference(username, sport) values("MaryReiss64", "Ultimate Frisbee");
INSERT INTO sportPreference(username, sport) values("MaryReiss64", "Tennis");
INSERT INTO sportPreference(username, sport) values("MaryReiss64", "Indoor Soccer");
INSERT INTO sportPreference(username, sport) values("MaryReiss64", "Squash");
INSERT INTO sportPreference(username, sport) values("PaigeRenninger65", "Indoor Soccer");
INSERT INTO sportPreference(username, sport) values("PaigeRenninger65", "Football");
INSERT INTO sportPreference(username, sport) values("PaigeRenninger65", "Soccer");
INSERT INTO sportPreference(username, sport) values("PaigeRenninger65", "Pool");
INSERT INTO sportPreference(username, sport) values("JohnStenbit66", "Basketball");
INSERT INTO sportPreference(username, sport) values("JohnStenbit66", "Football");
INSERT INTO sportPreference(username, sport) values("JohnStenbit66", "Ping Pong");
INSERT INTO sportPreference(username, sport) values("JohnStenbit66", "Squash");
INSERT INTO sportPreference(username, sport) values("KatieKhan67", "Ultimate Frisbee");
INSERT INTO sportPreference(username, sport) values("KatieKhan67", "Indoor Soccer");
INSERT INTO sportPreference(username, sport) values("KatieKhan67", "Pool");
INSERT INTO sportPreference(username, sport) values("BobGoldman68", "Tennis");
INSERT INTO sportPreference(username, sport) values("BobGoldman68", "Soccer");
INSERT INTO sportPreference(username, sport) values("BobGoldman68", "Squash");
INSERT INTO sportPreference(username, sport) values("AllisonHansen69", "Football");
INSERT INTO sportPreference(username, sport) values("BobSmith70", "Squash");
INSERT INTO sportPreference(username, sport) values("BobJohnson71", "Football");
INSERT INTO sportPreference(username, sport) values("JackReiss72", "Ping Pong");
INSERT INTO sportPreference(username, sport) values("JackReiss72", "Tennis");
INSERT INTO sportPreference(username, sport) values("MaryMitchell73", "Basketball");
INSERT INTO sportPreference(username, sport) values("MaryMitchell73", "Tennis");
INSERT INTO sportPreference(username, sport) values("TomCarter74", "Ultimate Frisbee");
INSERT INTO sportPreference(username, sport) values("TomSmith75", "Squash");
INSERT INTO sportPreference(username, sport) values("TomSmith75", "Basketball");
INSERT INTO sportPreference(username, sport) values("TomSmith75", "Pool");
INSERT INTO sportPreference(username, sport) values("TomSmith75", "Ping Pong");
INSERT INTO sportPreference(username, sport) values("PaigeFontenot76", "Soccer");
INSERT INTO sportPreference(username, sport) values("PaigeFontenot76", "Ultimate Frisbee");
INSERT INTO sportPreference(username, sport) values("PaigeFontenot76", "Basketball");
INSERT INTO sportPreference(username, sport) values("PaigeFontenot76", "Squash");
INSERT INTO sportPreference(username, sport) values("JenniferJohnson77", "Basketball");
INSERT INTO sportPreference(username, sport) values("JenniferJohnson77", "Squash");
INSERT INTO sportPreference(username, sport) values("JenniferJohnson77", "Tennis");
INSERT INTO sportPreference(username, sport) values("SarahCarter78", "Tennis");
INSERT INTO sportPreference(username, sport) values("SarahCarter78", "Football");
INSERT INTO sportPreference(username, sport) values("SarahCarter78", "Soccer");
INSERT INTO sportPreference(username, sport) values("BenCohen79", "Ping Pong");
INSERT INTO sportPreference(username, sport) values("BenCohen79", "Basketball");
INSERT INTO sportPreference(username, sport) values("BenCohen79", "Soccer");
INSERT INTO sportPreference(username, sport) values("AllisonGabrielson80", "Football");
INSERT INTO sportPreference(username, sport) values("TimmothyStenbit81", "Ultimate Frisbee");
INSERT INTO sportPreference(username, sport) values("TimmothyStenbit81", "Soccer");
INSERT INTO sportPreference(username, sport) values("TimmothyStenbit81", "Football");
INSERT INTO sportPreference(username, sport) values("JenniferCohen82", "Football");
INSERT INTO sportPreference(username, sport) values("JenniferCohen82", "Ultimate Frisbee");
INSERT INTO sportPreference(username, sport) values("KatieFontenot83", "Football");
INSERT INTO sportPreference(username, sport) values("KatieFontenot83", "Pool");
INSERT INTO sportPreference(username, sport) values("KatieFontenot83", "Squash");
INSERT INTO sportPreference(username, sport) values("PaigeMitchell84", "Pool");
INSERT INTO sportPreference(username, sport) values("PaigeMitchell84", "Football");
INSERT INTO sportPreference(username, sport) values("PaigeMitchell84", "Basketball");
INSERT INTO sportPreference(username, sport) values("PaigeMitchell84", "Tennis");
INSERT INTO sportPreference(username, sport) values("JenniferCarter85", "Pool");
INSERT INTO sportPreference(username, sport) values("JenniferCarter85", "Ping Pong");
INSERT INTO sportPreference(username, sport) values("SarahSmith86", "Pool");
INSERT INTO sportPreference(username, sport) values("JonathanGoldman87", "Indoor Soccer");
INSERT INTO sportPreference(username, sport) values("JonathanGoldman87", "Ping Pong");
INSERT INTO sportPreference(username, sport) values("BenGabrielson88", "Pool");
INSERT INTO sportPreference(username, sport) values("BenGabrielson88", "Soccer");
INSERT INTO sportPreference(username, sport) values("BenGabrielson88", "Ultimate Frisbee");
INSERT INTO sportPreference(username, sport) values("BenGabrielson88", "Squash");
INSERT INTO sportPreference(username, sport) values("KatieGoldman89", "Indoor Soccer");
INSERT INTO sportPreference(username, sport) values("PaigeHansen90", "Football");
INSERT INTO sportPreference(username, sport) values("PaigeGoldman91", "Pool");
INSERT INTO sportPreference(username, sport) values("PaigeHansen92", "Ultimate Frisbee");
INSERT INTO sportPreference(username, sport) values("JonathanRenninger93", "Tennis");
INSERT INTO sportPreference(username, sport) values("JenniferSmith94", "Football");
INSERT INTO sportPreference(username, sport) values("TomJohnson95", "Basketball");
INSERT INTO sportPreference(username, sport) values("TomJohnson95", "Soccer");
INSERT INTO sportPreference(username, sport) values("TomJohnson95", "Squash");
INSERT INTO sportPreference(username, sport) values("TomJohnson95", "Football");
INSERT INTO sportPreference(username, sport) values("JonathanGoldman96", "Football");
INSERT INTO sportPreference(username, sport) values("JonathanGoldman96", "Squash");
INSERT INTO sportPreference(username, sport) values("JonathanGoldman96", "Ping Pong");
INSERT INTO sportPreference(username, sport) values("BenCohen97", "Football");
INSERT INTO sportPreference(username, sport) values("JenniferGabrielson98", "Squash");
INSERT INTO sportPreference(username, sport) values("BobReiss99", "Ultimate Frisbee");
INSERT INTO sportPreference(username, sport) values("BobReiss99", "Football");
INSERT INTO sportPreference(username, sport) values("BobReiss99", "Tennis");





INSERT INTO chat(username, gameID, message) values("BobKhan1", 1, "I'll bring some snacks!0");
INSERT INTO chat(username, gameID, message) values("JackReiss72", 1, "Yo we should totally listen to some dank beats while we sports1");
INSERT INTO chat(username, gameID, message) values("SarahKhan31", 2, "Ay where the dank memes at?0");
INSERT INTO chat(username, gameID, message) values("JohnBanbury2", 2, "Yo we should totally listen to some dank beats while we sports1");
INSERT INTO chat(username, gameID, message) values("SarahSmith86", 3, "Ay where the dank memes at?0");
INSERT INTO chat(username, gameID, message) values("BobSmith70", 3, "See you all in 10.1");
INSERT INTO chat(username, gameID, message) values("JohnStenbit66", 3, "I'll bring some snacks!2");
INSERT INTO chat(username, gameID, message) values("MaryMitchell6", 3, "We still on?3");
INSERT INTO chat(username, gameID, message) values("SarahMitchell14", 3, "Just got here and its busy so we can't play. Sorry!4");
INSERT INTO chat(username, gameID, message) values("BobSmith36", 3, "Hey, I'll bring a ball!5");
INSERT INTO chat(username, gameID, message) values("AllisonStenbit9", 3, "Hey, I'll bring a ball!6");
INSERT INTO chat(username, gameID, message) values("SarahHansen11", 3, "See you all in 10.7");
INSERT INTO chat(username, gameID, message) values("BobCohen5", 3, "Ay where the dank memes at?8");
INSERT INTO chat(username, gameID, message) values("BenRenninger54", 3, "I'll bring some snacks!9");
INSERT INTO chat(username, gameID, message) values("BobSmith70", 3, "See you all in 10.10");
INSERT INTO chat(username, gameID, message) values("MaryMitchell6", 3, "See you all in 10.11");
INSERT INTO chat(username, gameID, message) values("BobJohnson71", 3, "Just realized it's raining, so let's cancel?12");
INSERT INTO chat(username, gameID, message) values("BobStenbit10", 3, "Just got here and its busy so we can't play. Sorry!13");
INSERT INTO chat(username, gameID, message) values("BobReiss99", 3, "Just realized it's raining, so let's cancel?14");
INSERT INTO chat(username, gameID, message) values("MattGoldman22", 4, "We still on?0");
INSERT INTO chat(username, gameID, message) values("KatieKhan67", 4, "I'll bring some snacks!1");
INSERT INTO chat(username, gameID, message) values("MaryBanbury44", 4, "Just realized it's raining, so let's cancel?2");
INSERT INTO chat(username, gameID, message) values("BenCohen79", 4, "Just got here and its busy so we can't play. Sorry!3");
INSERT INTO chat(username, gameID, message) values("MaryRenninger56", 4, "Hey, I'll bring a ball!4");
INSERT INTO chat(username, gameID, message) values("PaigeMitchell28", 4, "Ay where the dank memes at?5");
INSERT INTO chat(username, gameID, message) values("BenCohen97", 4, "Ay where the dank memes at?6");
INSERT INTO chat(username, gameID, message) values("TomJohnson95", 4, "We still on?7");
INSERT INTO chat(username, gameID, message) values("PaigeFontenot76", 5, "See you all in 10.0");
INSERT INTO chat(username, gameID, message) values("KatieGabrielson0", 5, "See you all in 10.1");
INSERT INTO chat(username, gameID, message) values("JenniferSmith94", 5, "We still on?2");
INSERT INTO chat(username, gameID, message) values("TomStenbit32", 5, "Hey, I'll bring a ball!3");
INSERT INTO chat(username, gameID, message) values("MaryBanbury44", 5, "Just realized it's raining, so let's cancel?4");
INSERT INTO chat(username, gameID, message) values("TimmothyStenbit39", 5, "I'll bring some snacks!5");
INSERT INTO chat(username, gameID, message) values("JenniferCarter85", 6, "We still on?0");
INSERT INTO chat(username, gameID, message) values("PaigeFontenot76", 6, "See you all in 10.1");
INSERT INTO chat(username, gameID, message) values("JohnJohnson35", 6, "Just got here and its busy so we can't play. Sorry!2");
INSERT INTO chat(username, gameID, message) values("SarahHansen11", 6, "Just realized it's raining, so let's cancel?3");
INSERT INTO chat(username, gameID, message) values("JohnHansen43", 6, "Ay where the dank memes at?4");
INSERT INTO chat(username, gameID, message) values("JohnJohnson35", 6, "Ay where the dank memes at?5");
INSERT INTO chat(username, gameID, message) values("AllisonHansen69", 6, "Hey, I'll bring a ball!6");
INSERT INTO chat(username, gameID, message) values("BobJohnson71", 6, "Just realized it's raining, so let's cancel?7");
INSERT INTO chat(username, gameID, message) values("MaryRenninger56", 6, "We still on?8");
INSERT INTO chat(username, gameID, message) values("AllisonStenbit9", 6, "We still on?9");
INSERT INTO chat(username, gameID, message) values("BobFontenot29", 6, "We still on?10");
INSERT INTO chat(username, gameID, message) values("BobCohen5", 6, "We still on?11");
INSERT INTO chat(username, gameID, message) values("AllisonGabrielson80", 6, "I'll bring some snacks!12");
INSERT INTO chat(username, gameID, message) values("MattCohen45", 6, "Yo we should totally listen to some dank beats while we sports13");
INSERT INTO chat(username, gameID, message) values("BobJohnson71", 6, "I'll bring some snacks!14");
INSERT INTO chat(username, gameID, message) values("JackBanbury19", 7, "Hey, I'll bring a ball!0");
INSERT INTO chat(username, gameID, message) values("TimmothyStenbit81", 7, "I'll bring some snacks!1");
INSERT INTO chat(username, gameID, message) values("JackCohen42", 7, "Hey, I'll bring a ball!2");
INSERT INTO chat(username, gameID, message) values("TomJohnson57", 7, "Just realized it's raining, so let's cancel?3");
INSERT INTO chat(username, gameID, message) values("BobSmith70", 7, "I'll bring some snacks!4");
INSERT INTO chat(username, gameID, message) values("GraceStenbit41", 7, "Hey, I'll bring a ball!5");
INSERT INTO chat(username, gameID, message) values("TomStenbit32", 8, "Just realized it's raining, so let's cancel?0");
INSERT INTO chat(username, gameID, message) values("PaigeGoldman91", 8, "Just realized it's raining, so let's cancel?1");
INSERT INTO chat(username, gameID, message) values("SarahKhan31", 9, "We still on?0");
INSERT INTO chat(username, gameID, message) values("KatieCohen62", 9, "Hey, I'll bring a ball!1");
INSERT INTO chat(username, gameID, message) values("SarahHansen11", 9, "See you all in 10.2");
INSERT INTO chat(username, gameID, message) values("BenGabrielson88", 9, "Hey, I'll bring a ball!3");
INSERT INTO chat(username, gameID, message) values("JenniferSmith59", 9, "See you all in 10.4");
INSERT INTO chat(username, gameID, message) values("BobJohnson71", 10, "We still on?0");
INSERT INTO chat(username, gameID, message) values("KatieCohen62", 10, "Hey, I'll bring a ball!1");
INSERT INTO chat(username, gameID, message) values("KatieGabrielson61", 10, "Ay where the dank memes at?2");
INSERT INTO chat(username, gameID, message) values("KatieGoldman89", 10, "See you all in 10.3");
INSERT INTO chat(username, gameID, message) values("BenFontenot49", 11, "Just got here and its busy so we can't play. Sorry!0");
INSERT INTO chat(username, gameID, message) values("SarahMitchell53", 11, "Hey, I'll bring a ball!1");
INSERT INTO chat(username, gameID, message) values("BobReiss99", 11, "We still on?2");
INSERT INTO chat(username, gameID, message) values("GraceHansen58", 11, "We still on?3");
INSERT INTO chat(username, gameID, message) values("JenniferKhan47", 11, "Ay where the dank memes at?4");
INSERT INTO chat(username, gameID, message) values("JenniferKhan47", 11, "Just got here and its busy so we can't play. Sorry!5");
INSERT INTO chat(username, gameID, message) values("JonathanGoldman87", 12, "We still on?0");
INSERT INTO chat(username, gameID, message) values("PaigeMitchell84", 12, "See you all in 10.1");
INSERT INTO chat(username, gameID, message) values("JenniferMitchell48", 12, "We still on?2");
INSERT INTO chat(username, gameID, message) values("JohnStenbit66", 12, "See you all in 10.3");
INSERT INTO chat(username, gameID, message) values("SarahGoldman8", 12, "Just got here and its busy so we can't play. Sorry!4");
INSERT INTO chat(username, gameID, message) values("SarahMitchell53", 12, "Just got here and its busy so we can't play. Sorry!5");
INSERT INTO chat(username, gameID, message) values("MattCarter21", 12, "See you all in 10.6");
INSERT INTO chat(username, gameID, message) values("BobGoldman68", 12, "I'll bring some snacks!7");
INSERT INTO chat(username, gameID, message) values("GraceHansen7", 12, "See you all in 10.8");
INSERT INTO chat(username, gameID, message) values("BobFontenot29", 12, "We still on?9");
INSERT INTO chat(username, gameID, message) values("SarahSmith86", 13, "Just got here and its busy so we can't play. Sorry!0");
INSERT INTO chat(username, gameID, message) values("MattStenbit63", 13, "We still on?1");
INSERT INTO chat(username, gameID, message) values("SarahKhan31", 13, "See you all in 10.2");
INSERT INTO chat(username, gameID, message) values("BenCohen97", 13, "Yo we should totally listen to some dank beats while we sports3");
INSERT INTO chat(username, gameID, message) values("MattCohen45", 13, "I'll bring some snacks!4");
INSERT INTO chat(username, gameID, message) values("BenRenninger54", 13, "I'll bring some snacks!5");
INSERT INTO chat(username, gameID, message) values("GraceHansen58", 14, "Ay where the dank memes at?0");
INSERT INTO chat(username, gameID, message) values("JohnStenbit66", 14, "See you all in 10.1");
INSERT INTO chat(username, gameID, message) values("GraceSmith34", 14, "I'll bring some snacks!2");
INSERT INTO chat(username, gameID, message) values("TomCarter74", 14, "We still on?3");
INSERT INTO chat(username, gameID, message) values("PaigeRenninger65", 14, "I'll bring some snacks!4");
INSERT INTO chat(username, gameID, message) values("MattStenbit63", 15, "Just realized it's raining, so let's cancel?0");
INSERT INTO chat(username, gameID, message) values("JohnHansen43", 15, "See you all in 10.1");
INSERT INTO chat(username, gameID, message) values("BobGoldman68", 15, "Yo we should totally listen to some dank beats while we sports2");
INSERT INTO chat(username, gameID, message) values("KatieKhan67", 15, "Ay where the dank memes at?3");
INSERT INTO chat(username, gameID, message) values("TomCohen16", 16, "See you all in 10.0");
INSERT INTO chat(username, gameID, message) values("PaigeFontenot76", 16, "Hey, I'll bring a ball!1");
INSERT INTO chat(username, gameID, message) values("MaryBanbury44", 17, "We still on?0");
INSERT INTO chat(username, gameID, message) values("SarahMitchell14", 17, "I'll bring some snacks!1");
INSERT INTO chat(username, gameID, message) values("BobRenninger12", 18, "I'll bring some snacks!0");
INSERT INTO chat(username, gameID, message) values("KatieGabrielson61", 18, "Just got here and its busy so we can't play. Sorry!1");
INSERT INTO chat(username, gameID, message) values("JenniferSmith59", 18, "Hey, I'll bring a ball!2");
INSERT INTO chat(username, gameID, message) values("SarahGoldman8", 18, "Ay where the dank memes at?3");
INSERT INTO chat(username, gameID, message) values("JackGoldman4", 18, "I'll bring some snacks!4");
INSERT INTO chat(username, gameID, message) values("TomJohnson95", 18, "Just got here and its busy so we can't play. Sorry!5");
INSERT INTO chat(username, gameID, message) values("BenGabrielson88", 19, "Just realized it's raining, so let's cancel?0");
INSERT INTO chat(username, gameID, message) values("BobReiss99", 19, "I'll bring some snacks!1");
INSERT INTO chat(username, gameID, message) values("BenCohen79", 19, "I'll bring some snacks!2");
INSERT INTO chat(username, gameID, message) values("KatieGoldman89", 19, "Ay where the dank memes at?3");
INSERT INTO chat(username, gameID, message) values("BobJohnson51", 19, "Hey, I'll bring a ball!4");
INSERT INTO chat(username, gameID, message) values("JenniferJohnson77", 19, "Just realized it's raining, so let's cancel?5");
INSERT INTO chat(username, gameID, message) values("SarahSmith86", 19, "Just realized it's raining, so let's cancel?6");
INSERT INTO chat(username, gameID, message) values("BobCohen5", 19, "I'll bring some snacks!7");
INSERT INTO chat(username, gameID, message) values("PaigeMitchell28", 20, "Just got here and its busy so we can't play. Sorry!0");
INSERT INTO chat(username, gameID, message) values("JonathanJohnson18", 20, "I'll bring some snacks!1");
INSERT INTO chat(username, gameID, message) values("BobJohnson71", 20, "See you all in 10.2");
INSERT INTO chat(username, gameID, message) values("AllisonHansen69", 20, "We still on?3");
INSERT INTO chat(username, gameID, message) values("BobReiss99", 21, "Ay where the dank memes at?0");
INSERT INTO chat(username, gameID, message) values("TimmothyStenbit39", 21, "We still on?1");
INSERT INTO chat(username, gameID, message) values("TomCarter74", 21, "Hey, I'll bring a ball!2");
INSERT INTO chat(username, gameID, message) values("TomCohen16", 21, "Just realized it's raining, so let's cancel?3");
INSERT INTO chat(username, gameID, message) values("BobStenbit10", 21, "I'll bring some snacks!4");
INSERT INTO chat(username, gameID, message) values("PaigeBanbury15", 21, "We still on?5");
INSERT INTO chat(username, gameID, message) values("TomCohen16", 21, "Ay where the dank memes at?6");
INSERT INTO chat(username, gameID, message) values("AllisonGabrielson80", 21, "See you all in 10.7");
INSERT INTO chat(username, gameID, message) values("BobFontenot29", 21, "Yo we should totally listen to some dank beats while we sports8");
INSERT INTO chat(username, gameID, message) values("BenBanbury37", 21, "Yo we should totally listen to some dank beats while we sports9");
INSERT INTO chat(username, gameID, message) values("PaigeHansen92", 21, "See you all in 10.10");
INSERT INTO chat(username, gameID, message) values("MattRenninger20", 21, "Hey, I'll bring a ball!11");
INSERT INTO chat(username, gameID, message) values("PaigeFontenot76", 21, "Just got here and its busy so we can't play. Sorry!12");
INSERT INTO chat(username, gameID, message) values("JohnBanbury2", 21, "We still on?13");
INSERT INTO chat(username, gameID, message) values("MattCohen45", 21, "I'll bring some snacks!14");
INSERT INTO chat(username, gameID, message) values("TomCarter74", 22, "We still on?0");
INSERT INTO chat(username, gameID, message) values("JohnMitchell23", 22, "Yo we should totally listen to some dank beats while we sports1");
INSERT INTO chat(username, gameID, message) values("JackReiss72", 22, "Ay where the dank memes at?2");
INSERT INTO chat(username, gameID, message) values("JenniferReiss60", 22, "Just realized it's raining, so let's cancel?3");
INSERT INTO chat(username, gameID, message) values("BenGabrielson88", 22, "Just got here and its busy so we can't play. Sorry!4");
INSERT INTO chat(username, gameID, message) values("PaigeSmith25", 22, "Ay where the dank memes at?5");
INSERT INTO chat(username, gameID, message) values("TomJohnson95", 23, "Hey, I'll bring a ball!0");
INSERT INTO chat(username, gameID, message) values("SarahMitchell53", 23, "I'll bring some snacks!1");
INSERT INTO chat(username, gameID, message) values("MaryRenninger56", 23, "Yo we should totally listen to some dank beats while we sports2");
INSERT INTO chat(username, gameID, message) values("BobRenninger12", 23, "See you all in 10.3");
INSERT INTO chat(username, gameID, message) values("BobGoldman68", 24, "Yo we should totally listen to some dank beats while we sports0");
INSERT INTO chat(username, gameID, message) values("BobJohnson51", 24, "Just realized it's raining, so let's cancel?1");
INSERT INTO chat(username, gameID, message) values("TimmothyStenbit39", 24, "I'll bring some snacks!2");
INSERT INTO chat(username, gameID, message) values("GraceSmith34", 24, "I'll bring some snacks!3");
INSERT INTO chat(username, gameID, message) values("PaigeMitchell84", 24, "Hey, I'll bring a ball!4");
INSERT INTO chat(username, gameID, message) values("SarahGoldman8", 24, "We still on?5");
INSERT INTO chat(username, gameID, message) values("PaigeMitchell84", 24, "Yo we should totally listen to some dank beats while we sports6");
INSERT INTO chat(username, gameID, message) values("KatieGabrielson61", 24, "Yo we should totally listen to some dank beats while we sports7");
INSERT INTO chat(username, gameID, message) values("PaigeHansen92", 24, "Just got here and its busy so we can't play. Sorry!8");
INSERT INTO chat(username, gameID, message) values("JohnJohnson35", 24, "See you all in 10.9");
INSERT INTO chat(username, gameID, message) values("JenniferSmith59", 25, "Hey, I'll bring a ball!0");
INSERT INTO chat(username, gameID, message) values("PaigeGoldman91", 25, "Hey, I'll bring a ball!1");
INSERT INTO chat(username, gameID, message) values("JonathanJohnson18", 25, "Just realized it's raining, so let's cancel?2");
INSERT INTO chat(username, gameID, message) values("BobCohen5", 25, "Ay where the dank memes at?3");
INSERT INTO chat(username, gameID, message) values("JonathanGoldman96", 26, "Just realized it's raining, so let's cancel?0");
INSERT INTO chat(username, gameID, message) values("JenniferGoldman52", 26, "Yo we should totally listen to some dank beats while we sports1");
INSERT INTO chat(username, gameID, message) values("SarahSmith86", 26, "I'll bring some snacks!2");
INSERT INTO chat(username, gameID, message) values("JenniferCohen82", 26, "Ay where the dank memes at?3");
INSERT INTO chat(username, gameID, message) values("PaigeKhan24", 26, "Hey, I'll bring a ball!4");
INSERT INTO chat(username, gameID, message) values("JohnCohen13", 26, "Just realized it's raining, so let's cancel?5");
INSERT INTO chat(username, gameID, message) values("BobJohnson71", 26, "Just realized it's raining, so let's cancel?6");
INSERT INTO chat(username, gameID, message) values("BobRenninger12", 26, "Just realized it's raining, so let's cancel?7");
INSERT INTO chat(username, gameID, message) values("PaigeMitchell28", 27, "Ay where the dank memes at?0");
INSERT INTO chat(username, gameID, message) values("MarkKhan55", 27, "We still on?1");
INSERT INTO chat(username, gameID, message) values("PaigeGoldman91", 27, "Hey, I'll bring a ball!2");
INSERT INTO chat(username, gameID, message) values("SarahMitchell14", 27, "I'll bring some snacks!3");
INSERT INTO chat(username, gameID, message) values("JenniferSmith94", 28, "Ay where the dank memes at?0");
INSERT INTO chat(username, gameID, message) values("SarahMitchell14", 28, "Hey, I'll bring a ball!1");
INSERT INTO chat(username, gameID, message) values("BenGabrielson88", 28, "See you all in 10.2");
INSERT INTO chat(username, gameID, message) values("BobRenninger12", 28, "We still on?3");
INSERT INTO chat(username, gameID, message) values("JenniferGoldman52", 29, "Yo we should totally listen to some dank beats while we sports0");
INSERT INTO chat(username, gameID, message) values("JenniferSmith59", 29, "We still on?1");
INSERT INTO chat(username, gameID, message) values("PaigeFontenot38", 29, "Ay where the dank memes at?2");
INSERT INTO chat(username, gameID, message) values("PaigeMitchell28", 29, "Yo we should totally listen to some dank beats while we sports3");
INSERT INTO chat(username, gameID, message) values("BenFontenot49", 29, "See you all in 10.4");
INSERT INTO chat(username, gameID, message) values("JackGoldman4", 29, "Just got here and its busy so we can't play. Sorry!5");
INSERT INTO chat(username, gameID, message) values("BenBanbury37", 29, "Just got here and its busy so we can't play. Sorry!6");
INSERT INTO chat(username, gameID, message) values("BobHansen30", 29, "Yo we should totally listen to some dank beats while we sports7");
INSERT INTO chat(username, gameID, message) values("KatieGoldman89", 29, "Just realized it's raining, so let's cancel?8");
INSERT INTO chat(username, gameID, message) values("JenniferJohnson77", 29, "Ay where the dank memes at?9");
INSERT INTO chat(username, gameID, message) values("JonathanGoldman87", 30, "Hey, I'll bring a ball!0");
INSERT INTO chat(username, gameID, message) values("TomCarter74", 30, "Hey, I'll bring a ball!1");
INSERT INTO chat(username, gameID, message) values("JenniferKhan47", 31, "Just got here and its busy so we can't play. Sorry!0");
INSERT INTO chat(username, gameID, message) values("JackBanbury19", 31, "Ay where the dank memes at?1");
INSERT INTO chat(username, gameID, message) values("JonathanGoldman87", 31, "Just realized it's raining, so let's cancel?2");
INSERT INTO chat(username, gameID, message) values("MattStenbit63", 31, "Just realized it's raining, so let's cancel?3");
INSERT INTO chat(username, gameID, message) values("MaryMitchell6", 32, "See you all in 10.0");
INSERT INTO chat(username, gameID, message) values("TimmothyStenbit39", 32, "See you all in 10.1");
INSERT INTO chat(username, gameID, message) values("JohnJohnson35", 32, "Just got here and its busy so we can't play. Sorry!2");
INSERT INTO chat(username, gameID, message) values("BobFontenot29", 32, "Hey, I'll bring a ball!3");
INSERT INTO chat(username, gameID, message) values("MaryReiss64", 32, "Ay where the dank memes at?4");
INSERT INTO chat(username, gameID, message) values("AllisonHansen69", 32, "We still on?5");
INSERT INTO chat(username, gameID, message) values("BobHansen30", 32, "Ay where the dank memes at?6");
INSERT INTO chat(username, gameID, message) values("JenniferJohnson77", 32, "Hey, I'll bring a ball!7");
INSERT INTO chat(username, gameID, message) values("TomCohen16", 33, "Ay where the dank memes at?0");
INSERT INTO chat(username, gameID, message) values("MattJohnson26", 33, "We still on?1");
INSERT INTO chat(username, gameID, message) values("MaryMitchell6", 33, "Ay where the dank memes at?2");
INSERT INTO chat(username, gameID, message) values("JackBanbury19", 33, "Just got here and its busy so we can't play. Sorry!3");
INSERT INTO chat(username, gameID, message) values("BenCohen97", 33, "Ay where the dank memes at?4");
INSERT INTO chat(username, gameID, message) values("JenniferMitchell48", 33, "Just got here and its busy so we can't play. Sorry!5");
INSERT INTO chat(username, gameID, message) values("KatieGabrielson61", 33, "Just realized it's raining, so let's cancel?6");
INSERT INTO chat(username, gameID, message) values("AllisonCarter46", 33, "Yo we should totally listen to some dank beats while we sports7");
INSERT INTO chat(username, gameID, message) values("BobJohnson51", 34, "Hey, I'll bring a ball!0");
INSERT INTO chat(username, gameID, message) values("GraceStenbit41", 34, "Hey, I'll bring a ball!1");
INSERT INTO chat(username, gameID, message) values("JackBanbury19", 34, "Just realized it's raining, so let's cancel?2");
INSERT INTO chat(username, gameID, message) values("JackReiss72", 34, "Yo we should totally listen to some dank beats while we sports3");
INSERT INTO chat(username, gameID, message) values("KatieMitchell27", 34, "Ay where the dank memes at?4");
INSERT INTO chat(username, gameID, message) values("PaigeRenninger65", 34, "See you all in 10.5");
INSERT INTO chat(username, gameID, message) values("JenniferKhan47", 35, "I'll bring some snacks!0");
INSERT INTO chat(username, gameID, message) values("PaigeFontenot38", 35, "I'll bring some snacks!1");
INSERT INTO chat(username, gameID, message) values("TomCohen16", 35, "I'll bring some snacks!2");
INSERT INTO chat(username, gameID, message) values("MattJohnson26", 35, "Hey, I'll bring a ball!3");
INSERT INTO chat(username, gameID, message) values("JohnBanbury2", 35, "Yo we should totally listen to some dank beats while we sports4");
INSERT INTO chat(username, gameID, message) values("JenniferGoldman3", 35, "Ay where the dank memes at?5");
INSERT INTO chat(username, gameID, message) values("TomCohen16", 36, "Just realized it's raining, so let's cancel?0");
INSERT INTO chat(username, gameID, message) values("MattJohnson26", 36, "See you all in 10.1");
INSERT INTO chat(username, gameID, message) values("JackGoldman4", 37, "I'll bring some snacks!0");
INSERT INTO chat(username, gameID, message) values("JohnBanbury2", 37, "Just realized it's raining, so let's cancel?1");
INSERT INTO chat(username, gameID, message) values("KatieCohen62", 37, "Yo we should totally listen to some dank beats while we sports2");
INSERT INTO chat(username, gameID, message) values("MattCarter21", 37, "Ay where the dank memes at?3");
INSERT INTO chat(username, gameID, message) values("AllisonHansen69", 37, "Yo we should totally listen to some dank beats while we sports4");
INSERT INTO chat(username, gameID, message) values("JohnMitchell23", 37, "We still on?5");
INSERT INTO chat(username, gameID, message) values("TimmothyStenbit39", 37, "Yo we should totally listen to some dank beats while we sports6");
INSERT INTO chat(username, gameID, message) values("JenniferMitchell48", 37, "Yo we should totally listen to some dank beats while we sports7");
INSERT INTO chat(username, gameID, message) values("JohnStenbit66", 37, "Ay where the dank memes at?8");
INSERT INTO chat(username, gameID, message) values("PaigeMitchell28", 37, "We still on?9");
INSERT INTO chat(username, gameID, message) values("MaryReiss64", 37, "Hey, I'll bring a ball!10");
INSERT INTO chat(username, gameID, message) values("JonathanJohnson18", 37, "Yo we should totally listen to some dank beats while we sports11");
INSERT INTO chat(username, gameID, message) values("JonathanGoldman87", 37, "We still on?12");
INSERT INTO chat(username, gameID, message) values("JenniferKhan47", 37, "Just realized it's raining, so let's cancel?13");
INSERT INTO chat(username, gameID, message) values("BobGoldman68", 37, "Hey, I'll bring a ball!14");
INSERT INTO chat(username, gameID, message) values("GraceStenbit41", 38, "Just got here and its busy so we can't play. Sorry!0");
INSERT INTO chat(username, gameID, message) values("BenCohen79", 38, "Hey, I'll bring a ball!1");
INSERT INTO chat(username, gameID, message) values("PaigeMitchell84", 38, "See you all in 10.2");
INSERT INTO chat(username, gameID, message) values("SarahKhan31", 38, "I'll bring some snacks!3");
INSERT INTO chat(username, gameID, message) values("BenCohen79", 39, "Yo we should totally listen to some dank beats while we sports0");
INSERT INTO chat(username, gameID, message) values("SarahSmith86", 39, "Just realized it's raining, so let's cancel?1");
INSERT INTO chat(username, gameID, message) values("JonathanJohnson18", 39, "Ay where the dank memes at?2");
INSERT INTO chat(username, gameID, message) values("TomCarter74", 39, "Hey, I'll bring a ball!3");
INSERT INTO chat(username, gameID, message) values("BobFontenot29", 39, "Hey, I'll bring a ball!4");
INSERT INTO chat(username, gameID, message) values("JohnBanbury2", 39, "Just got here and its busy so we can't play. Sorry!5");
INSERT INTO chat(username, gameID, message) values("JohnJohnson35", 39, "See you all in 10.6");
INSERT INTO chat(username, gameID, message) values("MattStenbit63", 39, "Yo we should totally listen to some dank beats while we sports7");
INSERT INTO chat(username, gameID, message) values("KatieGoldman89", 39, "Hey, I'll bring a ball!8");
INSERT INTO chat(username, gameID, message) values("MaryMitchell73", 39, "Yo we should totally listen to some dank beats while we sports9");
INSERT INTO chat(username, gameID, message) values("SarahKhan31", 40, "Yo we should totally listen to some dank beats while we sports0");
INSERT INTO chat(username, gameID, message) values("PaigeMitchell28", 40, "Just realized it's raining, so let's cancel?1");
INSERT INTO chat(username, gameID, message) values("GraceSmith34", 40, "Just realized it's raining, so let's cancel?2");
INSERT INTO chat(username, gameID, message) values("TomCohen16", 40, "I'll bring some snacks!3");
INSERT INTO chat(username, gameID, message) values("BobRenninger12", 40, "Just realized it's raining, so let's cancel?4");
INSERT INTO chat(username, gameID, message) values("MaryMitchell6", 41, "Just realized it's raining, so let's cancel?0");
INSERT INTO chat(username, gameID, message) values("AllisonCarter46", 41, "We still on?1");
INSERT INTO chat(username, gameID, message) values("GraceHansen7", 41, "I'll bring some snacks!2");
INSERT INTO chat(username, gameID, message) values("JackBanbury19", 41, "We still on?3");
INSERT INTO chat(username, gameID, message) values("JackBanbury19", 41, "See you all in 10.4");
INSERT INTO chat(username, gameID, message) values("TimmothyStenbit81", 41, "See you all in 10.5");
INSERT INTO chat(username, gameID, message) values("JenniferCohen82", 41, "Yo we should totally listen to some dank beats while we sports6");
INSERT INTO chat(username, gameID, message) values("TomStenbit32", 41, "Just got here and its busy so we can't play. Sorry!7");
INSERT INTO chat(username, gameID, message) values("JonathanRenninger93", 42, "Hey, I'll bring a ball!0");
INSERT INTO chat(username, gameID, message) values("KatieFontenot83", 42, "I'll bring some snacks!1");
INSERT INTO chat(username, gameID, message) values("BenCohen97", 42, "I'll bring some snacks!2");
INSERT INTO chat(username, gameID, message) values("TomCohen16", 42, "Just got here and its busy so we can't play. Sorry!3");
INSERT INTO chat(username, gameID, message) values("JenniferKhan47", 42, "I'll bring some snacks!4");
INSERT INTO chat(username, gameID, message) values("TomJohnson57", 43, "See you all in 10.0");
INSERT INTO chat(username, gameID, message) values("GraceHansen7", 43, "Just got here and its busy so we can't play. Sorry!1");
INSERT INTO chat(username, gameID, message) values("BobReiss99", 43, "See you all in 10.2");
INSERT INTO chat(username, gameID, message) values("TomSmith75", 43, "See you all in 10.3");
INSERT INTO chat(username, gameID, message) values("MattRenninger20", 43, "Just got here and its busy so we can't play. Sorry!4");
INSERT INTO chat(username, gameID, message) values("PaigeMitchell28", 43, "I'll bring some snacks!5");
INSERT INTO chat(username, gameID, message) values("JenniferSmith59", 43, "I'll bring some snacks!6");
INSERT INTO chat(username, gameID, message) values("TomCohen16", 43, "Ay where the dank memes at?7");
INSERT INTO chat(username, gameID, message) values("JenniferMitchell48", 43, "Ay where the dank memes at?8");
INSERT INTO chat(username, gameID, message) values("AllisonHansen69", 43, "Hey, I'll bring a ball!9");
INSERT INTO chat(username, gameID, message) values("JenniferGoldman52", 44, "Hey, I'll bring a ball!0");
INSERT INTO chat(username, gameID, message) values("BobStenbit10", 44, "Just got here and its busy so we can't play. Sorry!1");
INSERT INTO chat(username, gameID, message) values("PaigeHansen92", 44, "See you all in 10.2");
INSERT INTO chat(username, gameID, message) values("TimmothyStenbit39", 44, "Ay where the dank memes at?3");
INSERT INTO chat(username, gameID, message) values("KatieGabrielson0", 44, "Hey, I'll bring a ball!4");
INSERT INTO chat(username, gameID, message) values("KatieGoldman89", 44, "Ay where the dank memes at?5");
INSERT INTO chat(username, gameID, message) values("AllisonGabrielson80", 45, "Just got here and its busy so we can't play. Sorry!0");
INSERT INTO chat(username, gameID, message) values("KatieMitchell27", 45, "We still on?1");
INSERT INTO chat(username, gameID, message) values("KatieMitchell27", 45, "Hey, I'll bring a ball!2");
INSERT INTO chat(username, gameID, message) values("PaigeKhan24", 45, "Yo we should totally listen to some dank beats while we sports3");
INSERT INTO chat(username, gameID, message) values("SarahCarter78", 45, "Yo we should totally listen to some dank beats while we sports4");
INSERT INTO chat(username, gameID, message) values("PaigeHansen90", 45, "I'll bring some snacks!5");
INSERT INTO chat(username, gameID, message) values("JackReiss72", 45, "Ay where the dank memes at?6");
INSERT INTO chat(username, gameID, message) values("MaryBanbury44", 45, "I'll bring some snacks!7");
INSERT INTO chat(username, gameID, message) values("PaigeMitchell84", 45, "I'll bring some snacks!8");
INSERT INTO chat(username, gameID, message) values("BenRenninger54", 45, "I'll bring some snacks!9");
INSERT INTO chat(username, gameID, message) values("JohnMitchell23", 45, "Hey, I'll bring a ball!10");
INSERT INTO chat(username, gameID, message) values("JenniferMitchell48", 45, "We still on?11");
INSERT INTO chat(username, gameID, message) values("GraceHansen58", 45, "Just got here and its busy so we can't play. Sorry!12");
INSERT INTO chat(username, gameID, message) values("AllisonHansen69", 45, "Just got here and its busy so we can't play. Sorry!13");
INSERT INTO chat(username, gameID, message) values("MattRenninger20", 45, "Just got here and its busy so we can't play. Sorry!14");
INSERT INTO chat(username, gameID, message) values("PaigeHansen92", 46, "Just realized it's raining, so let's cancel?0");
INSERT INTO chat(username, gameID, message) values("KatieGabrielson0", 46, "We still on?1");
INSERT INTO chat(username, gameID, message) values("SarahSmith86", 46, "Yo we should totally listen to some dank beats while we sports2");
INSERT INTO chat(username, gameID, message) values("TomHansen17", 46, "See you all in 10.3");
INSERT INTO chat(username, gameID, message) values("KatieGabrielson0", 46, "See you all in 10.4");
INSERT INTO chat(username, gameID, message) values("MaryRenninger56", 47, "We still on?0");
INSERT INTO chat(username, gameID, message) values("GraceStenbit41", 47, "Just got here and its busy so we can't play. Sorry!1");
INSERT INTO chat(username, gameID, message) values("MaryRenninger56", 47, "Ay where the dank memes at?2");
INSERT INTO chat(username, gameID, message) values("JenniferMitchell48", 47, "Yo we should totally listen to some dank beats while we sports3");
INSERT INTO chat(username, gameID, message) values("BobSmith70", 48, "See you all in 10.0");
INSERT INTO chat(username, gameID, message) values("MaryRenninger56", 48, "We still on?1");
INSERT INTO chat(username, gameID, message) values("BobCohen5", 48, "Ay where the dank memes at?2");
INSERT INTO chat(username, gameID, message) values("MarkKhan55", 48, "We still on?3");
INSERT INTO chat(username, gameID, message) values("MarkKhan55", 49, "Ay where the dank memes at?0");
INSERT INTO chat(username, gameID, message) values("JackCohen42", 49, "See you all in 10.1");
INSERT INTO chat(username, gameID, message) values("BobSmith70", 49, "Just realized it's raining, so let's cancel?2");
INSERT INTO chat(username, gameID, message) values("AllisonStenbit9", 49, "Hey, I'll bring a ball!3");
INSERT INTO chat(username, gameID, message) values("JohnBanbury2", 49, "Yo we should totally listen to some dank beats while we sports4");
INSERT INTO chat(username, gameID, message) values("AllisonCarter46", 49, "I'll bring some snacks!5");
INSERT INTO chat(username, gameID, message) values("MattCohen45", 50, "Just got here and its busy so we can't play. Sorry!0");
INSERT INTO chat(username, gameID, message) values("PaigeMitchell84", 50, "Just realized it's raining, so let's cancel?1");
INSERT INTO chat(username, gameID, message) values("JonathanGoldman87", 50, "Just got here and its busy so we can't play. Sorry!2");
INSERT INTO chat(username, gameID, message) values("TimmothyStenbit39", 50, "See you all in 10.3");
