DROP DATABASE IF EXISTS pickup;

CREATE DATABASE pickup;

USE pickup;

CREATE TABLE user(
name VARCHAR(100),
id INT auto_increment PRIMARY KEY,
salt VARCHAR(256),
hash VARCHAR(64),
email VARCHAR(100)
);

CREATE TABLE login(
login DATETIME,
username VARCHAR(100),
PRIMARY KEY(login, username)
);

CREATE TABLE friend(
friender VARCHAR(100),
friendee VARCHAR(100),
PRIMARY KEY(friender, friendee)
);

CREATE TABLE sportPreference(
username VARCHAR(100),
sport VARCHAR(100),
PRIMARY KEY(username, sport)
);

CREATE TABLE game(
id INT PRIMARY KEY auto_increment,
sport VARCHAR(100),
time TIME,
date DATE,
playerCount INT,
location VARCHAR(100),
full TINYINT
);

CREATE TABLE enlist(
playerName VARCHAR(100),
gameID INT,
PRIMARY KEY(playerName, gameID)
);


INSERT INTO user(name, salt, hash) values("BenCohen0","1jo5OFAVDpC6xaEgt8sSuHcOSzo1SnkEVF5jHwD39SJegUlvz8nBLNeJBK6StVPCKzNNxUpOToQojUW304fW5gjniSqWejeBxo6Xtlgb0qIWW4vYoRYIIPRph8YwiW1mSxZ6sahYlfruDA52wtwPw82I9EVnEul7jRMbbFGFD2NDNW3AinEFt5sqMa84tKK0V9JJyRe4FY7yFTOVjSMV41WF2srbI3k0QVGoEaQ7r0tijCBnXil4QVwQ0ya1FW3g","e48856bbdbbb68291a2059fd540961ca213ee5b20b91a7a26bb8b59ae4b052b5");
INSERT INTO user(name, salt, hash) values("IanGoldman1","1jo5OFAVDpC6xaEgt8sSuHcOSzo1SnkEVF5jHwD39SJegUlvz8nBLNeJBK6StVPCKzNNxUpOToQojUW304fW5gjniSqWejeBxo6Xtlgb0qIWW4vYoRYIIPRph8YwiW1mSxZ6sahYlfruDA52wtwPw82I9EVnEul7jRMbbFGFD2NDNW3AinEFt5sqMa84tKK0V9JJyRe4FY7yFTOVjSMV41WF2srbI3k0QVGoEaQ7r0tijCBnXil4QVwQ0ya1FW3g","e48856bbdbbb68291a2059fd540961ca213ee5b20b91a7a26bb8b59ae4b052b5");
INSERT INTO user(name, salt, hash) values("GraceJohnson2","1jo5OFAVDpC6xaEgt8sSuHcOSzo1SnkEVF5jHwD39SJegUlvz8nBLNeJBK6StVPCKzNNxUpOToQojUW304fW5gjniSqWejeBxo6Xtlgb0qIWW4vYoRYIIPRph8YwiW1mSxZ6sahYlfruDA52wtwPw82I9EVnEul7jRMbbFGFD2NDNW3AinEFt5sqMa84tKK0V9JJyRe4FY7yFTOVjSMV41WF2srbI3k0QVGoEaQ7r0tijCBnXil4QVwQ0ya1FW3g","e48856bbdbbb68291a2059fd540961ca213ee5b20b91a7a26bb8b59ae4b052b5");
INSERT INTO user(name, salt, hash) values("JenniferBanbury3","1jo5OFAVDpC6xaEgt8sSuHcOSzo1SnkEVF5jHwD39SJegUlvz8nBLNeJBK6StVPCKzNNxUpOToQojUW304fW5gjniSqWejeBxo6Xtlgb0qIWW4vYoRYIIPRph8YwiW1mSxZ6sahYlfruDA52wtwPw82I9EVnEul7jRMbbFGFD2NDNW3AinEFt5sqMa84tKK0V9JJyRe4FY7yFTOVjSMV41WF2srbI3k0QVGoEaQ7r0tijCBnXil4QVwQ0ya1FW3g","e48856bbdbbb68291a2059fd540961ca213ee5b20b91a7a26bb8b59ae4b052b5");
INSERT INTO user(name, salt, hash) values("IanStenbit4","1jo5OFAVDpC6xaEgt8sSuHcOSzo1SnkEVF5jHwD39SJegUlvz8nBLNeJBK6StVPCKzNNxUpOToQojUW304fW5gjniSqWejeBxo6Xtlgb0qIWW4vYoRYIIPRph8YwiW1mSxZ6sahYlfruDA52wtwPw82I9EVnEul7jRMbbFGFD2NDNW3AinEFt5sqMa84tKK0V9JJyRe4FY7yFTOVjSMV41WF2srbI3k0QVGoEaQ7r0tijCBnXil4QVwQ0ya1FW3g","e48856bbdbbb68291a2059fd540961ca213ee5b20b91a7a26bb8b59ae4b052b5");
INSERT INTO user(name, salt, hash) values("SarahSmith5","1jo5OFAVDpC6xaEgt8sSuHcOSzo1SnkEVF5jHwD39SJegUlvz8nBLNeJBK6StVPCKzNNxUpOToQojUW304fW5gjniSqWejeBxo6Xtlgb0qIWW4vYoRYIIPRph8YwiW1mSxZ6sahYlfruDA52wtwPw82I9EVnEul7jRMbbFGFD2NDNW3AinEFt5sqMa84tKK0V9JJyRe4FY7yFTOVjSMV41WF2srbI3k0QVGoEaQ7r0tijCBnXil4QVwQ0ya1FW3g","e48856bbdbbb68291a2059fd540961ca213ee5b20b91a7a26bb8b59ae4b052b5");
INSERT INTO user(name, salt, hash) values("MaryHansen6","1jo5OFAVDpC6xaEgt8sSuHcOSzo1SnkEVF5jHwD39SJegUlvz8nBLNeJBK6StVPCKzNNxUpOToQojUW304fW5gjniSqWejeBxo6Xtlgb0qIWW4vYoRYIIPRph8YwiW1mSxZ6sahYlfruDA52wtwPw82I9EVnEul7jRMbbFGFD2NDNW3AinEFt5sqMa84tKK0V9JJyRe4FY7yFTOVjSMV41WF2srbI3k0QVGoEaQ7r0tijCBnXil4QVwQ0ya1FW3g","e48856bbdbbb68291a2059fd540961ca213ee5b20b91a7a26bb8b59ae4b052b5");
INSERT INTO user(name, salt, hash) values("MaryRenninger7","1jo5OFAVDpC6xaEgt8sSuHcOSzo1SnkEVF5jHwD39SJegUlvz8nBLNeJBK6StVPCKzNNxUpOToQojUW304fW5gjniSqWejeBxo6Xtlgb0qIWW4vYoRYIIPRph8YwiW1mSxZ6sahYlfruDA52wtwPw82I9EVnEul7jRMbbFGFD2NDNW3AinEFt5sqMa84tKK0V9JJyRe4FY7yFTOVjSMV41WF2srbI3k0QVGoEaQ7r0tijCBnXil4QVwQ0ya1FW3g","e48856bbdbbb68291a2059fd540961ca213ee5b20b91a7a26bb8b59ae4b052b5");
INSERT INTO user(name, salt, hash) values("TimmothySmith8","1jo5OFAVDpC6xaEgt8sSuHcOSzo1SnkEVF5jHwD39SJegUlvz8nBLNeJBK6StVPCKzNNxUpOToQojUW304fW5gjniSqWejeBxo6Xtlgb0qIWW4vYoRYIIPRph8YwiW1mSxZ6sahYlfruDA52wtwPw82I9EVnEul7jRMbbFGFD2NDNW3AinEFt5sqMa84tKK0V9JJyRe4FY7yFTOVjSMV41WF2srbI3k0QVGoEaQ7r0tijCBnXil4QVwQ0ya1FW3g","e48856bbdbbb68291a2059fd540961ca213ee5b20b91a7a26bb8b59ae4b052b5");
INSERT INTO user(name, salt, hash) values("JackReiss9","1jo5OFAVDpC6xaEgt8sSuHcOSzo1SnkEVF5jHwD39SJegUlvz8nBLNeJBK6StVPCKzNNxUpOToQojUW304fW5gjniSqWejeBxo6Xtlgb0qIWW4vYoRYIIPRph8YwiW1mSxZ6sahYlfruDA52wtwPw82I9EVnEul7jRMbbFGFD2NDNW3AinEFt5sqMa84tKK0V9JJyRe4FY7yFTOVjSMV41WF2srbI3k0QVGoEaQ7r0tijCBnXil4QVwQ0ya1FW3g","e48856bbdbbb68291a2059fd540961ca213ee5b20b91a7a26bb8b59ae4b052b5");
INSERT INTO user(name, salt, hash) values("BenGoldman10","1jo5OFAVDpC6xaEgt8sSuHcOSzo1SnkEVF5jHwD39SJegUlvz8nBLNeJBK6StVPCKzNNxUpOToQojUW304fW5gjniSqWejeBxo6Xtlgb0qIWW4vYoRYIIPRph8YwiW1mSxZ6sahYlfruDA52wtwPw82I9EVnEul7jRMbbFGFD2NDNW3AinEFt5sqMa84tKK0V9JJyRe4FY7yFTOVjSMV41WF2srbI3k0QVGoEaQ7r0tijCBnXil4QVwQ0ya1FW3g","e48856bbdbbb68291a2059fd540961ca213ee5b20b91a7a26bb8b59ae4b052b5");
INSERT INTO user(name, salt, hash) values("BenStenbit11","1jo5OFAVDpC6xaEgt8sSuHcOSzo1SnkEVF5jHwD39SJegUlvz8nBLNeJBK6StVPCKzNNxUpOToQojUW304fW5gjniSqWejeBxo6Xtlgb0qIWW4vYoRYIIPRph8YwiW1mSxZ6sahYlfruDA52wtwPw82I9EVnEul7jRMbbFGFD2NDNW3AinEFt5sqMa84tKK0V9JJyRe4FY7yFTOVjSMV41WF2srbI3k0QVGoEaQ7r0tijCBnXil4QVwQ0ya1FW3g","e48856bbdbbb68291a2059fd540961ca213ee5b20b91a7a26bb8b59ae4b052b5");
INSERT INTO user(name, salt, hash) values("JenniferHansen12","1jo5OFAVDpC6xaEgt8sSuHcOSzo1SnkEVF5jHwD39SJegUlvz8nBLNeJBK6StVPCKzNNxUpOToQojUW304fW5gjniSqWejeBxo6Xtlgb0qIWW4vYoRYIIPRph8YwiW1mSxZ6sahYlfruDA52wtwPw82I9EVnEul7jRMbbFGFD2NDNW3AinEFt5sqMa84tKK0V9JJyRe4FY7yFTOVjSMV41WF2srbI3k0QVGoEaQ7r0tijCBnXil4QVwQ0ya1FW3g","e48856bbdbbb68291a2059fd540961ca213ee5b20b91a7a26bb8b59ae4b052b5");
INSERT INTO user(name, salt, hash) values("SarahGabrielson13","1jo5OFAVDpC6xaEgt8sSuHcOSzo1SnkEVF5jHwD39SJegUlvz8nBLNeJBK6StVPCKzNNxUpOToQojUW304fW5gjniSqWejeBxo6Xtlgb0qIWW4vYoRYIIPRph8YwiW1mSxZ6sahYlfruDA52wtwPw82I9EVnEul7jRMbbFGFD2NDNW3AinEFt5sqMa84tKK0V9JJyRe4FY7yFTOVjSMV41WF2srbI3k0QVGoEaQ7r0tijCBnXil4QVwQ0ya1FW3g","e48856bbdbbb68291a2059fd540961ca213ee5b20b91a7a26bb8b59ae4b052b5");
INSERT INTO user(name, salt, hash) values("TimmothyReiss14","1jo5OFAVDpC6xaEgt8sSuHcOSzo1SnkEVF5jHwD39SJegUlvz8nBLNeJBK6StVPCKzNNxUpOToQojUW304fW5gjniSqWejeBxo6Xtlgb0qIWW4vYoRYIIPRph8YwiW1mSxZ6sahYlfruDA52wtwPw82I9EVnEul7jRMbbFGFD2NDNW3AinEFt5sqMa84tKK0V9JJyRe4FY7yFTOVjSMV41WF2srbI3k0QVGoEaQ7r0tijCBnXil4QVwQ0ya1FW3g","e48856bbdbbb68291a2059fd540961ca213ee5b20b91a7a26bb8b59ae4b052b5");
INSERT INTO user(name, salt, hash) values("TomFontenot15","1jo5OFAVDpC6xaEgt8sSuHcOSzo1SnkEVF5jHwD39SJegUlvz8nBLNeJBK6StVPCKzNNxUpOToQojUW304fW5gjniSqWejeBxo6Xtlgb0qIWW4vYoRYIIPRph8YwiW1mSxZ6sahYlfruDA52wtwPw82I9EVnEul7jRMbbFGFD2NDNW3AinEFt5sqMa84tKK0V9JJyRe4FY7yFTOVjSMV41WF2srbI3k0QVGoEaQ7r0tijCBnXil4QVwQ0ya1FW3g","e48856bbdbbb68291a2059fd540961ca213ee5b20b91a7a26bb8b59ae4b052b5");
INSERT INTO user(name, salt, hash) values("TimmothySmith16","1jo5OFAVDpC6xaEgt8sSuHcOSzo1SnkEVF5jHwD39SJegUlvz8nBLNeJBK6StVPCKzNNxUpOToQojUW304fW5gjniSqWejeBxo6Xtlgb0qIWW4vYoRYIIPRph8YwiW1mSxZ6sahYlfruDA52wtwPw82I9EVnEul7jRMbbFGFD2NDNW3AinEFt5sqMa84tKK0V9JJyRe4FY7yFTOVjSMV41WF2srbI3k0QVGoEaQ7r0tijCBnXil4QVwQ0ya1FW3g","e48856bbdbbb68291a2059fd540961ca213ee5b20b91a7a26bb8b59ae4b052b5");
INSERT INTO user(name, salt, hash) values("JackFontenot17","1jo5OFAVDpC6xaEgt8sSuHcOSzo1SnkEVF5jHwD39SJegUlvz8nBLNeJBK6StVPCKzNNxUpOToQojUW304fW5gjniSqWejeBxo6Xtlgb0qIWW4vYoRYIIPRph8YwiW1mSxZ6sahYlfruDA52wtwPw82I9EVnEul7jRMbbFGFD2NDNW3AinEFt5sqMa84tKK0V9JJyRe4FY7yFTOVjSMV41WF2srbI3k0QVGoEaQ7r0tijCBnXil4QVwQ0ya1FW3g","e48856bbdbbb68291a2059fd540961ca213ee5b20b91a7a26bb8b59ae4b052b5");
INSERT INTO user(name, salt, hash) values("JonathanKhan18","1jo5OFAVDpC6xaEgt8sSuHcOSzo1SnkEVF5jHwD39SJegUlvz8nBLNeJBK6StVPCKzNNxUpOToQojUW304fW5gjniSqWejeBxo6Xtlgb0qIWW4vYoRYIIPRph8YwiW1mSxZ6sahYlfruDA52wtwPw82I9EVnEul7jRMbbFGFD2NDNW3AinEFt5sqMa84tKK0V9JJyRe4FY7yFTOVjSMV41WF2srbI3k0QVGoEaQ7r0tijCBnXil4QVwQ0ya1FW3g","e48856bbdbbb68291a2059fd540961ca213ee5b20b91a7a26bb8b59ae4b052b5");
INSERT INTO user(name, salt, hash) values("JonathanHansen19","1jo5OFAVDpC6xaEgt8sSuHcOSzo1SnkEVF5jHwD39SJegUlvz8nBLNeJBK6StVPCKzNNxUpOToQojUW304fW5gjniSqWejeBxo6Xtlgb0qIWW4vYoRYIIPRph8YwiW1mSxZ6sahYlfruDA52wtwPw82I9EVnEul7jRMbbFGFD2NDNW3AinEFt5sqMa84tKK0V9JJyRe4FY7yFTOVjSMV41WF2srbI3k0QVGoEaQ7r0tijCBnXil4QVwQ0ya1FW3g","e48856bbdbbb68291a2059fd540961ca213ee5b20b91a7a26bb8b59ae4b052b5");
INSERT INTO user(name, salt, hash) values("MaryRenninger20","1jo5OFAVDpC6xaEgt8sSuHcOSzo1SnkEVF5jHwD39SJegUlvz8nBLNeJBK6StVPCKzNNxUpOToQojUW304fW5gjniSqWejeBxo6Xtlgb0qIWW4vYoRYIIPRph8YwiW1mSxZ6sahYlfruDA52wtwPw82I9EVnEul7jRMbbFGFD2NDNW3AinEFt5sqMa84tKK0V9JJyRe4FY7yFTOVjSMV41WF2srbI3k0QVGoEaQ7r0tijCBnXil4QVwQ0ya1FW3g","e48856bbdbbb68291a2059fd540961ca213ee5b20b91a7a26bb8b59ae4b052b5");
INSERT INTO user(name, salt, hash) values("MaryJohnson21","1jo5OFAVDpC6xaEgt8sSuHcOSzo1SnkEVF5jHwD39SJegUlvz8nBLNeJBK6StVPCKzNNxUpOToQojUW304fW5gjniSqWejeBxo6Xtlgb0qIWW4vYoRYIIPRph8YwiW1mSxZ6sahYlfruDA52wtwPw82I9EVnEul7jRMbbFGFD2NDNW3AinEFt5sqMa84tKK0V9JJyRe4FY7yFTOVjSMV41WF2srbI3k0QVGoEaQ7r0tijCBnXil4QVwQ0ya1FW3g","e48856bbdbbb68291a2059fd540961ca213ee5b20b91a7a26bb8b59ae4b052b5");
INSERT INTO user(name, salt, hash) values("IanMitchell22","1jo5OFAVDpC6xaEgt8sSuHcOSzo1SnkEVF5jHwD39SJegUlvz8nBLNeJBK6StVPCKzNNxUpOToQojUW304fW5gjniSqWejeBxo6Xtlgb0qIWW4vYoRYIIPRph8YwiW1mSxZ6sahYlfruDA52wtwPw82I9EVnEul7jRMbbFGFD2NDNW3AinEFt5sqMa84tKK0V9JJyRe4FY7yFTOVjSMV41WF2srbI3k0QVGoEaQ7r0tijCBnXil4QVwQ0ya1FW3g","e48856bbdbbb68291a2059fd540961ca213ee5b20b91a7a26bb8b59ae4b052b5");
INSERT INTO user(name, salt, hash) values("JohnCarter23","1jo5OFAVDpC6xaEgt8sSuHcOSzo1SnkEVF5jHwD39SJegUlvz8nBLNeJBK6StVPCKzNNxUpOToQojUW304fW5gjniSqWejeBxo6Xtlgb0qIWW4vYoRYIIPRph8YwiW1mSxZ6sahYlfruDA52wtwPw82I9EVnEul7jRMbbFGFD2NDNW3AinEFt5sqMa84tKK0V9JJyRe4FY7yFTOVjSMV41WF2srbI3k0QVGoEaQ7r0tijCBnXil4QVwQ0ya1FW3g","e48856bbdbbb68291a2059fd540961ca213ee5b20b91a7a26bb8b59ae4b052b5");
INSERT INTO user(name, salt, hash) values("MattBanbury24","1jo5OFAVDpC6xaEgt8sSuHcOSzo1SnkEVF5jHwD39SJegUlvz8nBLNeJBK6StVPCKzNNxUpOToQojUW304fW5gjniSqWejeBxo6Xtlgb0qIWW4vYoRYIIPRph8YwiW1mSxZ6sahYlfruDA52wtwPw82I9EVnEul7jRMbbFGFD2NDNW3AinEFt5sqMa84tKK0V9JJyRe4FY7yFTOVjSMV41WF2srbI3k0QVGoEaQ7r0tijCBnXil4QVwQ0ya1FW3g","e48856bbdbbb68291a2059fd540961ca213ee5b20b91a7a26bb8b59ae4b052b5");
INSERT INTO user(name, salt, hash) values("KatyBanbury25","1jo5OFAVDpC6xaEgt8sSuHcOSzo1SnkEVF5jHwD39SJegUlvz8nBLNeJBK6StVPCKzNNxUpOToQojUW304fW5gjniSqWejeBxo6Xtlgb0qIWW4vYoRYIIPRph8YwiW1mSxZ6sahYlfruDA52wtwPw82I9EVnEul7jRMbbFGFD2NDNW3AinEFt5sqMa84tKK0V9JJyRe4FY7yFTOVjSMV41WF2srbI3k0QVGoEaQ7r0tijCBnXil4QVwQ0ya1FW3g","e48856bbdbbb68291a2059fd540961ca213ee5b20b91a7a26bb8b59ae4b052b5");
INSERT INTO user(name, salt, hash) values("IanCohen26","1jo5OFAVDpC6xaEgt8sSuHcOSzo1SnkEVF5jHwD39SJegUlvz8nBLNeJBK6StVPCKzNNxUpOToQojUW304fW5gjniSqWejeBxo6Xtlgb0qIWW4vYoRYIIPRph8YwiW1mSxZ6sahYlfruDA52wtwPw82I9EVnEul7jRMbbFGFD2NDNW3AinEFt5sqMa84tKK0V9JJyRe4FY7yFTOVjSMV41WF2srbI3k0QVGoEaQ7r0tijCBnXil4QVwQ0ya1FW3g","e48856bbdbbb68291a2059fd540961ca213ee5b20b91a7a26bb8b59ae4b052b5");
INSERT INTO user(name, salt, hash) values("BobStenbit27","1jo5OFAVDpC6xaEgt8sSuHcOSzo1SnkEVF5jHwD39SJegUlvz8nBLNeJBK6StVPCKzNNxUpOToQojUW304fW5gjniSqWejeBxo6Xtlgb0qIWW4vYoRYIIPRph8YwiW1mSxZ6sahYlfruDA52wtwPw82I9EVnEul7jRMbbFGFD2NDNW3AinEFt5sqMa84tKK0V9JJyRe4FY7yFTOVjSMV41WF2srbI3k0QVGoEaQ7r0tijCBnXil4QVwQ0ya1FW3g","e48856bbdbbb68291a2059fd540961ca213ee5b20b91a7a26bb8b59ae4b052b5");
INSERT INTO user(name, salt, hash) values("TomGoldman28","1jo5OFAVDpC6xaEgt8sSuHcOSzo1SnkEVF5jHwD39SJegUlvz8nBLNeJBK6StVPCKzNNxUpOToQojUW304fW5gjniSqWejeBxo6Xtlgb0qIWW4vYoRYIIPRph8YwiW1mSxZ6sahYlfruDA52wtwPw82I9EVnEul7jRMbbFGFD2NDNW3AinEFt5sqMa84tKK0V9JJyRe4FY7yFTOVjSMV41WF2srbI3k0QVGoEaQ7r0tijCBnXil4QVwQ0ya1FW3g","e48856bbdbbb68291a2059fd540961ca213ee5b20b91a7a26bb8b59ae4b052b5");
INSERT INTO user(name, salt, hash) values("TimmothyStenbit29","1jo5OFAVDpC6xaEgt8sSuHcOSzo1SnkEVF5jHwD39SJegUlvz8nBLNeJBK6StVPCKzNNxUpOToQojUW304fW5gjniSqWejeBxo6Xtlgb0qIWW4vYoRYIIPRph8YwiW1mSxZ6sahYlfruDA52wtwPw82I9EVnEul7jRMbbFGFD2NDNW3AinEFt5sqMa84tKK0V9JJyRe4FY7yFTOVjSMV41WF2srbI3k0QVGoEaQ7r0tijCBnXil4QVwQ0ya1FW3g","e48856bbdbbb68291a2059fd540961ca213ee5b20b91a7a26bb8b59ae4b052b5");
INSERT INTO user(name, salt, hash) values("MarkBanbury30","1jo5OFAVDpC6xaEgt8sSuHcOSzo1SnkEVF5jHwD39SJegUlvz8nBLNeJBK6StVPCKzNNxUpOToQojUW304fW5gjniSqWejeBxo6Xtlgb0qIWW4vYoRYIIPRph8YwiW1mSxZ6sahYlfruDA52wtwPw82I9EVnEul7jRMbbFGFD2NDNW3AinEFt5sqMa84tKK0V9JJyRe4FY7yFTOVjSMV41WF2srbI3k0QVGoEaQ7r0tijCBnXil4QVwQ0ya1FW3g","e48856bbdbbb68291a2059fd540961ca213ee5b20b91a7a26bb8b59ae4b052b5");
INSERT INTO user(name, salt, hash) values("MaryKhan31","1jo5OFAVDpC6xaEgt8sSuHcOSzo1SnkEVF5jHwD39SJegUlvz8nBLNeJBK6StVPCKzNNxUpOToQojUW304fW5gjniSqWejeBxo6Xtlgb0qIWW4vYoRYIIPRph8YwiW1mSxZ6sahYlfruDA52wtwPw82I9EVnEul7jRMbbFGFD2NDNW3AinEFt5sqMa84tKK0V9JJyRe4FY7yFTOVjSMV41WF2srbI3k0QVGoEaQ7r0tijCBnXil4QVwQ0ya1FW3g","e48856bbdbbb68291a2059fd540961ca213ee5b20b91a7a26bb8b59ae4b052b5");
INSERT INTO user(name, salt, hash) values("TomJohnson32","1jo5OFAVDpC6xaEgt8sSuHcOSzo1SnkEVF5jHwD39SJegUlvz8nBLNeJBK6StVPCKzNNxUpOToQojUW304fW5gjniSqWejeBxo6Xtlgb0qIWW4vYoRYIIPRph8YwiW1mSxZ6sahYlfruDA52wtwPw82I9EVnEul7jRMbbFGFD2NDNW3AinEFt5sqMa84tKK0V9JJyRe4FY7yFTOVjSMV41WF2srbI3k0QVGoEaQ7r0tijCBnXil4QVwQ0ya1FW3g","e48856bbdbbb68291a2059fd540961ca213ee5b20b91a7a26bb8b59ae4b052b5");
INSERT INTO user(name, salt, hash) values("IanRenninger33","1jo5OFAVDpC6xaEgt8sSuHcOSzo1SnkEVF5jHwD39SJegUlvz8nBLNeJBK6StVPCKzNNxUpOToQojUW304fW5gjniSqWejeBxo6Xtlgb0qIWW4vYoRYIIPRph8YwiW1mSxZ6sahYlfruDA52wtwPw82I9EVnEul7jRMbbFGFD2NDNW3AinEFt5sqMa84tKK0V9JJyRe4FY7yFTOVjSMV41WF2srbI3k0QVGoEaQ7r0tijCBnXil4QVwQ0ya1FW3g","e48856bbdbbb68291a2059fd540961ca213ee5b20b91a7a26bb8b59ae4b052b5");
INSERT INTO user(name, salt, hash) values("MattReiss34","1jo5OFAVDpC6xaEgt8sSuHcOSzo1SnkEVF5jHwD39SJegUlvz8nBLNeJBK6StVPCKzNNxUpOToQojUW304fW5gjniSqWejeBxo6Xtlgb0qIWW4vYoRYIIPRph8YwiW1mSxZ6sahYlfruDA52wtwPw82I9EVnEul7jRMbbFGFD2NDNW3AinEFt5sqMa84tKK0V9JJyRe4FY7yFTOVjSMV41WF2srbI3k0QVGoEaQ7r0tijCBnXil4QVwQ0ya1FW3g","e48856bbdbbb68291a2059fd540961ca213ee5b20b91a7a26bb8b59ae4b052b5");
INSERT INTO user(name, salt, hash) values("IanReiss35","1jo5OFAVDpC6xaEgt8sSuHcOSzo1SnkEVF5jHwD39SJegUlvz8nBLNeJBK6StVPCKzNNxUpOToQojUW304fW5gjniSqWejeBxo6Xtlgb0qIWW4vYoRYIIPRph8YwiW1mSxZ6sahYlfruDA52wtwPw82I9EVnEul7jRMbbFGFD2NDNW3AinEFt5sqMa84tKK0V9JJyRe4FY7yFTOVjSMV41WF2srbI3k0QVGoEaQ7r0tijCBnXil4QVwQ0ya1FW3g","e48856bbdbbb68291a2059fd540961ca213ee5b20b91a7a26bb8b59ae4b052b5");
INSERT INTO user(name, salt, hash) values("AllisonSmith36","1jo5OFAVDpC6xaEgt8sSuHcOSzo1SnkEVF5jHwD39SJegUlvz8nBLNeJBK6StVPCKzNNxUpOToQojUW304fW5gjniSqWejeBxo6Xtlgb0qIWW4vYoRYIIPRph8YwiW1mSxZ6sahYlfruDA52wtwPw82I9EVnEul7jRMbbFGFD2NDNW3AinEFt5sqMa84tKK0V9JJyRe4FY7yFTOVjSMV41WF2srbI3k0QVGoEaQ7r0tijCBnXil4QVwQ0ya1FW3g","e48856bbdbbb68291a2059fd540961ca213ee5b20b91a7a26bb8b59ae4b052b5");
INSERT INTO user(name, salt, hash) values("IanCohen37","1jo5OFAVDpC6xaEgt8sSuHcOSzo1SnkEVF5jHwD39SJegUlvz8nBLNeJBK6StVPCKzNNxUpOToQojUW304fW5gjniSqWejeBxo6Xtlgb0qIWW4vYoRYIIPRph8YwiW1mSxZ6sahYlfruDA52wtwPw82I9EVnEul7jRMbbFGFD2NDNW3AinEFt5sqMa84tKK0V9JJyRe4FY7yFTOVjSMV41WF2srbI3k0QVGoEaQ7r0tijCBnXil4QVwQ0ya1FW3g","e48856bbdbbb68291a2059fd540961ca213ee5b20b91a7a26bb8b59ae4b052b5");
INSERT INTO user(name, salt, hash) values("JohnStenbit38","1jo5OFAVDpC6xaEgt8sSuHcOSzo1SnkEVF5jHwD39SJegUlvz8nBLNeJBK6StVPCKzNNxUpOToQojUW304fW5gjniSqWejeBxo6Xtlgb0qIWW4vYoRYIIPRph8YwiW1mSxZ6sahYlfruDA52wtwPw82I9EVnEul7jRMbbFGFD2NDNW3AinEFt5sqMa84tKK0V9JJyRe4FY7yFTOVjSMV41WF2srbI3k0QVGoEaQ7r0tijCBnXil4QVwQ0ya1FW3g","e48856bbdbbb68291a2059fd540961ca213ee5b20b91a7a26bb8b59ae4b052b5");
INSERT INTO user(name, salt, hash) values("KatyStenbit39","1jo5OFAVDpC6xaEgt8sSuHcOSzo1SnkEVF5jHwD39SJegUlvz8nBLNeJBK6StVPCKzNNxUpOToQojUW304fW5gjniSqWejeBxo6Xtlgb0qIWW4vYoRYIIPRph8YwiW1mSxZ6sahYlfruDA52wtwPw82I9EVnEul7jRMbbFGFD2NDNW3AinEFt5sqMa84tKK0V9JJyRe4FY7yFTOVjSMV41WF2srbI3k0QVGoEaQ7r0tijCBnXil4QVwQ0ya1FW3g","e48856bbdbbb68291a2059fd540961ca213ee5b20b91a7a26bb8b59ae4b052b5");
INSERT INTO user(name, salt, hash) values("AllisonHansen40","1jo5OFAVDpC6xaEgt8sSuHcOSzo1SnkEVF5jHwD39SJegUlvz8nBLNeJBK6StVPCKzNNxUpOToQojUW304fW5gjniSqWejeBxo6Xtlgb0qIWW4vYoRYIIPRph8YwiW1mSxZ6sahYlfruDA52wtwPw82I9EVnEul7jRMbbFGFD2NDNW3AinEFt5sqMa84tKK0V9JJyRe4FY7yFTOVjSMV41WF2srbI3k0QVGoEaQ7r0tijCBnXil4QVwQ0ya1FW3g","e48856bbdbbb68291a2059fd540961ca213ee5b20b91a7a26bb8b59ae4b052b5");
INSERT INTO user(name, salt, hash) values("SarahReiss41","1jo5OFAVDpC6xaEgt8sSuHcOSzo1SnkEVF5jHwD39SJegUlvz8nBLNeJBK6StVPCKzNNxUpOToQojUW304fW5gjniSqWejeBxo6Xtlgb0qIWW4vYoRYIIPRph8YwiW1mSxZ6sahYlfruDA52wtwPw82I9EVnEul7jRMbbFGFD2NDNW3AinEFt5sqMa84tKK0V9JJyRe4FY7yFTOVjSMV41WF2srbI3k0QVGoEaQ7r0tijCBnXil4QVwQ0ya1FW3g","e48856bbdbbb68291a2059fd540961ca213ee5b20b91a7a26bb8b59ae4b052b5");
INSERT INTO user(name, salt, hash) values("JohnJohnson42","1jo5OFAVDpC6xaEgt8sSuHcOSzo1SnkEVF5jHwD39SJegUlvz8nBLNeJBK6StVPCKzNNxUpOToQojUW304fW5gjniSqWejeBxo6Xtlgb0qIWW4vYoRYIIPRph8YwiW1mSxZ6sahYlfruDA52wtwPw82I9EVnEul7jRMbbFGFD2NDNW3AinEFt5sqMa84tKK0V9JJyRe4FY7yFTOVjSMV41WF2srbI3k0QVGoEaQ7r0tijCBnXil4QVwQ0ya1FW3g","e48856bbdbbb68291a2059fd540961ca213ee5b20b91a7a26bb8b59ae4b052b5");
INSERT INTO user(name, salt, hash) values("TimmothyGabrielson43","1jo5OFAVDpC6xaEgt8sSuHcOSzo1SnkEVF5jHwD39SJegUlvz8nBLNeJBK6StVPCKzNNxUpOToQojUW304fW5gjniSqWejeBxo6Xtlgb0qIWW4vYoRYIIPRph8YwiW1mSxZ6sahYlfruDA52wtwPw82I9EVnEul7jRMbbFGFD2NDNW3AinEFt5sqMa84tKK0V9JJyRe4FY7yFTOVjSMV41WF2srbI3k0QVGoEaQ7r0tijCBnXil4QVwQ0ya1FW3g","e48856bbdbbb68291a2059fd540961ca213ee5b20b91a7a26bb8b59ae4b052b5");
INSERT INTO user(name, salt, hash) values("AllisonMitchell44","1jo5OFAVDpC6xaEgt8sSuHcOSzo1SnkEVF5jHwD39SJegUlvz8nBLNeJBK6StVPCKzNNxUpOToQojUW304fW5gjniSqWejeBxo6Xtlgb0qIWW4vYoRYIIPRph8YwiW1mSxZ6sahYlfruDA52wtwPw82I9EVnEul7jRMbbFGFD2NDNW3AinEFt5sqMa84tKK0V9JJyRe4FY7yFTOVjSMV41WF2srbI3k0QVGoEaQ7r0tijCBnXil4QVwQ0ya1FW3g","e48856bbdbbb68291a2059fd540961ca213ee5b20b91a7a26bb8b59ae4b052b5");
INSERT INTO user(name, salt, hash) values("BobFontenot45","1jo5OFAVDpC6xaEgt8sSuHcOSzo1SnkEVF5jHwD39SJegUlvz8nBLNeJBK6StVPCKzNNxUpOToQojUW304fW5gjniSqWejeBxo6Xtlgb0qIWW4vYoRYIIPRph8YwiW1mSxZ6sahYlfruDA52wtwPw82I9EVnEul7jRMbbFGFD2NDNW3AinEFt5sqMa84tKK0V9JJyRe4FY7yFTOVjSMV41WF2srbI3k0QVGoEaQ7r0tijCBnXil4QVwQ0ya1FW3g","e48856bbdbbb68291a2059fd540961ca213ee5b20b91a7a26bb8b59ae4b052b5");
INSERT INTO user(name, salt, hash) values("JenniferCarter46","1jo5OFAVDpC6xaEgt8sSuHcOSzo1SnkEVF5jHwD39SJegUlvz8nBLNeJBK6StVPCKzNNxUpOToQojUW304fW5gjniSqWejeBxo6Xtlgb0qIWW4vYoRYIIPRph8YwiW1mSxZ6sahYlfruDA52wtwPw82I9EVnEul7jRMbbFGFD2NDNW3AinEFt5sqMa84tKK0V9JJyRe4FY7yFTOVjSMV41WF2srbI3k0QVGoEaQ7r0tijCBnXil4QVwQ0ya1FW3g","e48856bbdbbb68291a2059fd540961ca213ee5b20b91a7a26bb8b59ae4b052b5");
INSERT INTO user(name, salt, hash) values("TimmothyCarter47","1jo5OFAVDpC6xaEgt8sSuHcOSzo1SnkEVF5jHwD39SJegUlvz8nBLNeJBK6StVPCKzNNxUpOToQojUW304fW5gjniSqWejeBxo6Xtlgb0qIWW4vYoRYIIPRph8YwiW1mSxZ6sahYlfruDA52wtwPw82I9EVnEul7jRMbbFGFD2NDNW3AinEFt5sqMa84tKK0V9JJyRe4FY7yFTOVjSMV41WF2srbI3k0QVGoEaQ7r0tijCBnXil4QVwQ0ya1FW3g","e48856bbdbbb68291a2059fd540961ca213ee5b20b91a7a26bb8b59ae4b052b5");
INSERT INTO user(name, salt, hash) values("JohnKhan48","1jo5OFAVDpC6xaEgt8sSuHcOSzo1SnkEVF5jHwD39SJegUlvz8nBLNeJBK6StVPCKzNNxUpOToQojUW304fW5gjniSqWejeBxo6Xtlgb0qIWW4vYoRYIIPRph8YwiW1mSxZ6sahYlfruDA52wtwPw82I9EVnEul7jRMbbFGFD2NDNW3AinEFt5sqMa84tKK0V9JJyRe4FY7yFTOVjSMV41WF2srbI3k0QVGoEaQ7r0tijCBnXil4QVwQ0ya1FW3g","e48856bbdbbb68291a2059fd540961ca213ee5b20b91a7a26bb8b59ae4b052b5");
INSERT INTO user(name, salt, hash) values("JonathanGoldman49","1jo5OFAVDpC6xaEgt8sSuHcOSzo1SnkEVF5jHwD39SJegUlvz8nBLNeJBK6StVPCKzNNxUpOToQojUW304fW5gjniSqWejeBxo6Xtlgb0qIWW4vYoRYIIPRph8YwiW1mSxZ6sahYlfruDA52wtwPw82I9EVnEul7jRMbbFGFD2NDNW3AinEFt5sqMa84tKK0V9JJyRe4FY7yFTOVjSMV41WF2srbI3k0QVGoEaQ7r0tijCBnXil4QVwQ0ya1FW3g","e48856bbdbbb68291a2059fd540961ca213ee5b20b91a7a26bb8b59ae4b052b5");
INSERT INTO user(name, salt, hash) values("JohnStenbit50","1jo5OFAVDpC6xaEgt8sSuHcOSzo1SnkEVF5jHwD39SJegUlvz8nBLNeJBK6StVPCKzNNxUpOToQojUW304fW5gjniSqWejeBxo6Xtlgb0qIWW4vYoRYIIPRph8YwiW1mSxZ6sahYlfruDA52wtwPw82I9EVnEul7jRMbbFGFD2NDNW3AinEFt5sqMa84tKK0V9JJyRe4FY7yFTOVjSMV41WF2srbI3k0QVGoEaQ7r0tijCBnXil4QVwQ0ya1FW3g","e48856bbdbbb68291a2059fd540961ca213ee5b20b91a7a26bb8b59ae4b052b5");
INSERT INTO user(name, salt, hash) values("BobJohnson51","1jo5OFAVDpC6xaEgt8sSuHcOSzo1SnkEVF5jHwD39SJegUlvz8nBLNeJBK6StVPCKzNNxUpOToQojUW304fW5gjniSqWejeBxo6Xtlgb0qIWW4vYoRYIIPRph8YwiW1mSxZ6sahYlfruDA52wtwPw82I9EVnEul7jRMbbFGFD2NDNW3AinEFt5sqMa84tKK0V9JJyRe4FY7yFTOVjSMV41WF2srbI3k0QVGoEaQ7r0tijCBnXil4QVwQ0ya1FW3g","e48856bbdbbb68291a2059fd540961ca213ee5b20b91a7a26bb8b59ae4b052b5");
INSERT INTO user(name, salt, hash) values("TomJohnson52","1jo5OFAVDpC6xaEgt8sSuHcOSzo1SnkEVF5jHwD39SJegUlvz8nBLNeJBK6StVPCKzNNxUpOToQojUW304fW5gjniSqWejeBxo6Xtlgb0qIWW4vYoRYIIPRph8YwiW1mSxZ6sahYlfruDA52wtwPw82I9EVnEul7jRMbbFGFD2NDNW3AinEFt5sqMa84tKK0V9JJyRe4FY7yFTOVjSMV41WF2srbI3k0QVGoEaQ7r0tijCBnXil4QVwQ0ya1FW3g","e48856bbdbbb68291a2059fd540961ca213ee5b20b91a7a26bb8b59ae4b052b5");
INSERT INTO user(name, salt, hash) values("JackStenbit53","1jo5OFAVDpC6xaEgt8sSuHcOSzo1SnkEVF5jHwD39SJegUlvz8nBLNeJBK6StVPCKzNNxUpOToQojUW304fW5gjniSqWejeBxo6Xtlgb0qIWW4vYoRYIIPRph8YwiW1mSxZ6sahYlfruDA52wtwPw82I9EVnEul7jRMbbFGFD2NDNW3AinEFt5sqMa84tKK0V9JJyRe4FY7yFTOVjSMV41WF2srbI3k0QVGoEaQ7r0tijCBnXil4QVwQ0ya1FW3g","e48856bbdbbb68291a2059fd540961ca213ee5b20b91a7a26bb8b59ae4b052b5");
INSERT INTO user(name, salt, hash) values("KatyGabrielson54","1jo5OFAVDpC6xaEgt8sSuHcOSzo1SnkEVF5jHwD39SJegUlvz8nBLNeJBK6StVPCKzNNxUpOToQojUW304fW5gjniSqWejeBxo6Xtlgb0qIWW4vYoRYIIPRph8YwiW1mSxZ6sahYlfruDA52wtwPw82I9EVnEul7jRMbbFGFD2NDNW3AinEFt5sqMa84tKK0V9JJyRe4FY7yFTOVjSMV41WF2srbI3k0QVGoEaQ7r0tijCBnXil4QVwQ0ya1FW3g","e48856bbdbbb68291a2059fd540961ca213ee5b20b91a7a26bb8b59ae4b052b5");
INSERT INTO user(name, salt, hash) values("JenniferGabrielson55","1jo5OFAVDpC6xaEgt8sSuHcOSzo1SnkEVF5jHwD39SJegUlvz8nBLNeJBK6StVPCKzNNxUpOToQojUW304fW5gjniSqWejeBxo6Xtlgb0qIWW4vYoRYIIPRph8YwiW1mSxZ6sahYlfruDA52wtwPw82I9EVnEul7jRMbbFGFD2NDNW3AinEFt5sqMa84tKK0V9JJyRe4FY7yFTOVjSMV41WF2srbI3k0QVGoEaQ7r0tijCBnXil4QVwQ0ya1FW3g","e48856bbdbbb68291a2059fd540961ca213ee5b20b91a7a26bb8b59ae4b052b5");
INSERT INTO user(name, salt, hash) values("MarySmith56","1jo5OFAVDpC6xaEgt8sSuHcOSzo1SnkEVF5jHwD39SJegUlvz8nBLNeJBK6StVPCKzNNxUpOToQojUW304fW5gjniSqWejeBxo6Xtlgb0qIWW4vYoRYIIPRph8YwiW1mSxZ6sahYlfruDA52wtwPw82I9EVnEul7jRMbbFGFD2NDNW3AinEFt5sqMa84tKK0V9JJyRe4FY7yFTOVjSMV41WF2srbI3k0QVGoEaQ7r0tijCBnXil4QVwQ0ya1FW3g","e48856bbdbbb68291a2059fd540961ca213ee5b20b91a7a26bb8b59ae4b052b5");
INSERT INTO user(name, salt, hash) values("AllisonReiss57","1jo5OFAVDpC6xaEgt8sSuHcOSzo1SnkEVF5jHwD39SJegUlvz8nBLNeJBK6StVPCKzNNxUpOToQojUW304fW5gjniSqWejeBxo6Xtlgb0qIWW4vYoRYIIPRph8YwiW1mSxZ6sahYlfruDA52wtwPw82I9EVnEul7jRMbbFGFD2NDNW3AinEFt5sqMa84tKK0V9JJyRe4FY7yFTOVjSMV41WF2srbI3k0QVGoEaQ7r0tijCBnXil4QVwQ0ya1FW3g","e48856bbdbbb68291a2059fd540961ca213ee5b20b91a7a26bb8b59ae4b052b5");
INSERT INTO user(name, salt, hash) values("AllisonReiss58","1jo5OFAVDpC6xaEgt8sSuHcOSzo1SnkEVF5jHwD39SJegUlvz8nBLNeJBK6StVPCKzNNxUpOToQojUW304fW5gjniSqWejeBxo6Xtlgb0qIWW4vYoRYIIPRph8YwiW1mSxZ6sahYlfruDA52wtwPw82I9EVnEul7jRMbbFGFD2NDNW3AinEFt5sqMa84tKK0V9JJyRe4FY7yFTOVjSMV41WF2srbI3k0QVGoEaQ7r0tijCBnXil4QVwQ0ya1FW3g","e48856bbdbbb68291a2059fd540961ca213ee5b20b91a7a26bb8b59ae4b052b5");
INSERT INTO user(name, salt, hash) values("MarkBanbury59","1jo5OFAVDpC6xaEgt8sSuHcOSzo1SnkEVF5jHwD39SJegUlvz8nBLNeJBK6StVPCKzNNxUpOToQojUW304fW5gjniSqWejeBxo6Xtlgb0qIWW4vYoRYIIPRph8YwiW1mSxZ6sahYlfruDA52wtwPw82I9EVnEul7jRMbbFGFD2NDNW3AinEFt5sqMa84tKK0V9JJyRe4FY7yFTOVjSMV41WF2srbI3k0QVGoEaQ7r0tijCBnXil4QVwQ0ya1FW3g","e48856bbdbbb68291a2059fd540961ca213ee5b20b91a7a26bb8b59ae4b052b5");
INSERT INTO user(name, salt, hash) values("MarkHansen60","1jo5OFAVDpC6xaEgt8sSuHcOSzo1SnkEVF5jHwD39SJegUlvz8nBLNeJBK6StVPCKzNNxUpOToQojUW304fW5gjniSqWejeBxo6Xtlgb0qIWW4vYoRYIIPRph8YwiW1mSxZ6sahYlfruDA52wtwPw82I9EVnEul7jRMbbFGFD2NDNW3AinEFt5sqMa84tKK0V9JJyRe4FY7yFTOVjSMV41WF2srbI3k0QVGoEaQ7r0tijCBnXil4QVwQ0ya1FW3g","e48856bbdbbb68291a2059fd540961ca213ee5b20b91a7a26bb8b59ae4b052b5");
INSERT INTO user(name, salt, hash) values("TomFontenot61","1jo5OFAVDpC6xaEgt8sSuHcOSzo1SnkEVF5jHwD39SJegUlvz8nBLNeJBK6StVPCKzNNxUpOToQojUW304fW5gjniSqWejeBxo6Xtlgb0qIWW4vYoRYIIPRph8YwiW1mSxZ6sahYlfruDA52wtwPw82I9EVnEul7jRMbbFGFD2NDNW3AinEFt5sqMa84tKK0V9JJyRe4FY7yFTOVjSMV41WF2srbI3k0QVGoEaQ7r0tijCBnXil4QVwQ0ya1FW3g","e48856bbdbbb68291a2059fd540961ca213ee5b20b91a7a26bb8b59ae4b052b5");
INSERT INTO user(name, salt, hash) values("MaryBanbury62","1jo5OFAVDpC6xaEgt8sSuHcOSzo1SnkEVF5jHwD39SJegUlvz8nBLNeJBK6StVPCKzNNxUpOToQojUW304fW5gjniSqWejeBxo6Xtlgb0qIWW4vYoRYIIPRph8YwiW1mSxZ6sahYlfruDA52wtwPw82I9EVnEul7jRMbbFGFD2NDNW3AinEFt5sqMa84tKK0V9JJyRe4FY7yFTOVjSMV41WF2srbI3k0QVGoEaQ7r0tijCBnXil4QVwQ0ya1FW3g","e48856bbdbbb68291a2059fd540961ca213ee5b20b91a7a26bb8b59ae4b052b5");
INSERT INTO user(name, salt, hash) values("TimmothyKhan63","1jo5OFAVDpC6xaEgt8sSuHcOSzo1SnkEVF5jHwD39SJegUlvz8nBLNeJBK6StVPCKzNNxUpOToQojUW304fW5gjniSqWejeBxo6Xtlgb0qIWW4vYoRYIIPRph8YwiW1mSxZ6sahYlfruDA52wtwPw82I9EVnEul7jRMbbFGFD2NDNW3AinEFt5sqMa84tKK0V9JJyRe4FY7yFTOVjSMV41WF2srbI3k0QVGoEaQ7r0tijCBnXil4QVwQ0ya1FW3g","e48856bbdbbb68291a2059fd540961ca213ee5b20b91a7a26bb8b59ae4b052b5");
INSERT INTO user(name, salt, hash) values("JohnGoldman64","1jo5OFAVDpC6xaEgt8sSuHcOSzo1SnkEVF5jHwD39SJegUlvz8nBLNeJBK6StVPCKzNNxUpOToQojUW304fW5gjniSqWejeBxo6Xtlgb0qIWW4vYoRYIIPRph8YwiW1mSxZ6sahYlfruDA52wtwPw82I9EVnEul7jRMbbFGFD2NDNW3AinEFt5sqMa84tKK0V9JJyRe4FY7yFTOVjSMV41WF2srbI3k0QVGoEaQ7r0tijCBnXil4QVwQ0ya1FW3g","e48856bbdbbb68291a2059fd540961ca213ee5b20b91a7a26bb8b59ae4b052b5");
INSERT INTO user(name, salt, hash) values("JohnMitchell65","1jo5OFAVDpC6xaEgt8sSuHcOSzo1SnkEVF5jHwD39SJegUlvz8nBLNeJBK6StVPCKzNNxUpOToQojUW304fW5gjniSqWejeBxo6Xtlgb0qIWW4vYoRYIIPRph8YwiW1mSxZ6sahYlfruDA52wtwPw82I9EVnEul7jRMbbFGFD2NDNW3AinEFt5sqMa84tKK0V9JJyRe4FY7yFTOVjSMV41WF2srbI3k0QVGoEaQ7r0tijCBnXil4QVwQ0ya1FW3g","e48856bbdbbb68291a2059fd540961ca213ee5b20b91a7a26bb8b59ae4b052b5");
INSERT INTO user(name, salt, hash) values("JenniferReiss66","1jo5OFAVDpC6xaEgt8sSuHcOSzo1SnkEVF5jHwD39SJegUlvz8nBLNeJBK6StVPCKzNNxUpOToQojUW304fW5gjniSqWejeBxo6Xtlgb0qIWW4vYoRYIIPRph8YwiW1mSxZ6sahYlfruDA52wtwPw82I9EVnEul7jRMbbFGFD2NDNW3AinEFt5sqMa84tKK0V9JJyRe4FY7yFTOVjSMV41WF2srbI3k0QVGoEaQ7r0tijCBnXil4QVwQ0ya1FW3g","e48856bbdbbb68291a2059fd540961ca213ee5b20b91a7a26bb8b59ae4b052b5");
INSERT INTO user(name, salt, hash) values("IanReiss67","1jo5OFAVDpC6xaEgt8sSuHcOSzo1SnkEVF5jHwD39SJegUlvz8nBLNeJBK6StVPCKzNNxUpOToQojUW304fW5gjniSqWejeBxo6Xtlgb0qIWW4vYoRYIIPRph8YwiW1mSxZ6sahYlfruDA52wtwPw82I9EVnEul7jRMbbFGFD2NDNW3AinEFt5sqMa84tKK0V9JJyRe4FY7yFTOVjSMV41WF2srbI3k0QVGoEaQ7r0tijCBnXil4QVwQ0ya1FW3g","e48856bbdbbb68291a2059fd540961ca213ee5b20b91a7a26bb8b59ae4b052b5");
INSERT INTO user(name, salt, hash) values("JackSmith68","1jo5OFAVDpC6xaEgt8sSuHcOSzo1SnkEVF5jHwD39SJegUlvz8nBLNeJBK6StVPCKzNNxUpOToQojUW304fW5gjniSqWejeBxo6Xtlgb0qIWW4vYoRYIIPRph8YwiW1mSxZ6sahYlfruDA52wtwPw82I9EVnEul7jRMbbFGFD2NDNW3AinEFt5sqMa84tKK0V9JJyRe4FY7yFTOVjSMV41WF2srbI3k0QVGoEaQ7r0tijCBnXil4QVwQ0ya1FW3g","e48856bbdbbb68291a2059fd540961ca213ee5b20b91a7a26bb8b59ae4b052b5");
INSERT INTO user(name, salt, hash) values("IanJohnson69","1jo5OFAVDpC6xaEgt8sSuHcOSzo1SnkEVF5jHwD39SJegUlvz8nBLNeJBK6StVPCKzNNxUpOToQojUW304fW5gjniSqWejeBxo6Xtlgb0qIWW4vYoRYIIPRph8YwiW1mSxZ6sahYlfruDA52wtwPw82I9EVnEul7jRMbbFGFD2NDNW3AinEFt5sqMa84tKK0V9JJyRe4FY7yFTOVjSMV41WF2srbI3k0QVGoEaQ7r0tijCBnXil4QVwQ0ya1FW3g","e48856bbdbbb68291a2059fd540961ca213ee5b20b91a7a26bb8b59ae4b052b5");
INSERT INTO user(name, salt, hash) values("IanBanbury70","1jo5OFAVDpC6xaEgt8sSuHcOSzo1SnkEVF5jHwD39SJegUlvz8nBLNeJBK6StVPCKzNNxUpOToQojUW304fW5gjniSqWejeBxo6Xtlgb0qIWW4vYoRYIIPRph8YwiW1mSxZ6sahYlfruDA52wtwPw82I9EVnEul7jRMbbFGFD2NDNW3AinEFt5sqMa84tKK0V9JJyRe4FY7yFTOVjSMV41WF2srbI3k0QVGoEaQ7r0tijCBnXil4QVwQ0ya1FW3g","e48856bbdbbb68291a2059fd540961ca213ee5b20b91a7a26bb8b59ae4b052b5");
INSERT INTO user(name, salt, hash) values("MarkBanbury71","1jo5OFAVDpC6xaEgt8sSuHcOSzo1SnkEVF5jHwD39SJegUlvz8nBLNeJBK6StVPCKzNNxUpOToQojUW304fW5gjniSqWejeBxo6Xtlgb0qIWW4vYoRYIIPRph8YwiW1mSxZ6sahYlfruDA52wtwPw82I9EVnEul7jRMbbFGFD2NDNW3AinEFt5sqMa84tKK0V9JJyRe4FY7yFTOVjSMV41WF2srbI3k0QVGoEaQ7r0tijCBnXil4QVwQ0ya1FW3g","e48856bbdbbb68291a2059fd540961ca213ee5b20b91a7a26bb8b59ae4b052b5");
INSERT INTO user(name, salt, hash) values("MattGoldman72","1jo5OFAVDpC6xaEgt8sSuHcOSzo1SnkEVF5jHwD39SJegUlvz8nBLNeJBK6StVPCKzNNxUpOToQojUW304fW5gjniSqWejeBxo6Xtlgb0qIWW4vYoRYIIPRph8YwiW1mSxZ6sahYlfruDA52wtwPw82I9EVnEul7jRMbbFGFD2NDNW3AinEFt5sqMa84tKK0V9JJyRe4FY7yFTOVjSMV41WF2srbI3k0QVGoEaQ7r0tijCBnXil4QVwQ0ya1FW3g","e48856bbdbbb68291a2059fd540961ca213ee5b20b91a7a26bb8b59ae4b052b5");
INSERT INTO user(name, salt, hash) values("BenFontenot73","1jo5OFAVDpC6xaEgt8sSuHcOSzo1SnkEVF5jHwD39SJegUlvz8nBLNeJBK6StVPCKzNNxUpOToQojUW304fW5gjniSqWejeBxo6Xtlgb0qIWW4vYoRYIIPRph8YwiW1mSxZ6sahYlfruDA52wtwPw82I9EVnEul7jRMbbFGFD2NDNW3AinEFt5sqMa84tKK0V9JJyRe4FY7yFTOVjSMV41WF2srbI3k0QVGoEaQ7r0tijCBnXil4QVwQ0ya1FW3g","e48856bbdbbb68291a2059fd540961ca213ee5b20b91a7a26bb8b59ae4b052b5");
INSERT INTO user(name, salt, hash) values("BobSmith74","1jo5OFAVDpC6xaEgt8sSuHcOSzo1SnkEVF5jHwD39SJegUlvz8nBLNeJBK6StVPCKzNNxUpOToQojUW304fW5gjniSqWejeBxo6Xtlgb0qIWW4vYoRYIIPRph8YwiW1mSxZ6sahYlfruDA52wtwPw82I9EVnEul7jRMbbFGFD2NDNW3AinEFt5sqMa84tKK0V9JJyRe4FY7yFTOVjSMV41WF2srbI3k0QVGoEaQ7r0tijCBnXil4QVwQ0ya1FW3g","e48856bbdbbb68291a2059fd540961ca213ee5b20b91a7a26bb8b59ae4b052b5");
INSERT INTO user(name, salt, hash) values("JackHansen75","1jo5OFAVDpC6xaEgt8sSuHcOSzo1SnkEVF5jHwD39SJegUlvz8nBLNeJBK6StVPCKzNNxUpOToQojUW304fW5gjniSqWejeBxo6Xtlgb0qIWW4vYoRYIIPRph8YwiW1mSxZ6sahYlfruDA52wtwPw82I9EVnEul7jRMbbFGFD2NDNW3AinEFt5sqMa84tKK0V9JJyRe4FY7yFTOVjSMV41WF2srbI3k0QVGoEaQ7r0tijCBnXil4QVwQ0ya1FW3g","e48856bbdbbb68291a2059fd540961ca213ee5b20b91a7a26bb8b59ae4b052b5");
INSERT INTO user(name, salt, hash) values("TomRenninger76","1jo5OFAVDpC6xaEgt8sSuHcOSzo1SnkEVF5jHwD39SJegUlvz8nBLNeJBK6StVPCKzNNxUpOToQojUW304fW5gjniSqWejeBxo6Xtlgb0qIWW4vYoRYIIPRph8YwiW1mSxZ6sahYlfruDA52wtwPw82I9EVnEul7jRMbbFGFD2NDNW3AinEFt5sqMa84tKK0V9JJyRe4FY7yFTOVjSMV41WF2srbI3k0QVGoEaQ7r0tijCBnXil4QVwQ0ya1FW3g","e48856bbdbbb68291a2059fd540961ca213ee5b20b91a7a26bb8b59ae4b052b5");
INSERT INTO user(name, salt, hash) values("TimmothySmith77","1jo5OFAVDpC6xaEgt8sSuHcOSzo1SnkEVF5jHwD39SJegUlvz8nBLNeJBK6StVPCKzNNxUpOToQojUW304fW5gjniSqWejeBxo6Xtlgb0qIWW4vYoRYIIPRph8YwiW1mSxZ6sahYlfruDA52wtwPw82I9EVnEul7jRMbbFGFD2NDNW3AinEFt5sqMa84tKK0V9JJyRe4FY7yFTOVjSMV41WF2srbI3k0QVGoEaQ7r0tijCBnXil4QVwQ0ya1FW3g","e48856bbdbbb68291a2059fd540961ca213ee5b20b91a7a26bb8b59ae4b052b5");
INSERT INTO user(name, salt, hash) values("JackCohen78","1jo5OFAVDpC6xaEgt8sSuHcOSzo1SnkEVF5jHwD39SJegUlvz8nBLNeJBK6StVPCKzNNxUpOToQojUW304fW5gjniSqWejeBxo6Xtlgb0qIWW4vYoRYIIPRph8YwiW1mSxZ6sahYlfruDA52wtwPw82I9EVnEul7jRMbbFGFD2NDNW3AinEFt5sqMa84tKK0V9JJyRe4FY7yFTOVjSMV41WF2srbI3k0QVGoEaQ7r0tijCBnXil4QVwQ0ya1FW3g","e48856bbdbbb68291a2059fd540961ca213ee5b20b91a7a26bb8b59ae4b052b5");
INSERT INTO user(name, salt, hash) values("MarkJohnson79","1jo5OFAVDpC6xaEgt8sSuHcOSzo1SnkEVF5jHwD39SJegUlvz8nBLNeJBK6StVPCKzNNxUpOToQojUW304fW5gjniSqWejeBxo6Xtlgb0qIWW4vYoRYIIPRph8YwiW1mSxZ6sahYlfruDA52wtwPw82I9EVnEul7jRMbbFGFD2NDNW3AinEFt5sqMa84tKK0V9JJyRe4FY7yFTOVjSMV41WF2srbI3k0QVGoEaQ7r0tijCBnXil4QVwQ0ya1FW3g","e48856bbdbbb68291a2059fd540961ca213ee5b20b91a7a26bb8b59ae4b052b5");
INSERT INTO user(name, salt, hash) values("KatyReiss80","1jo5OFAVDpC6xaEgt8sSuHcOSzo1SnkEVF5jHwD39SJegUlvz8nBLNeJBK6StVPCKzNNxUpOToQojUW304fW5gjniSqWejeBxo6Xtlgb0qIWW4vYoRYIIPRph8YwiW1mSxZ6sahYlfruDA52wtwPw82I9EVnEul7jRMbbFGFD2NDNW3AinEFt5sqMa84tKK0V9JJyRe4FY7yFTOVjSMV41WF2srbI3k0QVGoEaQ7r0tijCBnXil4QVwQ0ya1FW3g","e48856bbdbbb68291a2059fd540961ca213ee5b20b91a7a26bb8b59ae4b052b5");
INSERT INTO user(name, salt, hash) values("MaryJohnson81","1jo5OFAVDpC6xaEgt8sSuHcOSzo1SnkEVF5jHwD39SJegUlvz8nBLNeJBK6StVPCKzNNxUpOToQojUW304fW5gjniSqWejeBxo6Xtlgb0qIWW4vYoRYIIPRph8YwiW1mSxZ6sahYlfruDA52wtwPw82I9EVnEul7jRMbbFGFD2NDNW3AinEFt5sqMa84tKK0V9JJyRe4FY7yFTOVjSMV41WF2srbI3k0QVGoEaQ7r0tijCBnXil4QVwQ0ya1FW3g","e48856bbdbbb68291a2059fd540961ca213ee5b20b91a7a26bb8b59ae4b052b5");
INSERT INTO user(name, salt, hash) values("BenStenbit82","1jo5OFAVDpC6xaEgt8sSuHcOSzo1SnkEVF5jHwD39SJegUlvz8nBLNeJBK6StVPCKzNNxUpOToQojUW304fW5gjniSqWejeBxo6Xtlgb0qIWW4vYoRYIIPRph8YwiW1mSxZ6sahYlfruDA52wtwPw82I9EVnEul7jRMbbFGFD2NDNW3AinEFt5sqMa84tKK0V9JJyRe4FY7yFTOVjSMV41WF2srbI3k0QVGoEaQ7r0tijCBnXil4QVwQ0ya1FW3g","e48856bbdbbb68291a2059fd540961ca213ee5b20b91a7a26bb8b59ae4b052b5");
INSERT INTO user(name, salt, hash) values("IanStenbit83","1jo5OFAVDpC6xaEgt8sSuHcOSzo1SnkEVF5jHwD39SJegUlvz8nBLNeJBK6StVPCKzNNxUpOToQojUW304fW5gjniSqWejeBxo6Xtlgb0qIWW4vYoRYIIPRph8YwiW1mSxZ6sahYlfruDA52wtwPw82I9EVnEul7jRMbbFGFD2NDNW3AinEFt5sqMa84tKK0V9JJyRe4FY7yFTOVjSMV41WF2srbI3k0QVGoEaQ7r0tijCBnXil4QVwQ0ya1FW3g","e48856bbdbbb68291a2059fd540961ca213ee5b20b91a7a26bb8b59ae4b052b5");
INSERT INTO user(name, salt, hash) values("JohnMitchell84","1jo5OFAVDpC6xaEgt8sSuHcOSzo1SnkEVF5jHwD39SJegUlvz8nBLNeJBK6StVPCKzNNxUpOToQojUW304fW5gjniSqWejeBxo6Xtlgb0qIWW4vYoRYIIPRph8YwiW1mSxZ6sahYlfruDA52wtwPw82I9EVnEul7jRMbbFGFD2NDNW3AinEFt5sqMa84tKK0V9JJyRe4FY7yFTOVjSMV41WF2srbI3k0QVGoEaQ7r0tijCBnXil4QVwQ0ya1FW3g","e48856bbdbbb68291a2059fd540961ca213ee5b20b91a7a26bb8b59ae4b052b5");
INSERT INTO user(name, salt, hash) values("BenStenbit85","1jo5OFAVDpC6xaEgt8sSuHcOSzo1SnkEVF5jHwD39SJegUlvz8nBLNeJBK6StVPCKzNNxUpOToQojUW304fW5gjniSqWejeBxo6Xtlgb0qIWW4vYoRYIIPRph8YwiW1mSxZ6sahYlfruDA52wtwPw82I9EVnEul7jRMbbFGFD2NDNW3AinEFt5sqMa84tKK0V9JJyRe4FY7yFTOVjSMV41WF2srbI3k0QVGoEaQ7r0tijCBnXil4QVwQ0ya1FW3g","e48856bbdbbb68291a2059fd540961ca213ee5b20b91a7a26bb8b59ae4b052b5");
INSERT INTO user(name, salt, hash) values("JonathanCohen86","1jo5OFAVDpC6xaEgt8sSuHcOSzo1SnkEVF5jHwD39SJegUlvz8nBLNeJBK6StVPCKzNNxUpOToQojUW304fW5gjniSqWejeBxo6Xtlgb0qIWW4vYoRYIIPRph8YwiW1mSxZ6sahYlfruDA52wtwPw82I9EVnEul7jRMbbFGFD2NDNW3AinEFt5sqMa84tKK0V9JJyRe4FY7yFTOVjSMV41WF2srbI3k0QVGoEaQ7r0tijCBnXil4QVwQ0ya1FW3g","e48856bbdbbb68291a2059fd540961ca213ee5b20b91a7a26bb8b59ae4b052b5");
INSERT INTO user(name, salt, hash) values("JonathanFontenot87","1jo5OFAVDpC6xaEgt8sSuHcOSzo1SnkEVF5jHwD39SJegUlvz8nBLNeJBK6StVPCKzNNxUpOToQojUW304fW5gjniSqWejeBxo6Xtlgb0qIWW4vYoRYIIPRph8YwiW1mSxZ6sahYlfruDA52wtwPw82I9EVnEul7jRMbbFGFD2NDNW3AinEFt5sqMa84tKK0V9JJyRe4FY7yFTOVjSMV41WF2srbI3k0QVGoEaQ7r0tijCBnXil4QVwQ0ya1FW3g","e48856bbdbbb68291a2059fd540961ca213ee5b20b91a7a26bb8b59ae4b052b5");
INSERT INTO user(name, salt, hash) values("JohnHansen88","1jo5OFAVDpC6xaEgt8sSuHcOSzo1SnkEVF5jHwD39SJegUlvz8nBLNeJBK6StVPCKzNNxUpOToQojUW304fW5gjniSqWejeBxo6Xtlgb0qIWW4vYoRYIIPRph8YwiW1mSxZ6sahYlfruDA52wtwPw82I9EVnEul7jRMbbFGFD2NDNW3AinEFt5sqMa84tKK0V9JJyRe4FY7yFTOVjSMV41WF2srbI3k0QVGoEaQ7r0tijCBnXil4QVwQ0ya1FW3g","e48856bbdbbb68291a2059fd540961ca213ee5b20b91a7a26bb8b59ae4b052b5");
INSERT INTO user(name, salt, hash) values("TimmothyKhan89","1jo5OFAVDpC6xaEgt8sSuHcOSzo1SnkEVF5jHwD39SJegUlvz8nBLNeJBK6StVPCKzNNxUpOToQojUW304fW5gjniSqWejeBxo6Xtlgb0qIWW4vYoRYIIPRph8YwiW1mSxZ6sahYlfruDA52wtwPw82I9EVnEul7jRMbbFGFD2NDNW3AinEFt5sqMa84tKK0V9JJyRe4FY7yFTOVjSMV41WF2srbI3k0QVGoEaQ7r0tijCBnXil4QVwQ0ya1FW3g","e48856bbdbbb68291a2059fd540961ca213ee5b20b91a7a26bb8b59ae4b052b5");
INSERT INTO user(name, salt, hash) values("BenGabrielson90","1jo5OFAVDpC6xaEgt8sSuHcOSzo1SnkEVF5jHwD39SJegUlvz8nBLNeJBK6StVPCKzNNxUpOToQojUW304fW5gjniSqWejeBxo6Xtlgb0qIWW4vYoRYIIPRph8YwiW1mSxZ6sahYlfruDA52wtwPw82I9EVnEul7jRMbbFGFD2NDNW3AinEFt5sqMa84tKK0V9JJyRe4FY7yFTOVjSMV41WF2srbI3k0QVGoEaQ7r0tijCBnXil4QVwQ0ya1FW3g","e48856bbdbbb68291a2059fd540961ca213ee5b20b91a7a26bb8b59ae4b052b5");
INSERT INTO user(name, salt, hash) values("GraceGabrielson91","1jo5OFAVDpC6xaEgt8sSuHcOSzo1SnkEVF5jHwD39SJegUlvz8nBLNeJBK6StVPCKzNNxUpOToQojUW304fW5gjniSqWejeBxo6Xtlgb0qIWW4vYoRYIIPRph8YwiW1mSxZ6sahYlfruDA52wtwPw82I9EVnEul7jRMbbFGFD2NDNW3AinEFt5sqMa84tKK0V9JJyRe4FY7yFTOVjSMV41WF2srbI3k0QVGoEaQ7r0tijCBnXil4QVwQ0ya1FW3g","e48856bbdbbb68291a2059fd540961ca213ee5b20b91a7a26bb8b59ae4b052b5");
INSERT INTO user(name, salt, hash) values("IanJohnson92","1jo5OFAVDpC6xaEgt8sSuHcOSzo1SnkEVF5jHwD39SJegUlvz8nBLNeJBK6StVPCKzNNxUpOToQojUW304fW5gjniSqWejeBxo6Xtlgb0qIWW4vYoRYIIPRph8YwiW1mSxZ6sahYlfruDA52wtwPw82I9EVnEul7jRMbbFGFD2NDNW3AinEFt5sqMa84tKK0V9JJyRe4FY7yFTOVjSMV41WF2srbI3k0QVGoEaQ7r0tijCBnXil4QVwQ0ya1FW3g","e48856bbdbbb68291a2059fd540961ca213ee5b20b91a7a26bb8b59ae4b052b5");
INSERT INTO user(name, salt, hash) values("JenniferCarter93","1jo5OFAVDpC6xaEgt8sSuHcOSzo1SnkEVF5jHwD39SJegUlvz8nBLNeJBK6StVPCKzNNxUpOToQojUW304fW5gjniSqWejeBxo6Xtlgb0qIWW4vYoRYIIPRph8YwiW1mSxZ6sahYlfruDA52wtwPw82I9EVnEul7jRMbbFGFD2NDNW3AinEFt5sqMa84tKK0V9JJyRe4FY7yFTOVjSMV41WF2srbI3k0QVGoEaQ7r0tijCBnXil4QVwQ0ya1FW3g","e48856bbdbbb68291a2059fd540961ca213ee5b20b91a7a26bb8b59ae4b052b5");
INSERT INTO user(name, salt, hash) values("TomSmith94","1jo5OFAVDpC6xaEgt8sSuHcOSzo1SnkEVF5jHwD39SJegUlvz8nBLNeJBK6StVPCKzNNxUpOToQojUW304fW5gjniSqWejeBxo6Xtlgb0qIWW4vYoRYIIPRph8YwiW1mSxZ6sahYlfruDA52wtwPw82I9EVnEul7jRMbbFGFD2NDNW3AinEFt5sqMa84tKK0V9JJyRe4FY7yFTOVjSMV41WF2srbI3k0QVGoEaQ7r0tijCBnXil4QVwQ0ya1FW3g","e48856bbdbbb68291a2059fd540961ca213ee5b20b91a7a26bb8b59ae4b052b5");
INSERT INTO user(name, salt, hash) values("MarkJohnson95","1jo5OFAVDpC6xaEgt8sSuHcOSzo1SnkEVF5jHwD39SJegUlvz8nBLNeJBK6StVPCKzNNxUpOToQojUW304fW5gjniSqWejeBxo6Xtlgb0qIWW4vYoRYIIPRph8YwiW1mSxZ6sahYlfruDA52wtwPw82I9EVnEul7jRMbbFGFD2NDNW3AinEFt5sqMa84tKK0V9JJyRe4FY7yFTOVjSMV41WF2srbI3k0QVGoEaQ7r0tijCBnXil4QVwQ0ya1FW3g","e48856bbdbbb68291a2059fd540961ca213ee5b20b91a7a26bb8b59ae4b052b5");
INSERT INTO user(name, salt, hash) values("IanJohnson96","1jo5OFAVDpC6xaEgt8sSuHcOSzo1SnkEVF5jHwD39SJegUlvz8nBLNeJBK6StVPCKzNNxUpOToQojUW304fW5gjniSqWejeBxo6Xtlgb0qIWW4vYoRYIIPRph8YwiW1mSxZ6sahYlfruDA52wtwPw82I9EVnEul7jRMbbFGFD2NDNW3AinEFt5sqMa84tKK0V9JJyRe4FY7yFTOVjSMV41WF2srbI3k0QVGoEaQ7r0tijCBnXil4QVwQ0ya1FW3g","e48856bbdbbb68291a2059fd540961ca213ee5b20b91a7a26bb8b59ae4b052b5");
INSERT INTO user(name, salt, hash) values("KatyCarter97","1jo5OFAVDpC6xaEgt8sSuHcOSzo1SnkEVF5jHwD39SJegUlvz8nBLNeJBK6StVPCKzNNxUpOToQojUW304fW5gjniSqWejeBxo6Xtlgb0qIWW4vYoRYIIPRph8YwiW1mSxZ6sahYlfruDA52wtwPw82I9EVnEul7jRMbbFGFD2NDNW3AinEFt5sqMa84tKK0V9JJyRe4FY7yFTOVjSMV41WF2srbI3k0QVGoEaQ7r0tijCBnXil4QVwQ0ya1FW3g","e48856bbdbbb68291a2059fd540961ca213ee5b20b91a7a26bb8b59ae4b052b5");
INSERT INTO user(name, salt, hash) values("TomRenninger98","1jo5OFAVDpC6xaEgt8sSuHcOSzo1SnkEVF5jHwD39SJegUlvz8nBLNeJBK6StVPCKzNNxUpOToQojUW304fW5gjniSqWejeBxo6Xtlgb0qIWW4vYoRYIIPRph8YwiW1mSxZ6sahYlfruDA52wtwPw82I9EVnEul7jRMbbFGFD2NDNW3AinEFt5sqMa84tKK0V9JJyRe4FY7yFTOVjSMV41WF2srbI3k0QVGoEaQ7r0tijCBnXil4QVwQ0ya1FW3g","e48856bbdbbb68291a2059fd540961ca213ee5b20b91a7a26bb8b59ae4b052b5");
INSERT INTO user(name, salt, hash) values("SarahRenninger99","1jo5OFAVDpC6xaEgt8sSuHcOSzo1SnkEVF5jHwD39SJegUlvz8nBLNeJBK6StVPCKzNNxUpOToQojUW304fW5gjniSqWejeBxo6Xtlgb0qIWW4vYoRYIIPRph8YwiW1mSxZ6sahYlfruDA52wtwPw82I9EVnEul7jRMbbFGFD2NDNW3AinEFt5sqMa84tKK0V9JJyRe4FY7yFTOVjSMV41WF2srbI3k0QVGoEaQ7r0tijCBnXil4QVwQ0ya1FW3g","e48856bbdbbb68291a2059fd540961ca213ee5b20b91a7a26bb8b59ae4b052b5");





INSERT INTO game(sport, time, date, playerCount, location, full) values("indoor soccer","22:00:00", "2016-5-12" , 15 , "Moody Colliseum" , FALSE);
INSERT INTO game(sport, time, date, playerCount, location, full) values("ultimate frisbee","22:00:00", "2016-5-18" , 6 , "Moody Colliseum" , FALSE);
INSERT INTO game(sport, time, date, playerCount, location, full) values("pool","09:30:00", "2016-4-11" , 6 , "Dedman" , FALSE);
INSERT INTO game(sport, time, date, playerCount, location, full) values("basketball","12:30:00", "2016-3-28" , 10 , "Intramural Fields" , FALSE);
INSERT INTO game(sport, time, date, playerCount, location, full) values("tennis","21:05:00", "2016-5-12" , 15 , "Wescott Field" , FALSE);
INSERT INTO game(sport, time, date, playerCount, location, full) values("soccer","13:25:00", "2016-4-28" , 6 , "Intramural Fields" , FALSE);
INSERT INTO game(sport, time, date, playerCount, location, full) values("football","18:15:00", "2016-5-12" , 6 , "Dedman" , TRUE);
INSERT INTO game(sport, time, date, playerCount, location, full) values("pool","18:15:00", "2016-7-11" , 15 , "Moody Colliseum" , FALSE);
INSERT INTO game(sport, time, date, playerCount, location, full) values("ping pong","12:30:00", "2016-4-14" , 4 , "Moody Colliseum" , FALSE);
INSERT INTO game(sport, time, date, playerCount, location, full) values("soccer","14:20:00", "2016-3-28" , 15 , "Intramural Fields" , FALSE);
INSERT INTO game(sport, time, date, playerCount, location, full) values("tennis","21:05:00", "2016-3-28" , 8 , "Dedman" , FALSE);
INSERT INTO game(sport, time, date, playerCount, location, full) values("indoor soccer","16:40:00", "2016-3-28" , 6 , "Moody Colliseum" , FALSE);
INSERT INTO game(sport, time, date, playerCount, location, full) values("soccer","21:05:00", "2016-7-11" , 15 , "Wescott Field" , FALSE);
INSERT INTO game(sport, time, date, playerCount, location, full) values("ultimate frisbee","08:00:00", "2016-7-11" , 15 , "Intramural Fields" , TRUE);
INSERT INTO game(sport, time, date, playerCount, location, full) values("ping pong","18:15:00", "2016-5-18" , 8 , "Dedman" , FALSE);
INSERT INTO game(sport, time, date, playerCount, location, full) values("ultimate frisbee","13:25:00", "2016-3-28" , 6 , "Dedman" , FALSE);
INSERT INTO game(sport, time, date, playerCount, location, full) values("squash","14:20:00", "2016-4-11" , 8 , "Wescott Field" , FALSE);
INSERT INTO game(sport, time, date, playerCount, location, full) values("ping pong","14:20:00", "2016-3-14" , 15 , "Some Park" , FALSE);
INSERT INTO game(sport, time, date, playerCount, location, full) values("soccer","09:30:00", "2016-5-18" , 5 , "Dedman" , FALSE);
INSERT INTO game(sport, time, date, playerCount, location, full) values("tennis","12:30:00", "2016-7-11" , 15 , "Intramural Fields" , FALSE);
INSERT INTO game(sport, time, date, playerCount, location, full) values("tennis","12:30:00", "2016-3-28" , 4 , "Some Park" , TRUE);
INSERT INTO game(sport, time, date, playerCount, location, full) values("football","21:05:00", "2016-4-14" , 2 , "Dedman" , FALSE);
INSERT INTO game(sport, time, date, playerCount, location, full) values("pool","09:30:00", "2016-7-11" , 2 , "Some Park" , FALSE);
INSERT INTO game(sport, time, date, playerCount, location, full) values("ping pong","22:00:00", "2016-4-11" , 6 , "Wescott Field" , FALSE);
INSERT INTO game(sport, time, date, playerCount, location, full) values("tennis","22:00:00", "2016-7-11" , 5 , "Moody Colliseum" , FALSE);
INSERT INTO game(sport, time, date, playerCount, location, full) values("pool","16:40:00", "2016-4-28" , 10 , "Dedman" , FALSE);
INSERT INTO game(sport, time, date, playerCount, location, full) values("tennis","16:40:00", "2016-4-11" , 10 , "Moody Colliseum" , FALSE);
INSERT INTO game(sport, time, date, playerCount, location, full) values("soccer","16:40:00", "2016-5-12" , 15 , "Some Park" , TRUE);
INSERT INTO game(sport, time, date, playerCount, location, full) values("ultimate frisbee","13:25:00", "2016-4-11" , 6 , "Moody Colliseum" , FALSE);
INSERT INTO game(sport, time, date, playerCount, location, full) values("squash","14:20:00", "2016-5-18" , 8 , "Moody Colliseum" , FALSE);
INSERT INTO game(sport, time, date, playerCount, location, full) values("indoor soccer","08:00:00", "2016-7-11" , 10 , "Some Park" , FALSE);
INSERT INTO game(sport, time, date, playerCount, location, full) values("tennis","09:30:00", "2016-4-11" , 5 , "Some Park" , FALSE);
INSERT INTO game(sport, time, date, playerCount, location, full) values("basketball","22:00:00", "2016-3-28" , 6 , "Dedman" , FALSE);
INSERT INTO game(sport, time, date, playerCount, location, full) values("soccer","16:40:00", "2016-7-11" , 2 , "Dedman" , FALSE);
INSERT INTO game(sport, time, date, playerCount, location, full) values("basketball","09:30:00", "2016-7-11" , 6 , "Some Park" , FALSE);
INSERT INTO game(sport, time, date, playerCount, location, full) values("squash","18:15:00", "2016-5-18" , 4 , "Wescott Field" , FALSE);
INSERT INTO game(sport, time, date, playerCount, location, full) values("tennis","22:00:00", "2016-4-11" , 8 , "Dedman" , FALSE);
INSERT INTO game(sport, time, date, playerCount, location, full) values("football","13:25:00", "2016-4-14" , 10 , "Some Park" , FALSE);
INSERT INTO game(sport, time, date, playerCount, location, full) values("squash","13:25:00", "2016-5-18" , 6 , "Wescott Field" , FALSE);
INSERT INTO game(sport, time, date, playerCount, location, full) values("football","22:00:00", "2016-4-28" , 5 , "Dedman" , FALSE);
INSERT INTO game(sport, time, date, playerCount, location, full) values("tennis","13:25:00", "2016-3-14" , 8 , "Some Park" , FALSE);
INSERT INTO game(sport, time, date, playerCount, location, full) values("ultimate frisbee","08:00:00", "2016-5-18" , 6 , "Dedman" , FALSE);
INSERT INTO game(sport, time, date, playerCount, location, full) values("football","21:05:00", "2016-4-28" , 10 , "Wescott Field" , FALSE);
INSERT INTO game(sport, time, date, playerCount, location, full) values("pool","09:30:00", "2016-4-28" , 6 , "Wescott Field" , FALSE);
INSERT INTO game(sport, time, date, playerCount, location, full) values("ultimate frisbee","22:00:00", "2016-7-11" , 8 , "Intramural Fields" , FALSE);
INSERT INTO game(sport, time, date, playerCount, location, full) values("soccer","08:00:00", "2016-7-11" , 10 , "Intramural Fields" , FALSE);
INSERT INTO game(sport, time, date, playerCount, location, full) values("basketball","13:25:00", "2016-5-12" , 2 , "Moody Colliseum" , FALSE);
INSERT INTO game(sport, time, date, playerCount, location, full) values("basketball","14:20:00", "2016-4-28" , 10 , "Moody Colliseum" , FALSE);
INSERT INTO game(sport, time, date, playerCount, location, full) values("ping pong","21:05:00", "2016-7-11" , 8 , "Intramural Fields" , FALSE);
INSERT INTO game(sport, time, date, playerCount, location, full) values("ultimate frisbee","18:15:00", "2016-3-14" , 8 , "Wescott Field" , FALSE);





INSERT INTO enlist values("JackCohen78", 1 );
INSERT INTO enlist values("IanCohen26", 1 );
INSERT INTO enlist values("TomGoldman28", 1 );
INSERT INTO enlist values("GraceGabrielson91", 1 );
INSERT INTO enlist values("TimmothyGabrielson43", 1 );
INSERT INTO enlist values("MaryKhan31", 1 );
INSERT INTO enlist values("SarahGabrielson13", 1 );
INSERT INTO enlist values("JohnStenbit38", 1 );
INSERT INTO enlist values("JonathanFontenot87", 1 );
INSERT INTO enlist values("TimmothyReiss14", 1 );
INSERT INTO enlist values("JackReiss9", 1 );
INSERT INTO enlist values("BobFontenot45", 1 );
INSERT INTO enlist values("IanReiss67", 2 );
INSERT INTO enlist values("KatyReiss80", 2 );
INSERT INTO enlist values("JenniferCarter46", 2 );
INSERT INTO enlist values("TimmothyStenbit29", 3 );
INSERT INTO enlist values("IanJohnson92", 3 );
INSERT INTO enlist values("TomJohnson52", 3 );
INSERT INTO enlist values("BenStenbit11", 4 );
INSERT INTO enlist values("MarkBanbury71", 4 );
INSERT INTO enlist values("TomSmith94", 4 );
INSERT INTO enlist values("BenGabrielson90", 4 );
INSERT INTO enlist values("JohnStenbit38", 4 );
INSERT INTO enlist values("JohnGoldman64", 4 );
INSERT INTO enlist values("JenniferCarter93", 4 );
INSERT INTO enlist values("IanStenbit83", 5 );
INSERT INTO enlist values("MaryJohnson81", 5 );
INSERT INTO enlist values("BenStenbit11", 5 );
INSERT INTO enlist values("JohnStenbit38", 5 );
INSERT INTO enlist values("IanStenbit4", 5 );
INSERT INTO enlist values("JackStenbit53", 5 );
INSERT INTO enlist values("KatyBanbury25", 5 );
INSERT INTO enlist values("BenGabrielson90", 5 );
INSERT INTO enlist values("AllisonHansen40", 5 );
INSERT INTO enlist values("JohnMitchell84", 5 );
INSERT INTO enlist values("JenniferGabrielson55", 5 );
INSERT INTO enlist values("TomRenninger98", 5 );
INSERT INTO enlist values("MaryHansen6", 6 );
INSERT INTO enlist values("JohnMitchell65", 6 );
INSERT INTO enlist values("JohnGoldman64", 6 );
INSERT INTO enlist values("TomGoldman28", 7 );
INSERT INTO enlist values("IanGoldman1", 7 );
INSERT INTO enlist values("BenStenbit85", 7 );
INSERT INTO enlist values("TimmothySmith16", 7 );
INSERT INTO enlist values("GraceGabrielson91", 7 );
INSERT INTO enlist values("JenniferHansen12", 7 );
INSERT INTO enlist values("MarkJohnson95", 8 );
INSERT INTO enlist values("JohnJohnson42", 8 );
INSERT INTO enlist values("JohnCarter23", 8 );
INSERT INTO enlist values("KatyCarter97", 8 );
INSERT INTO enlist values("JenniferCarter46", 8 );
INSERT INTO enlist values("MarySmith56", 8 );
INSERT INTO enlist values("KatyReiss80", 8 );
INSERT INTO enlist values("BenGabrielson90", 8 );
INSERT INTO enlist values("TomJohnson32", 8 );
INSERT INTO enlist values("TimmothySmith8", 8 );
INSERT INTO enlist values("KatyStenbit39", 8 );
INSERT INTO enlist values("GraceGabrielson91", 8 );
INSERT INTO enlist values("JohnGoldman64", 9 );
INSERT INTO enlist values("MarkBanbury59", 10 );
INSERT INTO enlist values("IanStenbit4", 10 );
INSERT INTO enlist values("JenniferGabrielson55", 10 );
INSERT INTO enlist values("JackSmith68", 10 );
INSERT INTO enlist values("BobJohnson51", 10 );
INSERT INTO enlist values("TomJohnson52", 10 );
INSERT INTO enlist values("MaryRenninger20", 10 );
INSERT INTO enlist values("IanRenninger33", 10 );
INSERT INTO enlist values("JackStenbit53", 10 );
INSERT INTO enlist values("TimmothyReiss14", 10 );
INSERT INTO enlist values("TomSmith94", 10 );
INSERT INTO enlist values("AllisonReiss57", 10 );
INSERT INTO enlist values("JohnStenbit38", 11 );
INSERT INTO enlist values("TimmothyStenbit29", 11 );
INSERT INTO enlist values("TomFontenot15", 11 );
INSERT INTO enlist values("AllisonReiss58", 11 );
INSERT INTO enlist values("BenFontenot73", 11 );
INSERT INTO enlist values("TimmothyCarter47", 12 );
INSERT INTO enlist values("IanJohnson69", 12 );
INSERT INTO enlist values("JackFontenot17", 12 );
INSERT INTO enlist values("IanStenbit83", 13 );
INSERT INTO enlist values("BenStenbit11", 13 );
INSERT INTO enlist values("JonathanFontenot87", 13 );
INSERT INTO enlist values("AllisonMitchell44", 13 );
INSERT INTO enlist values("KatyBanbury25", 13 );
INSERT INTO enlist values("JohnStenbit50", 13 );
INSERT INTO enlist values("MarkHansen60", 13 );
INSERT INTO enlist values("TomJohnson52", 13 );
INSERT INTO enlist values("TomRenninger98", 13 );
INSERT INTO enlist values("TimmothyCarter47", 13 );
INSERT INTO enlist values("TomFontenot15", 13 );
INSERT INTO enlist values("GraceJohnson2", 13 );
INSERT INTO enlist values("JonathanKhan18", 14 );
INSERT INTO enlist values("JohnJohnson42", 14 );
INSERT INTO enlist values("TimmothyStenbit29", 14 );
INSERT INTO enlist values("IanMitchell22", 14 );
INSERT INTO enlist values("KatyStenbit39", 14 );
INSERT INTO enlist values("AllisonReiss57", 14 );
INSERT INTO enlist values("IanBanbury70", 14 );
INSERT INTO enlist values("AllisonSmith36", 14 );
INSERT INTO enlist values("KatyBanbury25", 14 );
INSERT INTO enlist values("JackCohen78", 14 );
INSERT INTO enlist values("TimmothyCarter47", 14 );
INSERT INTO enlist values("IanJohnson69", 14 );
INSERT INTO enlist values("JonathanHansen19", 14 );
INSERT INTO enlist values("BobStenbit27", 14 );
INSERT INTO enlist values("MarySmith56", 14 );
INSERT INTO enlist values("JonathanGoldman49", 15 );
INSERT INTO enlist values("JenniferCarter46", 15 );
INSERT INTO enlist values("JonathanHansen19", 15 );
INSERT INTO enlist values("MaryRenninger20", 15 );
INSERT INTO enlist values("IanCohen37", 15 );
INSERT INTO enlist values("JenniferReiss66", 16 );
INSERT INTO enlist values("BobStenbit27", 16 );
INSERT INTO enlist values("AllisonReiss58", 16 );
INSERT INTO enlist values("JackReiss9", 17 );
INSERT INTO enlist values("AllisonReiss58", 17 );
INSERT INTO enlist values("MarkJohnson79", 17 );
INSERT INTO enlist values("JohnHansen88", 17 );
INSERT INTO enlist values("KatyStenbit39", 17 );
INSERT INTO enlist values("MattBanbury24", 18 );
INSERT INTO enlist values("JenniferReiss66", 18 );
INSERT INTO enlist values("BenCohen0", 18 );
INSERT INTO enlist values("JackHansen75", 18 );
INSERT INTO enlist values("JohnJohnson42", 18 );
INSERT INTO enlist values("MarkBanbury30", 18 );
INSERT INTO enlist values("TomRenninger98", 18 );
INSERT INTO enlist values("KatyBanbury25", 18 );
INSERT INTO enlist values("SarahGabrielson13", 18 );
INSERT INTO enlist values("IanStenbit4", 18 );
INSERT INTO enlist values("TimmothySmith16", 18 );
INSERT INTO enlist values("MaryRenninger7", 18 );
INSERT INTO enlist values("AllisonMitchell44", 19 );
INSERT INTO enlist values("JohnJohnson42", 19 );
INSERT INTO enlist values("BobJohnson51", 20 );
INSERT INTO enlist values("IanJohnson96", 20 );
INSERT INTO enlist values("MarkHansen60", 20 );
INSERT INTO enlist values("JenniferGabrielson55", 20 );
INSERT INTO enlist values("MarkJohnson79", 20 );
INSERT INTO enlist values("IanGoldman1", 20 );
INSERT INTO enlist values("BobFontenot45", 20 );
INSERT INTO enlist values("AllisonMitchell44", 20 );
INSERT INTO enlist values("JonathanGoldman49", 20 );
INSERT INTO enlist values("KatyReiss80", 20 );
INSERT INTO enlist values("MaryKhan31", 20 );
INSERT INTO enlist values("MaryRenninger20", 20 );
INSERT INTO enlist values("JackSmith68", 21 );
INSERT INTO enlist values("TimmothyKhan63", 21 );
INSERT INTO enlist values("JackCohen78", 21 );
INSERT INTO enlist values("MarkBanbury59", 21 );
INSERT INTO enlist values("KatyStenbit39", 24 );
INSERT INTO enlist values("JonathanGoldman49", 24 );
INSERT INTO enlist values("SarahGabrielson13", 24 );
INSERT INTO enlist values("JenniferCarter46", 25 );
INSERT INTO enlist values("BenStenbit11", 25 );
INSERT INTO enlist values("MaryRenninger7", 26 );
INSERT INTO enlist values("AllisonReiss57", 26 );
INSERT INTO enlist values("KatyStenbit39", 26 );
INSERT INTO enlist values("TomJohnson52", 26 );
INSERT INTO enlist values("BobFontenot45", 26 );
INSERT INTO enlist values("TimmothyCarter47", 26 );
INSERT INTO enlist values("MarySmith56", 26 );
INSERT INTO enlist values("MattReiss34", 27 );
INSERT INTO enlist values("TimmothySmith77", 27 );
INSERT INTO enlist values("MaryKhan31", 27 );
INSERT INTO enlist values("KatyBanbury25", 27 );
INSERT INTO enlist values("SarahSmith5", 27 );
INSERT INTO enlist values("JohnStenbit38", 27 );
INSERT INTO enlist values("JenniferGabrielson55", 27 );
INSERT INTO enlist values("SarahGabrielson13", 28 );
INSERT INTO enlist values("BenGabrielson90", 28 );
INSERT INTO enlist values("MaryRenninger7", 28 );
INSERT INTO enlist values("TimmothySmith77", 28 );
INSERT INTO enlist values("GraceGabrielson91", 28 );
INSERT INTO enlist values("TomJohnson32", 28 );
INSERT INTO enlist values("MarkBanbury30", 28 );
INSERT INTO enlist values("MarkBanbury71", 28 );
INSERT INTO enlist values("JenniferHansen12", 28 );
INSERT INTO enlist values("JohnStenbit38", 28 );
INSERT INTO enlist values("KatyReiss80", 28 );
INSERT INTO enlist values("TimmothyKhan63", 28 );
INSERT INTO enlist values("TomRenninger76", 28 );
INSERT INTO enlist values("JackSmith68", 28 );
INSERT INTO enlist values("JackCohen78", 28 );
INSERT INTO enlist values("BobFontenot45", 29 );
INSERT INTO enlist values("SarahRenninger99", 29 );
INSERT INTO enlist values("IanRenninger33", 29 );
INSERT INTO enlist values("IanReiss35", 30 );
INSERT INTO enlist values("AllisonHansen40", 30 );
INSERT INTO enlist values("JenniferBanbury3", 30 );
INSERT INTO enlist values("TomFontenot15", 30 );
INSERT INTO enlist values("TomSmith94", 30 );
INSERT INTO enlist values("MaryBanbury62", 31 );
INSERT INTO enlist values("MarkBanbury71", 31 );
INSERT INTO enlist values("TomSmith94", 31 );
INSERT INTO enlist values("JohnStenbit38", 31 );
INSERT INTO enlist values("BenStenbit85", 31 );
INSERT INTO enlist values("JenniferCarter93", 31 );
INSERT INTO enlist values("BenGabrielson90", 31 );
INSERT INTO enlist values("TimmothyGabrielson43", 32 );
INSERT INTO enlist values("JonathanFontenot87", 32 );
INSERT INTO enlist values("TimmothyKhan89", 33 );
INSERT INTO enlist values("TomRenninger98", 33 );
INSERT INTO enlist values("AllisonReiss57", 33 );
INSERT INTO enlist values("TimmothyKhan63", 35 );
INSERT INTO enlist values("JenniferCarter46", 35 );
INSERT INTO enlist values("SarahSmith5", 35 );
INSERT INTO enlist values("IanReiss35", 36 );
INSERT INTO enlist values("TomSmith94", 37 );
INSERT INTO enlist values("KatyGabrielson54", 37 );
INSERT INTO enlist values("AllisonReiss58", 37 );
INSERT INTO enlist values("JenniferBanbury3", 37 );
INSERT INTO enlist values("JohnCarter23", 37 );
INSERT INTO enlist values("TimmothyCarter47", 38 );
INSERT INTO enlist values("IanCohen37", 38 );
INSERT INTO enlist values("TimmothySmith16", 38 );
INSERT INTO enlist values("MarkHansen60", 38 );
INSERT INTO enlist values("TimmothySmith8", 38 );
INSERT INTO enlist values("MaryRenninger7", 38 );
INSERT INTO enlist values("IanStenbit83", 38 );
INSERT INTO enlist values("IanCohen37", 39 );
INSERT INTO enlist values("JenniferGabrielson55", 39 );
INSERT INTO enlist values("IanReiss35", 39 );
INSERT INTO enlist values("TimmothySmith8", 40 );
INSERT INTO enlist values("BobJohnson51", 40 );
INSERT INTO enlist values("IanCohen26", 41 );
INSERT INTO enlist values("MaryKhan31", 41 );
INSERT INTO enlist values("SarahReiss41", 41 );
INSERT INTO enlist values("MarkBanbury71", 41 );
INSERT INTO enlist values("JackCohen78", 41 );
INSERT INTO enlist values("IanStenbit83", 42 );
INSERT INTO enlist values("TimmothyStenbit29", 42 );
INSERT INTO enlist values("TomSmith94", 42 );
INSERT INTO enlist values("TimmothyKhan63", 43 );
INSERT INTO enlist values("BobSmith74", 43 );
INSERT INTO enlist values("SarahGabrielson13", 43 );
INSERT INTO enlist values("BenGoldman10", 43 );
INSERT INTO enlist values("MaryJohnson21", 43 );
INSERT INTO enlist values("MarySmith56", 43 );
INSERT INTO enlist values("JohnMitchell84", 43 );
INSERT INTO enlist values("BobStenbit27", 44 );
INSERT INTO enlist values("JonathanFontenot87", 44 );
INSERT INTO enlist values("TimmothyGabrielson43", 44 );
INSERT INTO enlist values("TomFontenot61", 45 );
INSERT INTO enlist values("MarkBanbury59", 45 );
INSERT INTO enlist values("JenniferReiss66", 45 );
INSERT INTO enlist values("AllisonReiss57", 45 );
INSERT INTO enlist values("IanCohen26", 45 );
INSERT INTO enlist values("JackHansen75", 46 );
INSERT INTO enlist values("MaryRenninger7", 46 );
INSERT INTO enlist values("BobJohnson51", 46 );
INSERT INTO enlist values("JackReiss9", 46 );
INSERT INTO enlist values("JenniferHansen12", 46 );
INSERT INTO enlist values("JonathanCohen86", 46 );
INSERT INTO enlist values("GraceJohnson2", 46 );
INSERT INTO enlist values("SarahReiss41", 48 );
INSERT INTO enlist values("JenniferReiss66", 48 );
INSERT INTO enlist values("JackReiss9", 48 );
INSERT INTO enlist values("KatyStenbit39", 48 );
INSERT INTO enlist values("JonathanGoldman49", 48 );
INSERT INTO enlist values("TimmothySmith77", 48 );
INSERT INTO enlist values("IanRenninger33", 48 );
INSERT INTO enlist values("MaryRenninger7", 49 );
INSERT INTO enlist values("JackReiss9", 49 );
INSERT INTO enlist values("JonathanHansen19", 49 );
INSERT INTO enlist values("TimmothyCarter47", 49 );
INSERT INTO enlist values("JenniferCarter46", 49 );
INSERT INTO enlist values("TimmothyCarter47", 50 );
INSERT INTO enlist values("JohnCarter23", 50 );
INSERT INTO enlist values("MarySmith56", 50 );
INSERT INTO enlist values("JackStenbit53", 50 );
INSERT INTO enlist values("BenStenbit11", 50 );
INSERT INTO sportPreference(username, sport) values("BenCohen0", "football");
INSERT INTO sportPreference(username, sport) values("BenCohen0", "tennis");
INSERT INTO sportPreference(username, sport) values("BenCohen0", "pool");
INSERT INTO sportPreference(username, sport) values("IanGoldman1", "basketball");
INSERT INTO sportPreference(username, sport) values("IanGoldman1", "soccer");
INSERT INTO sportPreference(username, sport) values("GraceJohnson2", "pool");
INSERT INTO sportPreference(username, sport) values("GraceJohnson2", "football");
INSERT INTO sportPreference(username, sport) values("JenniferBanbury3", "squash");
INSERT INTO sportPreference(username, sport) values("JenniferBanbury3", "football");
INSERT INTO sportPreference(username, sport) values("IanStenbit4", "ping pong");
INSERT INTO sportPreference(username, sport) values("IanStenbit4", "tennis");
INSERT INTO sportPreference(username, sport) values("IanStenbit4", "basketball");
INSERT INTO sportPreference(username, sport) values("IanStenbit4", "football");
INSERT INTO sportPreference(username, sport) values("SarahSmith5", "tennis");
INSERT INTO sportPreference(username, sport) values("SarahSmith5", "ping pong");
INSERT INTO sportPreference(username, sport) values("MaryHansen6", "indoor soccer");
INSERT INTO sportPreference(username, sport) values("MaryHansen6", "tennis");
INSERT INTO sportPreference(username, sport) values("MaryHansen6", "ultimate frisbee");
INSERT INTO sportPreference(username, sport) values("MaryHansen6", "football");
INSERT INTO sportPreference(username, sport) values("MaryRenninger7", "football");
INSERT INTO sportPreference(username, sport) values("TimmothySmith8", "ping pong");
INSERT INTO sportPreference(username, sport) values("TimmothySmith8", "football");
INSERT INTO sportPreference(username, sport) values("TimmothySmith8", "tennis");
INSERT INTO sportPreference(username, sport) values("JackReiss9", "ping pong");
INSERT INTO sportPreference(username, sport) values("JackReiss9", "basketball");
INSERT INTO sportPreference(username, sport) values("JackReiss9", "ultimate frisbee");
INSERT INTO sportPreference(username, sport) values("BenGoldman10", "ping pong");
INSERT INTO sportPreference(username, sport) values("BenGoldman10", "pool");
INSERT INTO sportPreference(username, sport) values("BenGoldman10", "squash");
INSERT INTO sportPreference(username, sport) values("BenGoldman10", "tennis");
INSERT INTO sportPreference(username, sport) values("BenStenbit11", "ping pong");
INSERT INTO sportPreference(username, sport) values("BenStenbit11", "squash");
INSERT INTO sportPreference(username, sport) values("BenStenbit11", "pool");
INSERT INTO sportPreference(username, sport) values("JenniferHansen12", "squash");
INSERT INTO sportPreference(username, sport) values("SarahGabrielson13", "tennis");
INSERT INTO sportPreference(username, sport) values("SarahGabrielson13", "indoor soccer");
INSERT INTO sportPreference(username, sport) values("SarahGabrielson13", "pool");
INSERT INTO sportPreference(username, sport) values("SarahGabrielson13", "soccer");
INSERT INTO sportPreference(username, sport) values("TimmothyReiss14", "ping pong");
INSERT INTO sportPreference(username, sport) values("TomFontenot15", "soccer");
INSERT INTO sportPreference(username, sport) values("TomFontenot15", "indoor soccer");
INSERT INTO sportPreference(username, sport) values("TimmothySmith16", "ultimate frisbee");
INSERT INTO sportPreference(username, sport) values("TimmothySmith16", "indoor soccer");
INSERT INTO sportPreference(username, sport) values("TimmothySmith16", "ping pong");
INSERT INTO sportPreference(username, sport) values("TimmothySmith16", "pool");
INSERT INTO sportPreference(username, sport) values("JackFontenot17", "tennis");
INSERT INTO sportPreference(username, sport) values("JackFontenot17", "squash");
INSERT INTO sportPreference(username, sport) values("JackFontenot17", "soccer");
INSERT INTO sportPreference(username, sport) values("JonathanKhan18", "squash");
INSERT INTO sportPreference(username, sport) values("JonathanKhan18", "basketball");
INSERT INTO sportPreference(username, sport) values("JonathanKhan18", "ping pong");
INSERT INTO sportPreference(username, sport) values("JonathanKhan18", "football");
INSERT INTO sportPreference(username, sport) values("JonathanHansen19", "pool");
INSERT INTO sportPreference(username, sport) values("MaryRenninger20", "tennis");
INSERT INTO sportPreference(username, sport) values("MaryJohnson21", "squash");
INSERT INTO sportPreference(username, sport) values("MaryJohnson21", "ultimate frisbee");
INSERT INTO sportPreference(username, sport) values("MaryJohnson21", "tennis");
INSERT INTO sportPreference(username, sport) values("IanMitchell22", "basketball");
INSERT INTO sportPreference(username, sport) values("IanMitchell22", "soccer");
INSERT INTO sportPreference(username, sport) values("IanMitchell22", "football");
INSERT INTO sportPreference(username, sport) values("JohnCarter23", "basketball");
INSERT INTO sportPreference(username, sport) values("JohnCarter23", "ultimate frisbee");
INSERT INTO sportPreference(username, sport) values("MattBanbury24", "ping pong");
INSERT INTO sportPreference(username, sport) values("MattBanbury24", "basketball");
INSERT INTO sportPreference(username, sport) values("MattBanbury24", "ultimate frisbee");
INSERT INTO sportPreference(username, sport) values("MattBanbury24", "squash");
INSERT INTO sportPreference(username, sport) values("KatyBanbury25", "basketball");
INSERT INTO sportPreference(username, sport) values("KatyBanbury25", "football");
INSERT INTO sportPreference(username, sport) values("KatyBanbury25", "ultimate frisbee");
INSERT INTO sportPreference(username, sport) values("IanCohen26", "ping pong");
INSERT INTO sportPreference(username, sport) values("IanCohen26", "pool");
INSERT INTO sportPreference(username, sport) values("IanCohen26", "squash");
INSERT INTO sportPreference(username, sport) values("IanCohen26", "indoor soccer");
INSERT INTO sportPreference(username, sport) values("BobStenbit27", "ultimate frisbee");
INSERT INTO sportPreference(username, sport) values("BobStenbit27", "football");
INSERT INTO sportPreference(username, sport) values("TomGoldman28", "soccer");
INSERT INTO sportPreference(username, sport) values("TimmothyStenbit29", "pool");
INSERT INTO sportPreference(username, sport) values("MarkBanbury30", "football");
INSERT INTO sportPreference(username, sport) values("MarkBanbury30", "indoor soccer");
INSERT INTO sportPreference(username, sport) values("MaryKhan31", "pool");
INSERT INTO sportPreference(username, sport) values("MaryKhan31", "basketball");
INSERT INTO sportPreference(username, sport) values("MaryKhan31", "ultimate frisbee");
INSERT INTO sportPreference(username, sport) values("MaryKhan31", "football");
INSERT INTO sportPreference(username, sport) values("TomJohnson32", "tennis");
INSERT INTO sportPreference(username, sport) values("TomJohnson32", "football");
INSERT INTO sportPreference(username, sport) values("TomJohnson32", "basketball");
INSERT INTO sportPreference(username, sport) values("IanRenninger33", "squash");
INSERT INTO sportPreference(username, sport) values("IanRenninger33", "basketball");
INSERT INTO sportPreference(username, sport) values("IanRenninger33", "indoor soccer");
INSERT INTO sportPreference(username, sport) values("IanRenninger33", "ultimate frisbee");
INSERT INTO sportPreference(username, sport) values("MattReiss34", "ping pong");
INSERT INTO sportPreference(username, sport) values("IanReiss35", "squash");
INSERT INTO sportPreference(username, sport) values("AllisonSmith36", "soccer");
INSERT INTO sportPreference(username, sport) values("IanCohen37", "basketball");
INSERT INTO sportPreference(username, sport) values("IanCohen37", "ping pong");
INSERT INTO sportPreference(username, sport) values("IanCohen37", "ultimate frisbee");
INSERT INTO sportPreference(username, sport) values("IanCohen37", "indoor soccer");
INSERT INTO sportPreference(username, sport) values("JohnStenbit38", "squash");
INSERT INTO sportPreference(username, sport) values("KatyStenbit39", "ultimate frisbee");
INSERT INTO sportPreference(username, sport) values("AllisonHansen40", "indoor soccer");
INSERT INTO sportPreference(username, sport) values("AllisonHansen40", "pool");
INSERT INTO sportPreference(username, sport) values("SarahReiss41", "squash");
INSERT INTO sportPreference(username, sport) values("JohnJohnson42", "tennis");
INSERT INTO sportPreference(username, sport) values("JohnJohnson42", "soccer");
INSERT INTO sportPreference(username, sport) values("TimmothyGabrielson43", "tennis");
INSERT INTO sportPreference(username, sport) values("TimmothyGabrielson43", "basketball");
INSERT INTO sportPreference(username, sport) values("AllisonMitchell44", "ultimate frisbee");
INSERT INTO sportPreference(username, sport) values("AllisonMitchell44", "squash");
INSERT INTO sportPreference(username, sport) values("AllisonMitchell44", "soccer");
INSERT INTO sportPreference(username, sport) values("BobFontenot45", "tennis");
INSERT INTO sportPreference(username, sport) values("BobFontenot45", "indoor soccer");
INSERT INTO sportPreference(username, sport) values("JenniferCarter46", "football");
INSERT INTO sportPreference(username, sport) values("TimmothyCarter47", "basketball");
INSERT INTO sportPreference(username, sport) values("TimmothyCarter47", "football");
INSERT INTO sportPreference(username, sport) values("TimmothyCarter47", "ping pong");
INSERT INTO sportPreference(username, sport) values("JohnKhan48", "pool");
INSERT INTO sportPreference(username, sport) values("JohnKhan48", "ping pong");
INSERT INTO sportPreference(username, sport) values("JonathanGoldman49", "ping pong");
INSERT INTO sportPreference(username, sport) values("JonathanGoldman49", "indoor soccer");
INSERT INTO sportPreference(username, sport) values("JonathanGoldman49", "pool");
INSERT INTO sportPreference(username, sport) values("JonathanGoldman49", "tennis");
INSERT INTO sportPreference(username, sport) values("JohnStenbit50", "tennis");
INSERT INTO sportPreference(username, sport) values("JohnStenbit50", "squash");
INSERT INTO sportPreference(username, sport) values("BobJohnson51", "indoor soccer");
INSERT INTO sportPreference(username, sport) values("TomJohnson52", "pool");
INSERT INTO sportPreference(username, sport) values("TomJohnson52", "squash");
INSERT INTO sportPreference(username, sport) values("TomJohnson52", "basketball");
INSERT INTO sportPreference(username, sport) values("TomJohnson52", "indoor soccer");
INSERT INTO sportPreference(username, sport) values("JackStenbit53", "ping pong");
INSERT INTO sportPreference(username, sport) values("KatyGabrielson54", "pool");
INSERT INTO sportPreference(username, sport) values("KatyGabrielson54", "ultimate frisbee");
INSERT INTO sportPreference(username, sport) values("JenniferGabrielson55", "football");
INSERT INTO sportPreference(username, sport) values("MarySmith56", "ultimate frisbee");
INSERT INTO sportPreference(username, sport) values("MarySmith56", "squash");
INSERT INTO sportPreference(username, sport) values("MarySmith56", "tennis");
INSERT INTO sportPreference(username, sport) values("AllisonReiss57", "indoor soccer");
INSERT INTO sportPreference(username, sport) values("AllisonReiss57", "ultimate frisbee");
INSERT INTO sportPreference(username, sport) values("AllisonReiss57", "football");
INSERT INTO sportPreference(username, sport) values("AllisonReiss57", "tennis");
INSERT INTO sportPreference(username, sport) values("AllisonReiss58", "tennis");
INSERT INTO sportPreference(username, sport) values("AllisonReiss58", "football");
INSERT INTO sportPreference(username, sport) values("AllisonReiss58", "pool");
INSERT INTO sportPreference(username, sport) values("AllisonReiss58", "squash");
INSERT INTO sportPreference(username, sport) values("MarkBanbury59", "ultimate frisbee");
INSERT INTO sportPreference(username, sport) values("MarkBanbury59", "squash");
INSERT INTO sportPreference(username, sport) values("MarkBanbury59", "indoor soccer");
INSERT INTO sportPreference(username, sport) values("MarkHansen60", "soccer");
INSERT INTO sportPreference(username, sport) values("TomFontenot61", "indoor soccer");
INSERT INTO sportPreference(username, sport) values("MaryBanbury62", "ultimate frisbee");
INSERT INTO sportPreference(username, sport) values("TimmothyKhan63", "indoor soccer");
INSERT INTO sportPreference(username, sport) values("JohnGoldman64", "basketball");
INSERT INTO sportPreference(username, sport) values("JohnGoldman64", "indoor soccer");
INSERT INTO sportPreference(username, sport) values("JohnGoldman64", "pool");
INSERT INTO sportPreference(username, sport) values("JohnGoldman64", "ping pong");
INSERT INTO sportPreference(username, sport) values("JohnMitchell65", "basketball");
INSERT INTO sportPreference(username, sport) values("JohnMitchell65", "soccer");
INSERT INTO sportPreference(username, sport) values("JenniferReiss66", "tennis");
INSERT INTO sportPreference(username, sport) values("IanReiss67", "tennis");
INSERT INTO sportPreference(username, sport) values("IanReiss67", "squash");
INSERT INTO sportPreference(username, sport) values("JackSmith68", "squash");
INSERT INTO sportPreference(username, sport) values("JackSmith68", "indoor soccer");
INSERT INTO sportPreference(username, sport) values("JackSmith68", "ultimate frisbee");
INSERT INTO sportPreference(username, sport) values("JackSmith68", "pool");
INSERT INTO sportPreference(username, sport) values("IanJohnson69", "indoor soccer");
INSERT INTO sportPreference(username, sport) values("IanJohnson69", "ping pong");
INSERT INTO sportPreference(username, sport) values("IanJohnson69", "football");
INSERT INTO sportPreference(username, sport) values("IanBanbury70", "basketball");
INSERT INTO sportPreference(username, sport) values("IanBanbury70", "soccer");
INSERT INTO sportPreference(username, sport) values("IanBanbury70", "indoor soccer");
INSERT INTO sportPreference(username, sport) values("IanBanbury70", "pool");
INSERT INTO sportPreference(username, sport) values("MarkBanbury71", "pool");
INSERT INTO sportPreference(username, sport) values("MarkBanbury71", "indoor soccer");
INSERT INTO sportPreference(username, sport) values("MarkBanbury71", "ultimate frisbee");
INSERT INTO sportPreference(username, sport) values("MarkBanbury71", "tennis");
INSERT INTO sportPreference(username, sport) values("MattGoldman72", "tennis");
INSERT INTO sportPreference(username, sport) values("MattGoldman72", "ping pong");
INSERT INTO sportPreference(username, sport) values("BenFontenot73", "ping pong");
INSERT INTO sportPreference(username, sport) values("BobSmith74", "indoor soccer");
INSERT INTO sportPreference(username, sport) values("BobSmith74", "football");
INSERT INTO sportPreference(username, sport) values("BobSmith74", "pool");
INSERT INTO sportPreference(username, sport) values("BobSmith74", "tennis");
INSERT INTO sportPreference(username, sport) values("JackHansen75", "ultimate frisbee");
INSERT INTO sportPreference(username, sport) values("JackHansen75", "pool");
INSERT INTO sportPreference(username, sport) values("JackHansen75", "indoor soccer");
INSERT INTO sportPreference(username, sport) values("JackHansen75", "ping pong");
INSERT INTO sportPreference(username, sport) values("TomRenninger76", "squash");
INSERT INTO sportPreference(username, sport) values("TomRenninger76", "ping pong");
INSERT INTO sportPreference(username, sport) values("TimmothySmith77", "basketball");
INSERT INTO sportPreference(username, sport) values("TimmothySmith77", "pool");
INSERT INTO sportPreference(username, sport) values("TimmothySmith77", "tennis");
INSERT INTO sportPreference(username, sport) values("JackCohen78", "football");
INSERT INTO sportPreference(username, sport) values("MarkJohnson79", "pool");
INSERT INTO sportPreference(username, sport) values("MarkJohnson79", "indoor soccer");
INSERT INTO sportPreference(username, sport) values("KatyReiss80", "squash");
INSERT INTO sportPreference(username, sport) values("MaryJohnson81", "squash");
INSERT INTO sportPreference(username, sport) values("MaryJohnson81", "basketball");
INSERT INTO sportPreference(username, sport) values("MaryJohnson81", "ultimate frisbee");
INSERT INTO sportPreference(username, sport) values("MaryJohnson81", "indoor soccer");
INSERT INTO sportPreference(username, sport) values("BenStenbit82", "ping pong");
INSERT INTO sportPreference(username, sport) values("IanStenbit83", "basketball");
INSERT INTO sportPreference(username, sport) values("IanStenbit83", "tennis");
INSERT INTO sportPreference(username, sport) values("IanStenbit83", "pool");
INSERT INTO sportPreference(username, sport) values("JohnMitchell84", "ultimate frisbee");
INSERT INTO sportPreference(username, sport) values("JohnMitchell84", "basketball");
INSERT INTO sportPreference(username, sport) values("JohnMitchell84", "pool");
INSERT INTO sportPreference(username, sport) values("BenStenbit85", "tennis");
INSERT INTO sportPreference(username, sport) values("BenStenbit85", "football");
INSERT INTO sportPreference(username, sport) values("JonathanCohen86", "indoor soccer");
INSERT INTO sportPreference(username, sport) values("JonathanFontenot87", "ultimate frisbee");
INSERT INTO sportPreference(username, sport) values("JonathanFontenot87", "indoor soccer");
INSERT INTO sportPreference(username, sport) values("JonathanFontenot87", "squash");
INSERT INTO sportPreference(username, sport) values("JohnHansen88", "ultimate frisbee");
INSERT INTO sportPreference(username, sport) values("JohnHansen88", "ping pong");
INSERT INTO sportPreference(username, sport) values("JohnHansen88", "basketball");
INSERT INTO sportPreference(username, sport) values("TimmothyKhan89", "ping pong");
INSERT INTO sportPreference(username, sport) values("TimmothyKhan89", "tennis");
INSERT INTO sportPreference(username, sport) values("TimmothyKhan89", "indoor soccer");
INSERT INTO sportPreference(username, sport) values("BenGabrielson90", "football");
INSERT INTO sportPreference(username, sport) values("BenGabrielson90", "tennis");
INSERT INTO sportPreference(username, sport) values("GraceGabrielson91", "basketball");
INSERT INTO sportPreference(username, sport) values("IanJohnson92", "ping pong");
INSERT INTO sportPreference(username, sport) values("IanJohnson92", "football");
INSERT INTO sportPreference(username, sport) values("IanJohnson92", "squash");
INSERT INTO sportPreference(username, sport) values("JenniferCarter93", "ultimate frisbee");
INSERT INTO sportPreference(username, sport) values("TomSmith94", "indoor soccer");
INSERT INTO sportPreference(username, sport) values("TomSmith94", "football");
INSERT INTO sportPreference(username, sport) values("MarkJohnson95", "ultimate frisbee");
INSERT INTO sportPreference(username, sport) values("IanJohnson96", "soccer");
INSERT INTO sportPreference(username, sport) values("KatyCarter97", "football");
INSERT INTO sportPreference(username, sport) values("KatyCarter97", "basketball");
INSERT INTO sportPreference(username, sport) values("KatyCarter97", "indoor soccer");
INSERT INTO sportPreference(username, sport) values("KatyCarter97", "squash");
INSERT INTO sportPreference(username, sport) values("TomRenninger98", "soccer");
INSERT INTO sportPreference(username, sport) values("TomRenninger98", "ultimate frisbee");
INSERT INTO sportPreference(username, sport) values("SarahRenninger99", "basketball");
INSERT INTO sportPreference(username, sport) values("SarahRenninger99", "ping pong");
INSERT INTO sportPreference(username, sport) values("SarahRenninger99", "ultimate frisbee");
