DROP DATABASE IF EXISTS pickup;

CREATE DATABASE pickup;

USE pickup;

CREATE TABLE user(
name VARCHAR(100),
id INT auto_increment PRIMARY KEY,
salt VARCHAR(256),
hash VARCHAR(64),
email VARCHAR(100)
);

CREATE TABLE login(
login DATETIME,
username VARCHAR(100),
PRIMARY KEY(login, username)
);

CREATE TABLE session(
username VARCHAR(100),
sessionKey VARCHAR(256)
);

CREATE TABLE chat(
chatID INT auto_increment PRIMARY KEY,
username VARCHAR(100),
gameID INT,
message VARCHAR(1000),
time TIME
);

CREATE TABLE friend(
friender VARCHAR(100),
friendee VARCHAR(100),
PRIMARY KEY(friender, friendee)
);

CREATE TABLE sportPreference(
username VARCHAR(100),
sport VARCHAR(100),
PRIMARY KEY(username, sport)
);

CREATE TABLE game(
id INT PRIMARY KEY auto_increment,
sport VARCHAR(100),
time TIME,
date DATE,
playerCount INT,
location VARCHAR(100),
full TINYINT
);

CREATE TABLE enlist(
playerName VARCHAR(100),
gameID INT,
PRIMARY KEY(playerName, gameID)
);



INSERT INTO user(name, salt, hash) values("TomBanbury0","1jo5OFAVDpC6xaEgt8sSuHcOSzo1SnkEVF5jHwD39SJegUlvz8nBLNeJBK6StVPCKzNNxUpOToQojUW304fW5gjniSqWejeBxo6Xtlgb0qIWW4vYoRYIIPRph8YwiW1mSxZ6sahYlfruDA52wtwPw82I9EVnEul7jRMbbFGFD2NDNW3AinEFt5sqMa84tKK0V9JJyRe4FY7yFTOVjSMV41WF2srbI3k0QVGoEaQ7r0tijCBnXil4QVwQ0ya1FW3g","e48856bbdbbb68291a2059fd540961ca213ee5b20b91a7a26bb8b59ae4b052b5");
INSERT INTO user(name, salt, hash) values("JohnStenbit1","1jo5OFAVDpC6xaEgt8sSuHcOSzo1SnkEVF5jHwD39SJegUlvz8nBLNeJBK6StVPCKzNNxUpOToQojUW304fW5gjniSqWejeBxo6Xtlgb0qIWW4vYoRYIIPRph8YwiW1mSxZ6sahYlfruDA52wtwPw82I9EVnEul7jRMbbFGFD2NDNW3AinEFt5sqMa84tKK0V9JJyRe4FY7yFTOVjSMV41WF2srbI3k0QVGoEaQ7r0tijCBnXil4QVwQ0ya1FW3g","e48856bbdbbb68291a2059fd540961ca213ee5b20b91a7a26bb8b59ae4b052b5");
INSERT INTO user(name, salt, hash) values("KatieJohnson2","1jo5OFAVDpC6xaEgt8sSuHcOSzo1SnkEVF5jHwD39SJegUlvz8nBLNeJBK6StVPCKzNNxUpOToQojUW304fW5gjniSqWejeBxo6Xtlgb0qIWW4vYoRYIIPRph8YwiW1mSxZ6sahYlfruDA52wtwPw82I9EVnEul7jRMbbFGFD2NDNW3AinEFt5sqMa84tKK0V9JJyRe4FY7yFTOVjSMV41WF2srbI3k0QVGoEaQ7r0tijCBnXil4QVwQ0ya1FW3g","e48856bbdbbb68291a2059fd540961ca213ee5b20b91a7a26bb8b59ae4b052b5");
INSERT INTO user(name, salt, hash) values("MattJohnson3","1jo5OFAVDpC6xaEgt8sSuHcOSzo1SnkEVF5jHwD39SJegUlvz8nBLNeJBK6StVPCKzNNxUpOToQojUW304fW5gjniSqWejeBxo6Xtlgb0qIWW4vYoRYIIPRph8YwiW1mSxZ6sahYlfruDA52wtwPw82I9EVnEul7jRMbbFGFD2NDNW3AinEFt5sqMa84tKK0V9JJyRe4FY7yFTOVjSMV41WF2srbI3k0QVGoEaQ7r0tijCBnXil4QVwQ0ya1FW3g","e48856bbdbbb68291a2059fd540961ca213ee5b20b91a7a26bb8b59ae4b052b5");
INSERT INTO user(name, salt, hash) values("TomHansen4","1jo5OFAVDpC6xaEgt8sSuHcOSzo1SnkEVF5jHwD39SJegUlvz8nBLNeJBK6StVPCKzNNxUpOToQojUW304fW5gjniSqWejeBxo6Xtlgb0qIWW4vYoRYIIPRph8YwiW1mSxZ6sahYlfruDA52wtwPw82I9EVnEul7jRMbbFGFD2NDNW3AinEFt5sqMa84tKK0V9JJyRe4FY7yFTOVjSMV41WF2srbI3k0QVGoEaQ7r0tijCBnXil4QVwQ0ya1FW3g","e48856bbdbbb68291a2059fd540961ca213ee5b20b91a7a26bb8b59ae4b052b5");
INSERT INTO user(name, salt, hash) values("BobRenninger5","1jo5OFAVDpC6xaEgt8sSuHcOSzo1SnkEVF5jHwD39SJegUlvz8nBLNeJBK6StVPCKzNNxUpOToQojUW304fW5gjniSqWejeBxo6Xtlgb0qIWW4vYoRYIIPRph8YwiW1mSxZ6sahYlfruDA52wtwPw82I9EVnEul7jRMbbFGFD2NDNW3AinEFt5sqMa84tKK0V9JJyRe4FY7yFTOVjSMV41WF2srbI3k0QVGoEaQ7r0tijCBnXil4QVwQ0ya1FW3g","e48856bbdbbb68291a2059fd540961ca213ee5b20b91a7a26bb8b59ae4b052b5");
INSERT INTO user(name, salt, hash) values("JonathanGoldman6","1jo5OFAVDpC6xaEgt8sSuHcOSzo1SnkEVF5jHwD39SJegUlvz8nBLNeJBK6StVPCKzNNxUpOToQojUW304fW5gjniSqWejeBxo6Xtlgb0qIWW4vYoRYIIPRph8YwiW1mSxZ6sahYlfruDA52wtwPw82I9EVnEul7jRMbbFGFD2NDNW3AinEFt5sqMa84tKK0V9JJyRe4FY7yFTOVjSMV41WF2srbI3k0QVGoEaQ7r0tijCBnXil4QVwQ0ya1FW3g","e48856bbdbbb68291a2059fd540961ca213ee5b20b91a7a26bb8b59ae4b052b5");
INSERT INTO user(name, salt, hash) values("KatieFontenot7","1jo5OFAVDpC6xaEgt8sSuHcOSzo1SnkEVF5jHwD39SJegUlvz8nBLNeJBK6StVPCKzNNxUpOToQojUW304fW5gjniSqWejeBxo6Xtlgb0qIWW4vYoRYIIPRph8YwiW1mSxZ6sahYlfruDA52wtwPw82I9EVnEul7jRMbbFGFD2NDNW3AinEFt5sqMa84tKK0V9JJyRe4FY7yFTOVjSMV41WF2srbI3k0QVGoEaQ7r0tijCBnXil4QVwQ0ya1FW3g","e48856bbdbbb68291a2059fd540961ca213ee5b20b91a7a26bb8b59ae4b052b5");
INSERT INTO user(name, salt, hash) values("TimmothyGabrielson8","1jo5OFAVDpC6xaEgt8sSuHcOSzo1SnkEVF5jHwD39SJegUlvz8nBLNeJBK6StVPCKzNNxUpOToQojUW304fW5gjniSqWejeBxo6Xtlgb0qIWW4vYoRYIIPRph8YwiW1mSxZ6sahYlfruDA52wtwPw82I9EVnEul7jRMbbFGFD2NDNW3AinEFt5sqMa84tKK0V9JJyRe4FY7yFTOVjSMV41WF2srbI3k0QVGoEaQ7r0tijCBnXil4QVwQ0ya1FW3g","e48856bbdbbb68291a2059fd540961ca213ee5b20b91a7a26bb8b59ae4b052b5");
INSERT INTO user(name, salt, hash) values("JackGoldman9","1jo5OFAVDpC6xaEgt8sSuHcOSzo1SnkEVF5jHwD39SJegUlvz8nBLNeJBK6StVPCKzNNxUpOToQojUW304fW5gjniSqWejeBxo6Xtlgb0qIWW4vYoRYIIPRph8YwiW1mSxZ6sahYlfruDA52wtwPw82I9EVnEul7jRMbbFGFD2NDNW3AinEFt5sqMa84tKK0V9JJyRe4FY7yFTOVjSMV41WF2srbI3k0QVGoEaQ7r0tijCBnXil4QVwQ0ya1FW3g","e48856bbdbbb68291a2059fd540961ca213ee5b20b91a7a26bb8b59ae4b052b5");
INSERT INTO user(name, salt, hash) values("TomRenninger10","1jo5OFAVDpC6xaEgt8sSuHcOSzo1SnkEVF5jHwD39SJegUlvz8nBLNeJBK6StVPCKzNNxUpOToQojUW304fW5gjniSqWejeBxo6Xtlgb0qIWW4vYoRYIIPRph8YwiW1mSxZ6sahYlfruDA52wtwPw82I9EVnEul7jRMbbFGFD2NDNW3AinEFt5sqMa84tKK0V9JJyRe4FY7yFTOVjSMV41WF2srbI3k0QVGoEaQ7r0tijCBnXil4QVwQ0ya1FW3g","e48856bbdbbb68291a2059fd540961ca213ee5b20b91a7a26bb8b59ae4b052b5");
INSERT INTO user(name, salt, hash) values("JenniferCohen11","1jo5OFAVDpC6xaEgt8sSuHcOSzo1SnkEVF5jHwD39SJegUlvz8nBLNeJBK6StVPCKzNNxUpOToQojUW304fW5gjniSqWejeBxo6Xtlgb0qIWW4vYoRYIIPRph8YwiW1mSxZ6sahYlfruDA52wtwPw82I9EVnEul7jRMbbFGFD2NDNW3AinEFt5sqMa84tKK0V9JJyRe4FY7yFTOVjSMV41WF2srbI3k0QVGoEaQ7r0tijCBnXil4QVwQ0ya1FW3g","e48856bbdbbb68291a2059fd540961ca213ee5b20b91a7a26bb8b59ae4b052b5");
INSERT INTO user(name, salt, hash) values("SarahHansen12","1jo5OFAVDpC6xaEgt8sSuHcOSzo1SnkEVF5jHwD39SJegUlvz8nBLNeJBK6StVPCKzNNxUpOToQojUW304fW5gjniSqWejeBxo6Xtlgb0qIWW4vYoRYIIPRph8YwiW1mSxZ6sahYlfruDA52wtwPw82I9EVnEul7jRMbbFGFD2NDNW3AinEFt5sqMa84tKK0V9JJyRe4FY7yFTOVjSMV41WF2srbI3k0QVGoEaQ7r0tijCBnXil4QVwQ0ya1FW3g","e48856bbdbbb68291a2059fd540961ca213ee5b20b91a7a26bb8b59ae4b052b5");
INSERT INTO user(name, salt, hash) values("MarkSmith13","1jo5OFAVDpC6xaEgt8sSuHcOSzo1SnkEVF5jHwD39SJegUlvz8nBLNeJBK6StVPCKzNNxUpOToQojUW304fW5gjniSqWejeBxo6Xtlgb0qIWW4vYoRYIIPRph8YwiW1mSxZ6sahYlfruDA52wtwPw82I9EVnEul7jRMbbFGFD2NDNW3AinEFt5sqMa84tKK0V9JJyRe4FY7yFTOVjSMV41WF2srbI3k0QVGoEaQ7r0tijCBnXil4QVwQ0ya1FW3g","e48856bbdbbb68291a2059fd540961ca213ee5b20b91a7a26bb8b59ae4b052b5");
INSERT INTO user(name, salt, hash) values("GraceKhan14","1jo5OFAVDpC6xaEgt8sSuHcOSzo1SnkEVF5jHwD39SJegUlvz8nBLNeJBK6StVPCKzNNxUpOToQojUW304fW5gjniSqWejeBxo6Xtlgb0qIWW4vYoRYIIPRph8YwiW1mSxZ6sahYlfruDA52wtwPw82I9EVnEul7jRMbbFGFD2NDNW3AinEFt5sqMa84tKK0V9JJyRe4FY7yFTOVjSMV41WF2srbI3k0QVGoEaQ7r0tijCBnXil4QVwQ0ya1FW3g","e48856bbdbbb68291a2059fd540961ca213ee5b20b91a7a26bb8b59ae4b052b5");
INSERT INTO user(name, salt, hash) values("JohnKhan15","1jo5OFAVDpC6xaEgt8sSuHcOSzo1SnkEVF5jHwD39SJegUlvz8nBLNeJBK6StVPCKzNNxUpOToQojUW304fW5gjniSqWejeBxo6Xtlgb0qIWW4vYoRYIIPRph8YwiW1mSxZ6sahYlfruDA52wtwPw82I9EVnEul7jRMbbFGFD2NDNW3AinEFt5sqMa84tKK0V9JJyRe4FY7yFTOVjSMV41WF2srbI3k0QVGoEaQ7r0tijCBnXil4QVwQ0ya1FW3g","e48856bbdbbb68291a2059fd540961ca213ee5b20b91a7a26bb8b59ae4b052b5");
INSERT INTO user(name, salt, hash) values("MaryJohnson16","1jo5OFAVDpC6xaEgt8sSuHcOSzo1SnkEVF5jHwD39SJegUlvz8nBLNeJBK6StVPCKzNNxUpOToQojUW304fW5gjniSqWejeBxo6Xtlgb0qIWW4vYoRYIIPRph8YwiW1mSxZ6sahYlfruDA52wtwPw82I9EVnEul7jRMbbFGFD2NDNW3AinEFt5sqMa84tKK0V9JJyRe4FY7yFTOVjSMV41WF2srbI3k0QVGoEaQ7r0tijCBnXil4QVwQ0ya1FW3g","e48856bbdbbb68291a2059fd540961ca213ee5b20b91a7a26bb8b59ae4b052b5");
INSERT INTO user(name, salt, hash) values("JenniferHansen17","1jo5OFAVDpC6xaEgt8sSuHcOSzo1SnkEVF5jHwD39SJegUlvz8nBLNeJBK6StVPCKzNNxUpOToQojUW304fW5gjniSqWejeBxo6Xtlgb0qIWW4vYoRYIIPRph8YwiW1mSxZ6sahYlfruDA52wtwPw82I9EVnEul7jRMbbFGFD2NDNW3AinEFt5sqMa84tKK0V9JJyRe4FY7yFTOVjSMV41WF2srbI3k0QVGoEaQ7r0tijCBnXil4QVwQ0ya1FW3g","e48856bbdbbb68291a2059fd540961ca213ee5b20b91a7a26bb8b59ae4b052b5");
INSERT INTO user(name, salt, hash) values("MattGabrielson18","1jo5OFAVDpC6xaEgt8sSuHcOSzo1SnkEVF5jHwD39SJegUlvz8nBLNeJBK6StVPCKzNNxUpOToQojUW304fW5gjniSqWejeBxo6Xtlgb0qIWW4vYoRYIIPRph8YwiW1mSxZ6sahYlfruDA52wtwPw82I9EVnEul7jRMbbFGFD2NDNW3AinEFt5sqMa84tKK0V9JJyRe4FY7yFTOVjSMV41WF2srbI3k0QVGoEaQ7r0tijCBnXil4QVwQ0ya1FW3g","e48856bbdbbb68291a2059fd540961ca213ee5b20b91a7a26bb8b59ae4b052b5");
INSERT INTO user(name, salt, hash) values("KatieBanbury19","1jo5OFAVDpC6xaEgt8sSuHcOSzo1SnkEVF5jHwD39SJegUlvz8nBLNeJBK6StVPCKzNNxUpOToQojUW304fW5gjniSqWejeBxo6Xtlgb0qIWW4vYoRYIIPRph8YwiW1mSxZ6sahYlfruDA52wtwPw82I9EVnEul7jRMbbFGFD2NDNW3AinEFt5sqMa84tKK0V9JJyRe4FY7yFTOVjSMV41WF2srbI3k0QVGoEaQ7r0tijCBnXil4QVwQ0ya1FW3g","e48856bbdbbb68291a2059fd540961ca213ee5b20b91a7a26bb8b59ae4b052b5");
INSERT INTO user(name, salt, hash) values("JenniferCohen20","1jo5OFAVDpC6xaEgt8sSuHcOSzo1SnkEVF5jHwD39SJegUlvz8nBLNeJBK6StVPCKzNNxUpOToQojUW304fW5gjniSqWejeBxo6Xtlgb0qIWW4vYoRYIIPRph8YwiW1mSxZ6sahYlfruDA52wtwPw82I9EVnEul7jRMbbFGFD2NDNW3AinEFt5sqMa84tKK0V9JJyRe4FY7yFTOVjSMV41WF2srbI3k0QVGoEaQ7r0tijCBnXil4QVwQ0ya1FW3g","e48856bbdbbb68291a2059fd540961ca213ee5b20b91a7a26bb8b59ae4b052b5");
INSERT INTO user(name, salt, hash) values("MaryCarter21","1jo5OFAVDpC6xaEgt8sSuHcOSzo1SnkEVF5jHwD39SJegUlvz8nBLNeJBK6StVPCKzNNxUpOToQojUW304fW5gjniSqWejeBxo6Xtlgb0qIWW4vYoRYIIPRph8YwiW1mSxZ6sahYlfruDA52wtwPw82I9EVnEul7jRMbbFGFD2NDNW3AinEFt5sqMa84tKK0V9JJyRe4FY7yFTOVjSMV41WF2srbI3k0QVGoEaQ7r0tijCBnXil4QVwQ0ya1FW3g","e48856bbdbbb68291a2059fd540961ca213ee5b20b91a7a26bb8b59ae4b052b5");
INSERT INTO user(name, salt, hash) values("BobFontenot22","1jo5OFAVDpC6xaEgt8sSuHcOSzo1SnkEVF5jHwD39SJegUlvz8nBLNeJBK6StVPCKzNNxUpOToQojUW304fW5gjniSqWejeBxo6Xtlgb0qIWW4vYoRYIIPRph8YwiW1mSxZ6sahYlfruDA52wtwPw82I9EVnEul7jRMbbFGFD2NDNW3AinEFt5sqMa84tKK0V9JJyRe4FY7yFTOVjSMV41WF2srbI3k0QVGoEaQ7r0tijCBnXil4QVwQ0ya1FW3g","e48856bbdbbb68291a2059fd540961ca213ee5b20b91a7a26bb8b59ae4b052b5");
INSERT INTO user(name, salt, hash) values("JohnCohen23","1jo5OFAVDpC6xaEgt8sSuHcOSzo1SnkEVF5jHwD39SJegUlvz8nBLNeJBK6StVPCKzNNxUpOToQojUW304fW5gjniSqWejeBxo6Xtlgb0qIWW4vYoRYIIPRph8YwiW1mSxZ6sahYlfruDA52wtwPw82I9EVnEul7jRMbbFGFD2NDNW3AinEFt5sqMa84tKK0V9JJyRe4FY7yFTOVjSMV41WF2srbI3k0QVGoEaQ7r0tijCBnXil4QVwQ0ya1FW3g","e48856bbdbbb68291a2059fd540961ca213ee5b20b91a7a26bb8b59ae4b052b5");
INSERT INTO user(name, salt, hash) values("MarkMitchell24","1jo5OFAVDpC6xaEgt8sSuHcOSzo1SnkEVF5jHwD39SJegUlvz8nBLNeJBK6StVPCKzNNxUpOToQojUW304fW5gjniSqWejeBxo6Xtlgb0qIWW4vYoRYIIPRph8YwiW1mSxZ6sahYlfruDA52wtwPw82I9EVnEul7jRMbbFGFD2NDNW3AinEFt5sqMa84tKK0V9JJyRe4FY7yFTOVjSMV41WF2srbI3k0QVGoEaQ7r0tijCBnXil4QVwQ0ya1FW3g","e48856bbdbbb68291a2059fd540961ca213ee5b20b91a7a26bb8b59ae4b052b5");
INSERT INTO user(name, salt, hash) values("JackCarter25","1jo5OFAVDpC6xaEgt8sSuHcOSzo1SnkEVF5jHwD39SJegUlvz8nBLNeJBK6StVPCKzNNxUpOToQojUW304fW5gjniSqWejeBxo6Xtlgb0qIWW4vYoRYIIPRph8YwiW1mSxZ6sahYlfruDA52wtwPw82I9EVnEul7jRMbbFGFD2NDNW3AinEFt5sqMa84tKK0V9JJyRe4FY7yFTOVjSMV41WF2srbI3k0QVGoEaQ7r0tijCBnXil4QVwQ0ya1FW3g","e48856bbdbbb68291a2059fd540961ca213ee5b20b91a7a26bb8b59ae4b052b5");
INSERT INTO user(name, salt, hash) values("TimmothyKhan26","1jo5OFAVDpC6xaEgt8sSuHcOSzo1SnkEVF5jHwD39SJegUlvz8nBLNeJBK6StVPCKzNNxUpOToQojUW304fW5gjniSqWejeBxo6Xtlgb0qIWW4vYoRYIIPRph8YwiW1mSxZ6sahYlfruDA52wtwPw82I9EVnEul7jRMbbFGFD2NDNW3AinEFt5sqMa84tKK0V9JJyRe4FY7yFTOVjSMV41WF2srbI3k0QVGoEaQ7r0tijCBnXil4QVwQ0ya1FW3g","e48856bbdbbb68291a2059fd540961ca213ee5b20b91a7a26bb8b59ae4b052b5");
INSERT INTO user(name, salt, hash) values("JenniferJohnson27","1jo5OFAVDpC6xaEgt8sSuHcOSzo1SnkEVF5jHwD39SJegUlvz8nBLNeJBK6StVPCKzNNxUpOToQojUW304fW5gjniSqWejeBxo6Xtlgb0qIWW4vYoRYIIPRph8YwiW1mSxZ6sahYlfruDA52wtwPw82I9EVnEul7jRMbbFGFD2NDNW3AinEFt5sqMa84tKK0V9JJyRe4FY7yFTOVjSMV41WF2srbI3k0QVGoEaQ7r0tijCBnXil4QVwQ0ya1FW3g","e48856bbdbbb68291a2059fd540961ca213ee5b20b91a7a26bb8b59ae4b052b5");
INSERT INTO user(name, salt, hash) values("SarahBanbury28","1jo5OFAVDpC6xaEgt8sSuHcOSzo1SnkEVF5jHwD39SJegUlvz8nBLNeJBK6StVPCKzNNxUpOToQojUW304fW5gjniSqWejeBxo6Xtlgb0qIWW4vYoRYIIPRph8YwiW1mSxZ6sahYlfruDA52wtwPw82I9EVnEul7jRMbbFGFD2NDNW3AinEFt5sqMa84tKK0V9JJyRe4FY7yFTOVjSMV41WF2srbI3k0QVGoEaQ7r0tijCBnXil4QVwQ0ya1FW3g","e48856bbdbbb68291a2059fd540961ca213ee5b20b91a7a26bb8b59ae4b052b5");
INSERT INTO user(name, salt, hash) values("JohnBanbury29","1jo5OFAVDpC6xaEgt8sSuHcOSzo1SnkEVF5jHwD39SJegUlvz8nBLNeJBK6StVPCKzNNxUpOToQojUW304fW5gjniSqWejeBxo6Xtlgb0qIWW4vYoRYIIPRph8YwiW1mSxZ6sahYlfruDA52wtwPw82I9EVnEul7jRMbbFGFD2NDNW3AinEFt5sqMa84tKK0V9JJyRe4FY7yFTOVjSMV41WF2srbI3k0QVGoEaQ7r0tijCBnXil4QVwQ0ya1FW3g","e48856bbdbbb68291a2059fd540961ca213ee5b20b91a7a26bb8b59ae4b052b5");
INSERT INTO user(name, salt, hash) values("BenBanbury30","1jo5OFAVDpC6xaEgt8sSuHcOSzo1SnkEVF5jHwD39SJegUlvz8nBLNeJBK6StVPCKzNNxUpOToQojUW304fW5gjniSqWejeBxo6Xtlgb0qIWW4vYoRYIIPRph8YwiW1mSxZ6sahYlfruDA52wtwPw82I9EVnEul7jRMbbFGFD2NDNW3AinEFt5sqMa84tKK0V9JJyRe4FY7yFTOVjSMV41WF2srbI3k0QVGoEaQ7r0tijCBnXil4QVwQ0ya1FW3g","e48856bbdbbb68291a2059fd540961ca213ee5b20b91a7a26bb8b59ae4b052b5");
INSERT INTO user(name, salt, hash) values("JonathanKhan31","1jo5OFAVDpC6xaEgt8sSuHcOSzo1SnkEVF5jHwD39SJegUlvz8nBLNeJBK6StVPCKzNNxUpOToQojUW304fW5gjniSqWejeBxo6Xtlgb0qIWW4vYoRYIIPRph8YwiW1mSxZ6sahYlfruDA52wtwPw82I9EVnEul7jRMbbFGFD2NDNW3AinEFt5sqMa84tKK0V9JJyRe4FY7yFTOVjSMV41WF2srbI3k0QVGoEaQ7r0tijCBnXil4QVwQ0ya1FW3g","e48856bbdbbb68291a2059fd540961ca213ee5b20b91a7a26bb8b59ae4b052b5");
INSERT INTO user(name, salt, hash) values("MattGoldman32","1jo5OFAVDpC6xaEgt8sSuHcOSzo1SnkEVF5jHwD39SJegUlvz8nBLNeJBK6StVPCKzNNxUpOToQojUW304fW5gjniSqWejeBxo6Xtlgb0qIWW4vYoRYIIPRph8YwiW1mSxZ6sahYlfruDA52wtwPw82I9EVnEul7jRMbbFGFD2NDNW3AinEFt5sqMa84tKK0V9JJyRe4FY7yFTOVjSMV41WF2srbI3k0QVGoEaQ7r0tijCBnXil4QVwQ0ya1FW3g","e48856bbdbbb68291a2059fd540961ca213ee5b20b91a7a26bb8b59ae4b052b5");
INSERT INTO user(name, salt, hash) values("KatieReiss33","1jo5OFAVDpC6xaEgt8sSuHcOSzo1SnkEVF5jHwD39SJegUlvz8nBLNeJBK6StVPCKzNNxUpOToQojUW304fW5gjniSqWejeBxo6Xtlgb0qIWW4vYoRYIIPRph8YwiW1mSxZ6sahYlfruDA52wtwPw82I9EVnEul7jRMbbFGFD2NDNW3AinEFt5sqMa84tKK0V9JJyRe4FY7yFTOVjSMV41WF2srbI3k0QVGoEaQ7r0tijCBnXil4QVwQ0ya1FW3g","e48856bbdbbb68291a2059fd540961ca213ee5b20b91a7a26bb8b59ae4b052b5");
INSERT INTO user(name, salt, hash) values("TomHansen34","1jo5OFAVDpC6xaEgt8sSuHcOSzo1SnkEVF5jHwD39SJegUlvz8nBLNeJBK6StVPCKzNNxUpOToQojUW304fW5gjniSqWejeBxo6Xtlgb0qIWW4vYoRYIIPRph8YwiW1mSxZ6sahYlfruDA52wtwPw82I9EVnEul7jRMbbFGFD2NDNW3AinEFt5sqMa84tKK0V9JJyRe4FY7yFTOVjSMV41WF2srbI3k0QVGoEaQ7r0tijCBnXil4QVwQ0ya1FW3g","e48856bbdbbb68291a2059fd540961ca213ee5b20b91a7a26bb8b59ae4b052b5");
INSERT INTO user(name, salt, hash) values("MattCarter35","1jo5OFAVDpC6xaEgt8sSuHcOSzo1SnkEVF5jHwD39SJegUlvz8nBLNeJBK6StVPCKzNNxUpOToQojUW304fW5gjniSqWejeBxo6Xtlgb0qIWW4vYoRYIIPRph8YwiW1mSxZ6sahYlfruDA52wtwPw82I9EVnEul7jRMbbFGFD2NDNW3AinEFt5sqMa84tKK0V9JJyRe4FY7yFTOVjSMV41WF2srbI3k0QVGoEaQ7r0tijCBnXil4QVwQ0ya1FW3g","e48856bbdbbb68291a2059fd540961ca213ee5b20b91a7a26bb8b59ae4b052b5");
INSERT INTO user(name, salt, hash) values("JenniferMitchell36","1jo5OFAVDpC6xaEgt8sSuHcOSzo1SnkEVF5jHwD39SJegUlvz8nBLNeJBK6StVPCKzNNxUpOToQojUW304fW5gjniSqWejeBxo6Xtlgb0qIWW4vYoRYIIPRph8YwiW1mSxZ6sahYlfruDA52wtwPw82I9EVnEul7jRMbbFGFD2NDNW3AinEFt5sqMa84tKK0V9JJyRe4FY7yFTOVjSMV41WF2srbI3k0QVGoEaQ7r0tijCBnXil4QVwQ0ya1FW3g","e48856bbdbbb68291a2059fd540961ca213ee5b20b91a7a26bb8b59ae4b052b5");
INSERT INTO user(name, salt, hash) values("BobJohnson37","1jo5OFAVDpC6xaEgt8sSuHcOSzo1SnkEVF5jHwD39SJegUlvz8nBLNeJBK6StVPCKzNNxUpOToQojUW304fW5gjniSqWejeBxo6Xtlgb0qIWW4vYoRYIIPRph8YwiW1mSxZ6sahYlfruDA52wtwPw82I9EVnEul7jRMbbFGFD2NDNW3AinEFt5sqMa84tKK0V9JJyRe4FY7yFTOVjSMV41WF2srbI3k0QVGoEaQ7r0tijCBnXil4QVwQ0ya1FW3g","e48856bbdbbb68291a2059fd540961ca213ee5b20b91a7a26bb8b59ae4b052b5");
INSERT INTO user(name, salt, hash) values("TomBanbury38","1jo5OFAVDpC6xaEgt8sSuHcOSzo1SnkEVF5jHwD39SJegUlvz8nBLNeJBK6StVPCKzNNxUpOToQojUW304fW5gjniSqWejeBxo6Xtlgb0qIWW4vYoRYIIPRph8YwiW1mSxZ6sahYlfruDA52wtwPw82I9EVnEul7jRMbbFGFD2NDNW3AinEFt5sqMa84tKK0V9JJyRe4FY7yFTOVjSMV41WF2srbI3k0QVGoEaQ7r0tijCBnXil4QVwQ0ya1FW3g","e48856bbdbbb68291a2059fd540961ca213ee5b20b91a7a26bb8b59ae4b052b5");
INSERT INTO user(name, salt, hash) values("GraceBanbury39","1jo5OFAVDpC6xaEgt8sSuHcOSzo1SnkEVF5jHwD39SJegUlvz8nBLNeJBK6StVPCKzNNxUpOToQojUW304fW5gjniSqWejeBxo6Xtlgb0qIWW4vYoRYIIPRph8YwiW1mSxZ6sahYlfruDA52wtwPw82I9EVnEul7jRMbbFGFD2NDNW3AinEFt5sqMa84tKK0V9JJyRe4FY7yFTOVjSMV41WF2srbI3k0QVGoEaQ7r0tijCBnXil4QVwQ0ya1FW3g","e48856bbdbbb68291a2059fd540961ca213ee5b20b91a7a26bb8b59ae4b052b5");
INSERT INTO user(name, salt, hash) values("AllisonFontenot40","1jo5OFAVDpC6xaEgt8sSuHcOSzo1SnkEVF5jHwD39SJegUlvz8nBLNeJBK6StVPCKzNNxUpOToQojUW304fW5gjniSqWejeBxo6Xtlgb0qIWW4vYoRYIIPRph8YwiW1mSxZ6sahYlfruDA52wtwPw82I9EVnEul7jRMbbFGFD2NDNW3AinEFt5sqMa84tKK0V9JJyRe4FY7yFTOVjSMV41WF2srbI3k0QVGoEaQ7r0tijCBnXil4QVwQ0ya1FW3g","e48856bbdbbb68291a2059fd540961ca213ee5b20b91a7a26bb8b59ae4b052b5");
INSERT INTO user(name, salt, hash) values("JenniferGabrielson41","1jo5OFAVDpC6xaEgt8sSuHcOSzo1SnkEVF5jHwD39SJegUlvz8nBLNeJBK6StVPCKzNNxUpOToQojUW304fW5gjniSqWejeBxo6Xtlgb0qIWW4vYoRYIIPRph8YwiW1mSxZ6sahYlfruDA52wtwPw82I9EVnEul7jRMbbFGFD2NDNW3AinEFt5sqMa84tKK0V9JJyRe4FY7yFTOVjSMV41WF2srbI3k0QVGoEaQ7r0tijCBnXil4QVwQ0ya1FW3g","e48856bbdbbb68291a2059fd540961ca213ee5b20b91a7a26bb8b59ae4b052b5");
INSERT INTO user(name, salt, hash) values("JenniferMitchell42","1jo5OFAVDpC6xaEgt8sSuHcOSzo1SnkEVF5jHwD39SJegUlvz8nBLNeJBK6StVPCKzNNxUpOToQojUW304fW5gjniSqWejeBxo6Xtlgb0qIWW4vYoRYIIPRph8YwiW1mSxZ6sahYlfruDA52wtwPw82I9EVnEul7jRMbbFGFD2NDNW3AinEFt5sqMa84tKK0V9JJyRe4FY7yFTOVjSMV41WF2srbI3k0QVGoEaQ7r0tijCBnXil4QVwQ0ya1FW3g","e48856bbdbbb68291a2059fd540961ca213ee5b20b91a7a26bb8b59ae4b052b5");
INSERT INTO user(name, salt, hash) values("MarkFontenot43","1jo5OFAVDpC6xaEgt8sSuHcOSzo1SnkEVF5jHwD39SJegUlvz8nBLNeJBK6StVPCKzNNxUpOToQojUW304fW5gjniSqWejeBxo6Xtlgb0qIWW4vYoRYIIPRph8YwiW1mSxZ6sahYlfruDA52wtwPw82I9EVnEul7jRMbbFGFD2NDNW3AinEFt5sqMa84tKK0V9JJyRe4FY7yFTOVjSMV41WF2srbI3k0QVGoEaQ7r0tijCBnXil4QVwQ0ya1FW3g","e48856bbdbbb68291a2059fd540961ca213ee5b20b91a7a26bb8b59ae4b052b5");
INSERT INTO user(name, salt, hash) values("MattGabrielson44","1jo5OFAVDpC6xaEgt8sSuHcOSzo1SnkEVF5jHwD39SJegUlvz8nBLNeJBK6StVPCKzNNxUpOToQojUW304fW5gjniSqWejeBxo6Xtlgb0qIWW4vYoRYIIPRph8YwiW1mSxZ6sahYlfruDA52wtwPw82I9EVnEul7jRMbbFGFD2NDNW3AinEFt5sqMa84tKK0V9JJyRe4FY7yFTOVjSMV41WF2srbI3k0QVGoEaQ7r0tijCBnXil4QVwQ0ya1FW3g","e48856bbdbbb68291a2059fd540961ca213ee5b20b91a7a26bb8b59ae4b052b5");
INSERT INTO user(name, salt, hash) values("BenJohnson45","1jo5OFAVDpC6xaEgt8sSuHcOSzo1SnkEVF5jHwD39SJegUlvz8nBLNeJBK6StVPCKzNNxUpOToQojUW304fW5gjniSqWejeBxo6Xtlgb0qIWW4vYoRYIIPRph8YwiW1mSxZ6sahYlfruDA52wtwPw82I9EVnEul7jRMbbFGFD2NDNW3AinEFt5sqMa84tKK0V9JJyRe4FY7yFTOVjSMV41WF2srbI3k0QVGoEaQ7r0tijCBnXil4QVwQ0ya1FW3g","e48856bbdbbb68291a2059fd540961ca213ee5b20b91a7a26bb8b59ae4b052b5");
INSERT INTO user(name, salt, hash) values("PaigeCarter46","1jo5OFAVDpC6xaEgt8sSuHcOSzo1SnkEVF5jHwD39SJegUlvz8nBLNeJBK6StVPCKzNNxUpOToQojUW304fW5gjniSqWejeBxo6Xtlgb0qIWW4vYoRYIIPRph8YwiW1mSxZ6sahYlfruDA52wtwPw82I9EVnEul7jRMbbFGFD2NDNW3AinEFt5sqMa84tKK0V9JJyRe4FY7yFTOVjSMV41WF2srbI3k0QVGoEaQ7r0tijCBnXil4QVwQ0ya1FW3g","e48856bbdbbb68291a2059fd540961ca213ee5b20b91a7a26bb8b59ae4b052b5");
INSERT INTO user(name, salt, hash) values("JohnSmith47","1jo5OFAVDpC6xaEgt8sSuHcOSzo1SnkEVF5jHwD39SJegUlvz8nBLNeJBK6StVPCKzNNxUpOToQojUW304fW5gjniSqWejeBxo6Xtlgb0qIWW4vYoRYIIPRph8YwiW1mSxZ6sahYlfruDA52wtwPw82I9EVnEul7jRMbbFGFD2NDNW3AinEFt5sqMa84tKK0V9JJyRe4FY7yFTOVjSMV41WF2srbI3k0QVGoEaQ7r0tijCBnXil4QVwQ0ya1FW3g","e48856bbdbbb68291a2059fd540961ca213ee5b20b91a7a26bb8b59ae4b052b5");
INSERT INTO user(name, salt, hash) values("JohnHansen48","1jo5OFAVDpC6xaEgt8sSuHcOSzo1SnkEVF5jHwD39SJegUlvz8nBLNeJBK6StVPCKzNNxUpOToQojUW304fW5gjniSqWejeBxo6Xtlgb0qIWW4vYoRYIIPRph8YwiW1mSxZ6sahYlfruDA52wtwPw82I9EVnEul7jRMbbFGFD2NDNW3AinEFt5sqMa84tKK0V9JJyRe4FY7yFTOVjSMV41WF2srbI3k0QVGoEaQ7r0tijCBnXil4QVwQ0ya1FW3g","e48856bbdbbb68291a2059fd540961ca213ee5b20b91a7a26bb8b59ae4b052b5");
INSERT INTO user(name, salt, hash) values("SarahCohen49","1jo5OFAVDpC6xaEgt8sSuHcOSzo1SnkEVF5jHwD39SJegUlvz8nBLNeJBK6StVPCKzNNxUpOToQojUW304fW5gjniSqWejeBxo6Xtlgb0qIWW4vYoRYIIPRph8YwiW1mSxZ6sahYlfruDA52wtwPw82I9EVnEul7jRMbbFGFD2NDNW3AinEFt5sqMa84tKK0V9JJyRe4FY7yFTOVjSMV41WF2srbI3k0QVGoEaQ7r0tijCBnXil4QVwQ0ya1FW3g","e48856bbdbbb68291a2059fd540961ca213ee5b20b91a7a26bb8b59ae4b052b5");
INSERT INTO user(name, salt, hash) values("BobReiss50","1jo5OFAVDpC6xaEgt8sSuHcOSzo1SnkEVF5jHwD39SJegUlvz8nBLNeJBK6StVPCKzNNxUpOToQojUW304fW5gjniSqWejeBxo6Xtlgb0qIWW4vYoRYIIPRph8YwiW1mSxZ6sahYlfruDA52wtwPw82I9EVnEul7jRMbbFGFD2NDNW3AinEFt5sqMa84tKK0V9JJyRe4FY7yFTOVjSMV41WF2srbI3k0QVGoEaQ7r0tijCBnXil4QVwQ0ya1FW3g","e48856bbdbbb68291a2059fd540961ca213ee5b20b91a7a26bb8b59ae4b052b5");
INSERT INTO user(name, salt, hash) values("SarahStenbit51","1jo5OFAVDpC6xaEgt8sSuHcOSzo1SnkEVF5jHwD39SJegUlvz8nBLNeJBK6StVPCKzNNxUpOToQojUW304fW5gjniSqWejeBxo6Xtlgb0qIWW4vYoRYIIPRph8YwiW1mSxZ6sahYlfruDA52wtwPw82I9EVnEul7jRMbbFGFD2NDNW3AinEFt5sqMa84tKK0V9JJyRe4FY7yFTOVjSMV41WF2srbI3k0QVGoEaQ7r0tijCBnXil4QVwQ0ya1FW3g","e48856bbdbbb68291a2059fd540961ca213ee5b20b91a7a26bb8b59ae4b052b5");
INSERT INTO user(name, salt, hash) values("KatieBanbury52","1jo5OFAVDpC6xaEgt8sSuHcOSzo1SnkEVF5jHwD39SJegUlvz8nBLNeJBK6StVPCKzNNxUpOToQojUW304fW5gjniSqWejeBxo6Xtlgb0qIWW4vYoRYIIPRph8YwiW1mSxZ6sahYlfruDA52wtwPw82I9EVnEul7jRMbbFGFD2NDNW3AinEFt5sqMa84tKK0V9JJyRe4FY7yFTOVjSMV41WF2srbI3k0QVGoEaQ7r0tijCBnXil4QVwQ0ya1FW3g","e48856bbdbbb68291a2059fd540961ca213ee5b20b91a7a26bb8b59ae4b052b5");
INSERT INTO user(name, salt, hash) values("GraceReiss53","1jo5OFAVDpC6xaEgt8sSuHcOSzo1SnkEVF5jHwD39SJegUlvz8nBLNeJBK6StVPCKzNNxUpOToQojUW304fW5gjniSqWejeBxo6Xtlgb0qIWW4vYoRYIIPRph8YwiW1mSxZ6sahYlfruDA52wtwPw82I9EVnEul7jRMbbFGFD2NDNW3AinEFt5sqMa84tKK0V9JJyRe4FY7yFTOVjSMV41WF2srbI3k0QVGoEaQ7r0tijCBnXil4QVwQ0ya1FW3g","e48856bbdbbb68291a2059fd540961ca213ee5b20b91a7a26bb8b59ae4b052b5");
INSERT INTO user(name, salt, hash) values("TomGoldman54","1jo5OFAVDpC6xaEgt8sSuHcOSzo1SnkEVF5jHwD39SJegUlvz8nBLNeJBK6StVPCKzNNxUpOToQojUW304fW5gjniSqWejeBxo6Xtlgb0qIWW4vYoRYIIPRph8YwiW1mSxZ6sahYlfruDA52wtwPw82I9EVnEul7jRMbbFGFD2NDNW3AinEFt5sqMa84tKK0V9JJyRe4FY7yFTOVjSMV41WF2srbI3k0QVGoEaQ7r0tijCBnXil4QVwQ0ya1FW3g","e48856bbdbbb68291a2059fd540961ca213ee5b20b91a7a26bb8b59ae4b052b5");
INSERT INTO user(name, salt, hash) values("JohnReiss55","1jo5OFAVDpC6xaEgt8sSuHcOSzo1SnkEVF5jHwD39SJegUlvz8nBLNeJBK6StVPCKzNNxUpOToQojUW304fW5gjniSqWejeBxo6Xtlgb0qIWW4vYoRYIIPRph8YwiW1mSxZ6sahYlfruDA52wtwPw82I9EVnEul7jRMbbFGFD2NDNW3AinEFt5sqMa84tKK0V9JJyRe4FY7yFTOVjSMV41WF2srbI3k0QVGoEaQ7r0tijCBnXil4QVwQ0ya1FW3g","e48856bbdbbb68291a2059fd540961ca213ee5b20b91a7a26bb8b59ae4b052b5");
INSERT INTO user(name, salt, hash) values("MaryGoldman56","1jo5OFAVDpC6xaEgt8sSuHcOSzo1SnkEVF5jHwD39SJegUlvz8nBLNeJBK6StVPCKzNNxUpOToQojUW304fW5gjniSqWejeBxo6Xtlgb0qIWW4vYoRYIIPRph8YwiW1mSxZ6sahYlfruDA52wtwPw82I9EVnEul7jRMbbFGFD2NDNW3AinEFt5sqMa84tKK0V9JJyRe4FY7yFTOVjSMV41WF2srbI3k0QVGoEaQ7r0tijCBnXil4QVwQ0ya1FW3g","e48856bbdbbb68291a2059fd540961ca213ee5b20b91a7a26bb8b59ae4b052b5");
INSERT INTO user(name, salt, hash) values("GraceKhan57","1jo5OFAVDpC6xaEgt8sSuHcOSzo1SnkEVF5jHwD39SJegUlvz8nBLNeJBK6StVPCKzNNxUpOToQojUW304fW5gjniSqWejeBxo6Xtlgb0qIWW4vYoRYIIPRph8YwiW1mSxZ6sahYlfruDA52wtwPw82I9EVnEul7jRMbbFGFD2NDNW3AinEFt5sqMa84tKK0V9JJyRe4FY7yFTOVjSMV41WF2srbI3k0QVGoEaQ7r0tijCBnXil4QVwQ0ya1FW3g","e48856bbdbbb68291a2059fd540961ca213ee5b20b91a7a26bb8b59ae4b052b5");
INSERT INTO user(name, salt, hash) values("JackGabrielson58","1jo5OFAVDpC6xaEgt8sSuHcOSzo1SnkEVF5jHwD39SJegUlvz8nBLNeJBK6StVPCKzNNxUpOToQojUW304fW5gjniSqWejeBxo6Xtlgb0qIWW4vYoRYIIPRph8YwiW1mSxZ6sahYlfruDA52wtwPw82I9EVnEul7jRMbbFGFD2NDNW3AinEFt5sqMa84tKK0V9JJyRe4FY7yFTOVjSMV41WF2srbI3k0QVGoEaQ7r0tijCBnXil4QVwQ0ya1FW3g","e48856bbdbbb68291a2059fd540961ca213ee5b20b91a7a26bb8b59ae4b052b5");
INSERT INTO user(name, salt, hash) values("BenFontenot59","1jo5OFAVDpC6xaEgt8sSuHcOSzo1SnkEVF5jHwD39SJegUlvz8nBLNeJBK6StVPCKzNNxUpOToQojUW304fW5gjniSqWejeBxo6Xtlgb0qIWW4vYoRYIIPRph8YwiW1mSxZ6sahYlfruDA52wtwPw82I9EVnEul7jRMbbFGFD2NDNW3AinEFt5sqMa84tKK0V9JJyRe4FY7yFTOVjSMV41WF2srbI3k0QVGoEaQ7r0tijCBnXil4QVwQ0ya1FW3g","e48856bbdbbb68291a2059fd540961ca213ee5b20b91a7a26bb8b59ae4b052b5");
INSERT INTO user(name, salt, hash) values("PaigeKhan60","1jo5OFAVDpC6xaEgt8sSuHcOSzo1SnkEVF5jHwD39SJegUlvz8nBLNeJBK6StVPCKzNNxUpOToQojUW304fW5gjniSqWejeBxo6Xtlgb0qIWW4vYoRYIIPRph8YwiW1mSxZ6sahYlfruDA52wtwPw82I9EVnEul7jRMbbFGFD2NDNW3AinEFt5sqMa84tKK0V9JJyRe4FY7yFTOVjSMV41WF2srbI3k0QVGoEaQ7r0tijCBnXil4QVwQ0ya1FW3g","e48856bbdbbb68291a2059fd540961ca213ee5b20b91a7a26bb8b59ae4b052b5");
INSERT INTO user(name, salt, hash) values("JenniferCarter61","1jo5OFAVDpC6xaEgt8sSuHcOSzo1SnkEVF5jHwD39SJegUlvz8nBLNeJBK6StVPCKzNNxUpOToQojUW304fW5gjniSqWejeBxo6Xtlgb0qIWW4vYoRYIIPRph8YwiW1mSxZ6sahYlfruDA52wtwPw82I9EVnEul7jRMbbFGFD2NDNW3AinEFt5sqMa84tKK0V9JJyRe4FY7yFTOVjSMV41WF2srbI3k0QVGoEaQ7r0tijCBnXil4QVwQ0ya1FW3g","e48856bbdbbb68291a2059fd540961ca213ee5b20b91a7a26bb8b59ae4b052b5");
INSERT INTO user(name, salt, hash) values("MattCarter62","1jo5OFAVDpC6xaEgt8sSuHcOSzo1SnkEVF5jHwD39SJegUlvz8nBLNeJBK6StVPCKzNNxUpOToQojUW304fW5gjniSqWejeBxo6Xtlgb0qIWW4vYoRYIIPRph8YwiW1mSxZ6sahYlfruDA52wtwPw82I9EVnEul7jRMbbFGFD2NDNW3AinEFt5sqMa84tKK0V9JJyRe4FY7yFTOVjSMV41WF2srbI3k0QVGoEaQ7r0tijCBnXil4QVwQ0ya1FW3g","e48856bbdbbb68291a2059fd540961ca213ee5b20b91a7a26bb8b59ae4b052b5");
INSERT INTO user(name, salt, hash) values("KatieRenninger63","1jo5OFAVDpC6xaEgt8sSuHcOSzo1SnkEVF5jHwD39SJegUlvz8nBLNeJBK6StVPCKzNNxUpOToQojUW304fW5gjniSqWejeBxo6Xtlgb0qIWW4vYoRYIIPRph8YwiW1mSxZ6sahYlfruDA52wtwPw82I9EVnEul7jRMbbFGFD2NDNW3AinEFt5sqMa84tKK0V9JJyRe4FY7yFTOVjSMV41WF2srbI3k0QVGoEaQ7r0tijCBnXil4QVwQ0ya1FW3g","e48856bbdbbb68291a2059fd540961ca213ee5b20b91a7a26bb8b59ae4b052b5");
INSERT INTO user(name, salt, hash) values("AllisonGoldman64","1jo5OFAVDpC6xaEgt8sSuHcOSzo1SnkEVF5jHwD39SJegUlvz8nBLNeJBK6StVPCKzNNxUpOToQojUW304fW5gjniSqWejeBxo6Xtlgb0qIWW4vYoRYIIPRph8YwiW1mSxZ6sahYlfruDA52wtwPw82I9EVnEul7jRMbbFGFD2NDNW3AinEFt5sqMa84tKK0V9JJyRe4FY7yFTOVjSMV41WF2srbI3k0QVGoEaQ7r0tijCBnXil4QVwQ0ya1FW3g","e48856bbdbbb68291a2059fd540961ca213ee5b20b91a7a26bb8b59ae4b052b5");
INSERT INTO user(name, salt, hash) values("MattGoldman65","1jo5OFAVDpC6xaEgt8sSuHcOSzo1SnkEVF5jHwD39SJegUlvz8nBLNeJBK6StVPCKzNNxUpOToQojUW304fW5gjniSqWejeBxo6Xtlgb0qIWW4vYoRYIIPRph8YwiW1mSxZ6sahYlfruDA52wtwPw82I9EVnEul7jRMbbFGFD2NDNW3AinEFt5sqMa84tKK0V9JJyRe4FY7yFTOVjSMV41WF2srbI3k0QVGoEaQ7r0tijCBnXil4QVwQ0ya1FW3g","e48856bbdbbb68291a2059fd540961ca213ee5b20b91a7a26bb8b59ae4b052b5");
INSERT INTO user(name, salt, hash) values("TomBanbury66","1jo5OFAVDpC6xaEgt8sSuHcOSzo1SnkEVF5jHwD39SJegUlvz8nBLNeJBK6StVPCKzNNxUpOToQojUW304fW5gjniSqWejeBxo6Xtlgb0qIWW4vYoRYIIPRph8YwiW1mSxZ6sahYlfruDA52wtwPw82I9EVnEul7jRMbbFGFD2NDNW3AinEFt5sqMa84tKK0V9JJyRe4FY7yFTOVjSMV41WF2srbI3k0QVGoEaQ7r0tijCBnXil4QVwQ0ya1FW3g","e48856bbdbbb68291a2059fd540961ca213ee5b20b91a7a26bb8b59ae4b052b5");
INSERT INTO user(name, salt, hash) values("JenniferBanbury67","1jo5OFAVDpC6xaEgt8sSuHcOSzo1SnkEVF5jHwD39SJegUlvz8nBLNeJBK6StVPCKzNNxUpOToQojUW304fW5gjniSqWejeBxo6Xtlgb0qIWW4vYoRYIIPRph8YwiW1mSxZ6sahYlfruDA52wtwPw82I9EVnEul7jRMbbFGFD2NDNW3AinEFt5sqMa84tKK0V9JJyRe4FY7yFTOVjSMV41WF2srbI3k0QVGoEaQ7r0tijCBnXil4QVwQ0ya1FW3g","e48856bbdbbb68291a2059fd540961ca213ee5b20b91a7a26bb8b59ae4b052b5");
INSERT INTO user(name, salt, hash) values("MattRenninger68","1jo5OFAVDpC6xaEgt8sSuHcOSzo1SnkEVF5jHwD39SJegUlvz8nBLNeJBK6StVPCKzNNxUpOToQojUW304fW5gjniSqWejeBxo6Xtlgb0qIWW4vYoRYIIPRph8YwiW1mSxZ6sahYlfruDA52wtwPw82I9EVnEul7jRMbbFGFD2NDNW3AinEFt5sqMa84tKK0V9JJyRe4FY7yFTOVjSMV41WF2srbI3k0QVGoEaQ7r0tijCBnXil4QVwQ0ya1FW3g","e48856bbdbbb68291a2059fd540961ca213ee5b20b91a7a26bb8b59ae4b052b5");
INSERT INTO user(name, salt, hash) values("JackGabrielson69","1jo5OFAVDpC6xaEgt8sSuHcOSzo1SnkEVF5jHwD39SJegUlvz8nBLNeJBK6StVPCKzNNxUpOToQojUW304fW5gjniSqWejeBxo6Xtlgb0qIWW4vYoRYIIPRph8YwiW1mSxZ6sahYlfruDA52wtwPw82I9EVnEul7jRMbbFGFD2NDNW3AinEFt5sqMa84tKK0V9JJyRe4FY7yFTOVjSMV41WF2srbI3k0QVGoEaQ7r0tijCBnXil4QVwQ0ya1FW3g","e48856bbdbbb68291a2059fd540961ca213ee5b20b91a7a26bb8b59ae4b052b5");
INSERT INTO user(name, salt, hash) values("JonathanBanbury70","1jo5OFAVDpC6xaEgt8sSuHcOSzo1SnkEVF5jHwD39SJegUlvz8nBLNeJBK6StVPCKzNNxUpOToQojUW304fW5gjniSqWejeBxo6Xtlgb0qIWW4vYoRYIIPRph8YwiW1mSxZ6sahYlfruDA52wtwPw82I9EVnEul7jRMbbFGFD2NDNW3AinEFt5sqMa84tKK0V9JJyRe4FY7yFTOVjSMV41WF2srbI3k0QVGoEaQ7r0tijCBnXil4QVwQ0ya1FW3g","e48856bbdbbb68291a2059fd540961ca213ee5b20b91a7a26bb8b59ae4b052b5");
INSERT INTO user(name, salt, hash) values("AllisonStenbit71","1jo5OFAVDpC6xaEgt8sSuHcOSzo1SnkEVF5jHwD39SJegUlvz8nBLNeJBK6StVPCKzNNxUpOToQojUW304fW5gjniSqWejeBxo6Xtlgb0qIWW4vYoRYIIPRph8YwiW1mSxZ6sahYlfruDA52wtwPw82I9EVnEul7jRMbbFGFD2NDNW3AinEFt5sqMa84tKK0V9JJyRe4FY7yFTOVjSMV41WF2srbI3k0QVGoEaQ7r0tijCBnXil4QVwQ0ya1FW3g","e48856bbdbbb68291a2059fd540961ca213ee5b20b91a7a26bb8b59ae4b052b5");
INSERT INTO user(name, salt, hash) values("JenniferJohnson72","1jo5OFAVDpC6xaEgt8sSuHcOSzo1SnkEVF5jHwD39SJegUlvz8nBLNeJBK6StVPCKzNNxUpOToQojUW304fW5gjniSqWejeBxo6Xtlgb0qIWW4vYoRYIIPRph8YwiW1mSxZ6sahYlfruDA52wtwPw82I9EVnEul7jRMbbFGFD2NDNW3AinEFt5sqMa84tKK0V9JJyRe4FY7yFTOVjSMV41WF2srbI3k0QVGoEaQ7r0tijCBnXil4QVwQ0ya1FW3g","e48856bbdbbb68291a2059fd540961ca213ee5b20b91a7a26bb8b59ae4b052b5");
INSERT INTO user(name, salt, hash) values("JohnGabrielson73","1jo5OFAVDpC6xaEgt8sSuHcOSzo1SnkEVF5jHwD39SJegUlvz8nBLNeJBK6StVPCKzNNxUpOToQojUW304fW5gjniSqWejeBxo6Xtlgb0qIWW4vYoRYIIPRph8YwiW1mSxZ6sahYlfruDA52wtwPw82I9EVnEul7jRMbbFGFD2NDNW3AinEFt5sqMa84tKK0V9JJyRe4FY7yFTOVjSMV41WF2srbI3k0QVGoEaQ7r0tijCBnXil4QVwQ0ya1FW3g","e48856bbdbbb68291a2059fd540961ca213ee5b20b91a7a26bb8b59ae4b052b5");
INSERT INTO user(name, salt, hash) values("KatieCohen74","1jo5OFAVDpC6xaEgt8sSuHcOSzo1SnkEVF5jHwD39SJegUlvz8nBLNeJBK6StVPCKzNNxUpOToQojUW304fW5gjniSqWejeBxo6Xtlgb0qIWW4vYoRYIIPRph8YwiW1mSxZ6sahYlfruDA52wtwPw82I9EVnEul7jRMbbFGFD2NDNW3AinEFt5sqMa84tKK0V9JJyRe4FY7yFTOVjSMV41WF2srbI3k0QVGoEaQ7r0tijCBnXil4QVwQ0ya1FW3g","e48856bbdbbb68291a2059fd540961ca213ee5b20b91a7a26bb8b59ae4b052b5");
INSERT INTO user(name, salt, hash) values("BenReiss75","1jo5OFAVDpC6xaEgt8sSuHcOSzo1SnkEVF5jHwD39SJegUlvz8nBLNeJBK6StVPCKzNNxUpOToQojUW304fW5gjniSqWejeBxo6Xtlgb0qIWW4vYoRYIIPRph8YwiW1mSxZ6sahYlfruDA52wtwPw82I9EVnEul7jRMbbFGFD2NDNW3AinEFt5sqMa84tKK0V9JJyRe4FY7yFTOVjSMV41WF2srbI3k0QVGoEaQ7r0tijCBnXil4QVwQ0ya1FW3g","e48856bbdbbb68291a2059fd540961ca213ee5b20b91a7a26bb8b59ae4b052b5");
INSERT INTO user(name, salt, hash) values("MaryGoldman76","1jo5OFAVDpC6xaEgt8sSuHcOSzo1SnkEVF5jHwD39SJegUlvz8nBLNeJBK6StVPCKzNNxUpOToQojUW304fW5gjniSqWejeBxo6Xtlgb0qIWW4vYoRYIIPRph8YwiW1mSxZ6sahYlfruDA52wtwPw82I9EVnEul7jRMbbFGFD2NDNW3AinEFt5sqMa84tKK0V9JJyRe4FY7yFTOVjSMV41WF2srbI3k0QVGoEaQ7r0tijCBnXil4QVwQ0ya1FW3g","e48856bbdbbb68291a2059fd540961ca213ee5b20b91a7a26bb8b59ae4b052b5");
INSERT INTO user(name, salt, hash) values("JenniferJohnson77","1jo5OFAVDpC6xaEgt8sSuHcOSzo1SnkEVF5jHwD39SJegUlvz8nBLNeJBK6StVPCKzNNxUpOToQojUW304fW5gjniSqWejeBxo6Xtlgb0qIWW4vYoRYIIPRph8YwiW1mSxZ6sahYlfruDA52wtwPw82I9EVnEul7jRMbbFGFD2NDNW3AinEFt5sqMa84tKK0V9JJyRe4FY7yFTOVjSMV41WF2srbI3k0QVGoEaQ7r0tijCBnXil4QVwQ0ya1FW3g","e48856bbdbbb68291a2059fd540961ca213ee5b20b91a7a26bb8b59ae4b052b5");
INSERT INTO user(name, salt, hash) values("TomCohen78","1jo5OFAVDpC6xaEgt8sSuHcOSzo1SnkEVF5jHwD39SJegUlvz8nBLNeJBK6StVPCKzNNxUpOToQojUW304fW5gjniSqWejeBxo6Xtlgb0qIWW4vYoRYIIPRph8YwiW1mSxZ6sahYlfruDA52wtwPw82I9EVnEul7jRMbbFGFD2NDNW3AinEFt5sqMa84tKK0V9JJyRe4FY7yFTOVjSMV41WF2srbI3k0QVGoEaQ7r0tijCBnXil4QVwQ0ya1FW3g","e48856bbdbbb68291a2059fd540961ca213ee5b20b91a7a26bb8b59ae4b052b5");
INSERT INTO user(name, salt, hash) values("TomHansen79","1jo5OFAVDpC6xaEgt8sSuHcOSzo1SnkEVF5jHwD39SJegUlvz8nBLNeJBK6StVPCKzNNxUpOToQojUW304fW5gjniSqWejeBxo6Xtlgb0qIWW4vYoRYIIPRph8YwiW1mSxZ6sahYlfruDA52wtwPw82I9EVnEul7jRMbbFGFD2NDNW3AinEFt5sqMa84tKK0V9JJyRe4FY7yFTOVjSMV41WF2srbI3k0QVGoEaQ7r0tijCBnXil4QVwQ0ya1FW3g","e48856bbdbbb68291a2059fd540961ca213ee5b20b91a7a26bb8b59ae4b052b5");
INSERT INTO user(name, salt, hash) values("MarkStenbit80","1jo5OFAVDpC6xaEgt8sSuHcOSzo1SnkEVF5jHwD39SJegUlvz8nBLNeJBK6StVPCKzNNxUpOToQojUW304fW5gjniSqWejeBxo6Xtlgb0qIWW4vYoRYIIPRph8YwiW1mSxZ6sahYlfruDA52wtwPw82I9EVnEul7jRMbbFGFD2NDNW3AinEFt5sqMa84tKK0V9JJyRe4FY7yFTOVjSMV41WF2srbI3k0QVGoEaQ7r0tijCBnXil4QVwQ0ya1FW3g","e48856bbdbbb68291a2059fd540961ca213ee5b20b91a7a26bb8b59ae4b052b5");
INSERT INTO user(name, salt, hash) values("TomGabrielson81","1jo5OFAVDpC6xaEgt8sSuHcOSzo1SnkEVF5jHwD39SJegUlvz8nBLNeJBK6StVPCKzNNxUpOToQojUW304fW5gjniSqWejeBxo6Xtlgb0qIWW4vYoRYIIPRph8YwiW1mSxZ6sahYlfruDA52wtwPw82I9EVnEul7jRMbbFGFD2NDNW3AinEFt5sqMa84tKK0V9JJyRe4FY7yFTOVjSMV41WF2srbI3k0QVGoEaQ7r0tijCBnXil4QVwQ0ya1FW3g","e48856bbdbbb68291a2059fd540961ca213ee5b20b91a7a26bb8b59ae4b052b5");
INSERT INTO user(name, salt, hash) values("BobGoldman82","1jo5OFAVDpC6xaEgt8sSuHcOSzo1SnkEVF5jHwD39SJegUlvz8nBLNeJBK6StVPCKzNNxUpOToQojUW304fW5gjniSqWejeBxo6Xtlgb0qIWW4vYoRYIIPRph8YwiW1mSxZ6sahYlfruDA52wtwPw82I9EVnEul7jRMbbFGFD2NDNW3AinEFt5sqMa84tKK0V9JJyRe4FY7yFTOVjSMV41WF2srbI3k0QVGoEaQ7r0tijCBnXil4QVwQ0ya1FW3g","e48856bbdbbb68291a2059fd540961ca213ee5b20b91a7a26bb8b59ae4b052b5");
INSERT INTO user(name, salt, hash) values("GraceMitchell83","1jo5OFAVDpC6xaEgt8sSuHcOSzo1SnkEVF5jHwD39SJegUlvz8nBLNeJBK6StVPCKzNNxUpOToQojUW304fW5gjniSqWejeBxo6Xtlgb0qIWW4vYoRYIIPRph8YwiW1mSxZ6sahYlfruDA52wtwPw82I9EVnEul7jRMbbFGFD2NDNW3AinEFt5sqMa84tKK0V9JJyRe4FY7yFTOVjSMV41WF2srbI3k0QVGoEaQ7r0tijCBnXil4QVwQ0ya1FW3g","e48856bbdbbb68291a2059fd540961ca213ee5b20b91a7a26bb8b59ae4b052b5");
INSERT INTO user(name, salt, hash) values("BobBanbury84","1jo5OFAVDpC6xaEgt8sSuHcOSzo1SnkEVF5jHwD39SJegUlvz8nBLNeJBK6StVPCKzNNxUpOToQojUW304fW5gjniSqWejeBxo6Xtlgb0qIWW4vYoRYIIPRph8YwiW1mSxZ6sahYlfruDA52wtwPw82I9EVnEul7jRMbbFGFD2NDNW3AinEFt5sqMa84tKK0V9JJyRe4FY7yFTOVjSMV41WF2srbI3k0QVGoEaQ7r0tijCBnXil4QVwQ0ya1FW3g","e48856bbdbbb68291a2059fd540961ca213ee5b20b91a7a26bb8b59ae4b052b5");
INSERT INTO user(name, salt, hash) values("JenniferCarter85","1jo5OFAVDpC6xaEgt8sSuHcOSzo1SnkEVF5jHwD39SJegUlvz8nBLNeJBK6StVPCKzNNxUpOToQojUW304fW5gjniSqWejeBxo6Xtlgb0qIWW4vYoRYIIPRph8YwiW1mSxZ6sahYlfruDA52wtwPw82I9EVnEul7jRMbbFGFD2NDNW3AinEFt5sqMa84tKK0V9JJyRe4FY7yFTOVjSMV41WF2srbI3k0QVGoEaQ7r0tijCBnXil4QVwQ0ya1FW3g","e48856bbdbbb68291a2059fd540961ca213ee5b20b91a7a26bb8b59ae4b052b5");
INSERT INTO user(name, salt, hash) values("TomBanbury86","1jo5OFAVDpC6xaEgt8sSuHcOSzo1SnkEVF5jHwD39SJegUlvz8nBLNeJBK6StVPCKzNNxUpOToQojUW304fW5gjniSqWejeBxo6Xtlgb0qIWW4vYoRYIIPRph8YwiW1mSxZ6sahYlfruDA52wtwPw82I9EVnEul7jRMbbFGFD2NDNW3AinEFt5sqMa84tKK0V9JJyRe4FY7yFTOVjSMV41WF2srbI3k0QVGoEaQ7r0tijCBnXil4QVwQ0ya1FW3g","e48856bbdbbb68291a2059fd540961ca213ee5b20b91a7a26bb8b59ae4b052b5");
INSERT INTO user(name, salt, hash) values("JohnSmith87","1jo5OFAVDpC6xaEgt8sSuHcOSzo1SnkEVF5jHwD39SJegUlvz8nBLNeJBK6StVPCKzNNxUpOToQojUW304fW5gjniSqWejeBxo6Xtlgb0qIWW4vYoRYIIPRph8YwiW1mSxZ6sahYlfruDA52wtwPw82I9EVnEul7jRMbbFGFD2NDNW3AinEFt5sqMa84tKK0V9JJyRe4FY7yFTOVjSMV41WF2srbI3k0QVGoEaQ7r0tijCBnXil4QVwQ0ya1FW3g","e48856bbdbbb68291a2059fd540961ca213ee5b20b91a7a26bb8b59ae4b052b5");
INSERT INTO user(name, salt, hash) values("TomGoldman88","1jo5OFAVDpC6xaEgt8sSuHcOSzo1SnkEVF5jHwD39SJegUlvz8nBLNeJBK6StVPCKzNNxUpOToQojUW304fW5gjniSqWejeBxo6Xtlgb0qIWW4vYoRYIIPRph8YwiW1mSxZ6sahYlfruDA52wtwPw82I9EVnEul7jRMbbFGFD2NDNW3AinEFt5sqMa84tKK0V9JJyRe4FY7yFTOVjSMV41WF2srbI3k0QVGoEaQ7r0tijCBnXil4QVwQ0ya1FW3g","e48856bbdbbb68291a2059fd540961ca213ee5b20b91a7a26bb8b59ae4b052b5");
INSERT INTO user(name, salt, hash) values("AllisonFontenot89","1jo5OFAVDpC6xaEgt8sSuHcOSzo1SnkEVF5jHwD39SJegUlvz8nBLNeJBK6StVPCKzNNxUpOToQojUW304fW5gjniSqWejeBxo6Xtlgb0qIWW4vYoRYIIPRph8YwiW1mSxZ6sahYlfruDA52wtwPw82I9EVnEul7jRMbbFGFD2NDNW3AinEFt5sqMa84tKK0V9JJyRe4FY7yFTOVjSMV41WF2srbI3k0QVGoEaQ7r0tijCBnXil4QVwQ0ya1FW3g","e48856bbdbbb68291a2059fd540961ca213ee5b20b91a7a26bb8b59ae4b052b5");
INSERT INTO user(name, salt, hash) values("TimmothyCarter90","1jo5OFAVDpC6xaEgt8sSuHcOSzo1SnkEVF5jHwD39SJegUlvz8nBLNeJBK6StVPCKzNNxUpOToQojUW304fW5gjniSqWejeBxo6Xtlgb0qIWW4vYoRYIIPRph8YwiW1mSxZ6sahYlfruDA52wtwPw82I9EVnEul7jRMbbFGFD2NDNW3AinEFt5sqMa84tKK0V9JJyRe4FY7yFTOVjSMV41WF2srbI3k0QVGoEaQ7r0tijCBnXil4QVwQ0ya1FW3g","e48856bbdbbb68291a2059fd540961ca213ee5b20b91a7a26bb8b59ae4b052b5");
INSERT INTO user(name, salt, hash) values("AllisonFontenot91","1jo5OFAVDpC6xaEgt8sSuHcOSzo1SnkEVF5jHwD39SJegUlvz8nBLNeJBK6StVPCKzNNxUpOToQojUW304fW5gjniSqWejeBxo6Xtlgb0qIWW4vYoRYIIPRph8YwiW1mSxZ6sahYlfruDA52wtwPw82I9EVnEul7jRMbbFGFD2NDNW3AinEFt5sqMa84tKK0V9JJyRe4FY7yFTOVjSMV41WF2srbI3k0QVGoEaQ7r0tijCBnXil4QVwQ0ya1FW3g","e48856bbdbbb68291a2059fd540961ca213ee5b20b91a7a26bb8b59ae4b052b5");
INSERT INTO user(name, salt, hash) values("AllisonGabrielson92","1jo5OFAVDpC6xaEgt8sSuHcOSzo1SnkEVF5jHwD39SJegUlvz8nBLNeJBK6StVPCKzNNxUpOToQojUW304fW5gjniSqWejeBxo6Xtlgb0qIWW4vYoRYIIPRph8YwiW1mSxZ6sahYlfruDA52wtwPw82I9EVnEul7jRMbbFGFD2NDNW3AinEFt5sqMa84tKK0V9JJyRe4FY7yFTOVjSMV41WF2srbI3k0QVGoEaQ7r0tijCBnXil4QVwQ0ya1FW3g","e48856bbdbbb68291a2059fd540961ca213ee5b20b91a7a26bb8b59ae4b052b5");
INSERT INTO user(name, salt, hash) values("KatieBanbury93","1jo5OFAVDpC6xaEgt8sSuHcOSzo1SnkEVF5jHwD39SJegUlvz8nBLNeJBK6StVPCKzNNxUpOToQojUW304fW5gjniSqWejeBxo6Xtlgb0qIWW4vYoRYIIPRph8YwiW1mSxZ6sahYlfruDA52wtwPw82I9EVnEul7jRMbbFGFD2NDNW3AinEFt5sqMa84tKK0V9JJyRe4FY7yFTOVjSMV41WF2srbI3k0QVGoEaQ7r0tijCBnXil4QVwQ0ya1FW3g","e48856bbdbbb68291a2059fd540961ca213ee5b20b91a7a26bb8b59ae4b052b5");
INSERT INTO user(name, salt, hash) values("SarahKhan94","1jo5OFAVDpC6xaEgt8sSuHcOSzo1SnkEVF5jHwD39SJegUlvz8nBLNeJBK6StVPCKzNNxUpOToQojUW304fW5gjniSqWejeBxo6Xtlgb0qIWW4vYoRYIIPRph8YwiW1mSxZ6sahYlfruDA52wtwPw82I9EVnEul7jRMbbFGFD2NDNW3AinEFt5sqMa84tKK0V9JJyRe4FY7yFTOVjSMV41WF2srbI3k0QVGoEaQ7r0tijCBnXil4QVwQ0ya1FW3g","e48856bbdbbb68291a2059fd540961ca213ee5b20b91a7a26bb8b59ae4b052b5");
INSERT INTO user(name, salt, hash) values("JackHansen95","1jo5OFAVDpC6xaEgt8sSuHcOSzo1SnkEVF5jHwD39SJegUlvz8nBLNeJBK6StVPCKzNNxUpOToQojUW304fW5gjniSqWejeBxo6Xtlgb0qIWW4vYoRYIIPRph8YwiW1mSxZ6sahYlfruDA52wtwPw82I9EVnEul7jRMbbFGFD2NDNW3AinEFt5sqMa84tKK0V9JJyRe4FY7yFTOVjSMV41WF2srbI3k0QVGoEaQ7r0tijCBnXil4QVwQ0ya1FW3g","e48856bbdbbb68291a2059fd540961ca213ee5b20b91a7a26bb8b59ae4b052b5");
INSERT INTO user(name, salt, hash) values("MattSmith96","1jo5OFAVDpC6xaEgt8sSuHcOSzo1SnkEVF5jHwD39SJegUlvz8nBLNeJBK6StVPCKzNNxUpOToQojUW304fW5gjniSqWejeBxo6Xtlgb0qIWW4vYoRYIIPRph8YwiW1mSxZ6sahYlfruDA52wtwPw82I9EVnEul7jRMbbFGFD2NDNW3AinEFt5sqMa84tKK0V9JJyRe4FY7yFTOVjSMV41WF2srbI3k0QVGoEaQ7r0tijCBnXil4QVwQ0ya1FW3g","e48856bbdbbb68291a2059fd540961ca213ee5b20b91a7a26bb8b59ae4b052b5");
INSERT INTO user(name, salt, hash) values("BobJohnson97","1jo5OFAVDpC6xaEgt8sSuHcOSzo1SnkEVF5jHwD39SJegUlvz8nBLNeJBK6StVPCKzNNxUpOToQojUW304fW5gjniSqWejeBxo6Xtlgb0qIWW4vYoRYIIPRph8YwiW1mSxZ6sahYlfruDA52wtwPw82I9EVnEul7jRMbbFGFD2NDNW3AinEFt5sqMa84tKK0V9JJyRe4FY7yFTOVjSMV41WF2srbI3k0QVGoEaQ7r0tijCBnXil4QVwQ0ya1FW3g","e48856bbdbbb68291a2059fd540961ca213ee5b20b91a7a26bb8b59ae4b052b5");
INSERT INTO user(name, salt, hash) values("AllisonBanbury98","1jo5OFAVDpC6xaEgt8sSuHcOSzo1SnkEVF5jHwD39SJegUlvz8nBLNeJBK6StVPCKzNNxUpOToQojUW304fW5gjniSqWejeBxo6Xtlgb0qIWW4vYoRYIIPRph8YwiW1mSxZ6sahYlfruDA52wtwPw82I9EVnEul7jRMbbFGFD2NDNW3AinEFt5sqMa84tKK0V9JJyRe4FY7yFTOVjSMV41WF2srbI3k0QVGoEaQ7r0tijCBnXil4QVwQ0ya1FW3g","e48856bbdbbb68291a2059fd540961ca213ee5b20b91a7a26bb8b59ae4b052b5");
INSERT INTO user(name, salt, hash) values("AllisonCarter99","1jo5OFAVDpC6xaEgt8sSuHcOSzo1SnkEVF5jHwD39SJegUlvz8nBLNeJBK6StVPCKzNNxUpOToQojUW304fW5gjniSqWejeBxo6Xtlgb0qIWW4vYoRYIIPRph8YwiW1mSxZ6sahYlfruDA52wtwPw82I9EVnEul7jRMbbFGFD2NDNW3AinEFt5sqMa84tKK0V9JJyRe4FY7yFTOVjSMV41WF2srbI3k0QVGoEaQ7r0tijCBnXil4QVwQ0ya1FW3g","e48856bbdbbb68291a2059fd540961ca213ee5b20b91a7a26bb8b59ae4b052b5");





INSERT INTO game(sport, time, date, playerCount, location, full) values("ultimate frisbee","13:25:00", "2016-5-12" , 8 , "Moody Colliseum" , TRUE);
INSERT INTO game(sport, time, date, playerCount, location, full) values("squash","21:05:00", "2016-5-18" , 15 , "Some Park" , FALSE);
INSERT INTO game(sport, time, date, playerCount, location, full) values("ping pong","18:15:00", "2016-3-28" , 6 , "Wescott Field" , FALSE);
INSERT INTO game(sport, time, date, playerCount, location, full) values("squash","22:00:00", "2016-7-11" , 15 , "Moody Colliseum" , FALSE);
INSERT INTO game(sport, time, date, playerCount, location, full) values("ultimate frisbee","16:40:00", "2016-3-14" , 2 , "Some Park" , FALSE);
INSERT INTO game(sport, time, date, playerCount, location, full) values("tennis","18:15:00", "2016-5-18" , 8 , "Wescott Field" , FALSE);
INSERT INTO game(sport, time, date, playerCount, location, full) values("ultimate frisbee","21:05:00", "2016-4-14" , 6 , "Some Park" , FALSE);
INSERT INTO game(sport, time, date, playerCount, location, full) values("squash","22:00:00", "2016-4-11" , 15 , "Intramural Fields" , TRUE);
INSERT INTO game(sport, time, date, playerCount, location, full) values("soccer","08:00:00", "2016-4-11" , 15 , "Intramural Fields" , FALSE);
INSERT INTO game(sport, time, date, playerCount, location, full) values("ultimate frisbee","08:00:00", "2016-4-14" , 4 , "Wescott Field" , FALSE);
INSERT INTO game(sport, time, date, playerCount, location, full) values("pool","16:40:00", "2016-7-11" , 4 , "Some Park" , TRUE);
INSERT INTO game(sport, time, date, playerCount, location, full) values("pool","21:05:00", "2016-5-18" , 4 , "Some Park" , TRUE);
INSERT INTO game(sport, time, date, playerCount, location, full) values("indoor soccer","12:30:00", "2016-3-14" , 10 , "Some Park" , FALSE);
INSERT INTO game(sport, time, date, playerCount, location, full) values("basketball","12:30:00", "2016-3-14" , 5 , "Moody Colliseum" , FALSE);
INSERT INTO game(sport, time, date, playerCount, location, full) values("tennis","13:25:00", "2016-5-18" , 10 , "Dedman" , FALSE);
INSERT INTO game(sport, time, date, playerCount, location, full) values("basketball","16:40:00", "2016-5-18" , 8 , "Wescott Field" , FALSE);
INSERT INTO game(sport, time, date, playerCount, location, full) values("ultimate frisbee","21:05:00", "2016-5-18" , 2 , "Some Park" , TRUE);
INSERT INTO game(sport, time, date, playerCount, location, full) values("football","22:00:00", "2016-4-28" , 5 , "Dedman" , FALSE);
INSERT INTO game(sport, time, date, playerCount, location, full) values("tennis","21:05:00", "2016-7-11" , 2 , "Moody Colliseum" , FALSE);
INSERT INTO game(sport, time, date, playerCount, location, full) values("tennis","21:05:00", "2016-4-28" , 5 , "Wescott Field" , FALSE);
INSERT INTO game(sport, time, date, playerCount, location, full) values("tennis","09:30:00", "2016-3-28" , 6 , "Wescott Field" , TRUE);
INSERT INTO game(sport, time, date, playerCount, location, full) values("ping pong","21:05:00", "2016-3-28" , 4 , "Some Park" , TRUE);
INSERT INTO game(sport, time, date, playerCount, location, full) values("ping pong","18:15:00", "2016-4-11" , 6 , "Wescott Field" , FALSE);
INSERT INTO game(sport, time, date, playerCount, location, full) values("ping pong","14:20:00", "2016-4-14" , 8 , "Dedman" , FALSE);
INSERT INTO game(sport, time, date, playerCount, location, full) values("indoor soccer","13:25:00", "2016-5-12" , 6 , "Moody Colliseum" , FALSE);
INSERT INTO game(sport, time, date, playerCount, location, full) values("ultimate frisbee","13:25:00", "2016-4-11" , 4 , "Wescott Field" , FALSE);
INSERT INTO game(sport, time, date, playerCount, location, full) values("squash","09:30:00", "2016-3-14" , 5 , "Some Park" , FALSE);
INSERT INTO game(sport, time, date, playerCount, location, full) values("basketball","08:00:00", "2016-3-14" , 2 , "Intramural Fields" , TRUE);
INSERT INTO game(sport, time, date, playerCount, location, full) values("basketball","12:30:00", "2016-7-11" , 10 , "Moody Colliseum" , FALSE);
INSERT INTO game(sport, time, date, playerCount, location, full) values("ping pong","09:30:00", "2016-4-14" , 15 , "Wescott Field" , TRUE);
INSERT INTO game(sport, time, date, playerCount, location, full) values("ultimate frisbee","08:00:00", "2016-4-11" , 4 , "Intramural Fields" , FALSE);
INSERT INTO game(sport, time, date, playerCount, location, full) values("indoor soccer","09:30:00", "2016-4-14" , 15 , "Moody Colliseum" , FALSE);
INSERT INTO game(sport, time, date, playerCount, location, full) values("ultimate frisbee","22:00:00", "2016-7-11" , 15 , "Some Park" , FALSE);
INSERT INTO game(sport, time, date, playerCount, location, full) values("soccer","16:40:00", "2016-3-14" , 6 , "Wescott Field" , FALSE);
INSERT INTO game(sport, time, date, playerCount, location, full) values("tennis","22:00:00", "2016-4-14" , 5 , "Intramural Fields" , FALSE);
INSERT INTO game(sport, time, date, playerCount, location, full) values("ultimate frisbee","22:00:00", "2016-4-28" , 10 , "Wescott Field" , FALSE);
INSERT INTO game(sport, time, date, playerCount, location, full) values("squash","12:30:00", "2016-3-28" , 8 , "Intramural Fields" , FALSE);
INSERT INTO game(sport, time, date, playerCount, location, full) values("soccer","22:00:00", "2016-3-14" , 8 , "Moody Colliseum" , FALSE);
INSERT INTO game(sport, time, date, playerCount, location, full) values("squash","13:25:00", "2016-3-14" , 8 , "Wescott Field" , FALSE);
INSERT INTO game(sport, time, date, playerCount, location, full) values("soccer","22:00:00", "2016-3-28" , 10 , "Moody Colliseum" , FALSE);
INSERT INTO game(sport, time, date, playerCount, location, full) values("squash","08:00:00", "2016-4-14" , 8 , "Wescott Field" , FALSE);
INSERT INTO game(sport, time, date, playerCount, location, full) values("squash","18:15:00", "2016-4-11" , 5 , "Moody Colliseum" , FALSE);
INSERT INTO game(sport, time, date, playerCount, location, full) values("basketball","12:30:00", "2016-3-28" , 2 , "Dedman" , FALSE);
INSERT INTO game(sport, time, date, playerCount, location, full) values("tennis","18:15:00", "2016-4-28" , 10 , "Intramural Fields" , FALSE);
INSERT INTO game(sport, time, date, playerCount, location, full) values("basketball","14:20:00", "2016-3-14" , 8 , "Intramural Fields" , FALSE);
INSERT INTO game(sport, time, date, playerCount, location, full) values("indoor soccer","13:25:00", "2016-5-18" , 15 , "Intramural Fields" , TRUE);
INSERT INTO game(sport, time, date, playerCount, location, full) values("indoor soccer","09:30:00", "2016-3-14" , 15 , "Moody Colliseum" , TRUE);
INSERT INTO game(sport, time, date, playerCount, location, full) values("ping pong","08:00:00", "2016-4-14" , 4 , "Intramural Fields" , FALSE);
INSERT INTO game(sport, time, date, playerCount, location, full) values("soccer","12:30:00", "2016-7-11" , 8 , "Some Park" , TRUE);
INSERT INTO game(sport, time, date, playerCount, location, full) values("ping pong","14:20:00", "2016-5-12" , 5 , "Wescott Field" , FALSE);





INSERT INTO enlist values("JenniferCohen11", 1 );
INSERT INTO enlist values("GraceKhan57", 1 );
INSERT INTO enlist values("TomBanbury66", 1 );
INSERT INTO enlist values("AllisonCarter99", 1 );
INSERT INTO enlist values("MarkSmith13", 1 );
INSERT INTO enlist values("AllisonFontenot89", 1 );
INSERT INTO enlist values("TomGoldman54", 1 );
INSERT INTO enlist values("MattCarter62", 1 );
INSERT INTO enlist values("JohnGabrielson73", 2 );
INSERT INTO enlist values("KatieBanbury19", 2 );
INSERT INTO enlist values("MaryCarter21", 2 );
INSERT INTO enlist values("TomBanbury0", 2 );
INSERT INTO enlist values("JohnHansen48", 2 );
INSERT INTO enlist values("SarahBanbury28", 2 );
INSERT INTO enlist values("KatieBanbury93", 2 );
INSERT INTO enlist values("GraceKhan14", 2 );
INSERT INTO enlist values("MattGabrielson44", 2 );
INSERT INTO enlist values("MattGoldman65", 2 );
INSERT INTO enlist values("BenReiss75", 2 );
INSERT INTO enlist values("MattCarter62", 2 );
INSERT INTO enlist values("JenniferCohen20", 3 );
INSERT INTO enlist values("TomHansen34", 3 );
INSERT INTO enlist values("MaryGoldman56", 3 );
INSERT INTO enlist values("JohnBanbury29", 4 );
INSERT INTO enlist values("TomBanbury86", 4 );
INSERT INTO enlist values("JonathanBanbury70", 4 );
INSERT INTO enlist values("MaryJohnson16", 4 );
INSERT INTO enlist values("TomBanbury38", 4 );
INSERT INTO enlist values("MattGabrielson44", 4 );
INSERT INTO enlist values("GraceMitchell83", 4 );
INSERT INTO enlist values("JenniferBanbury67", 4 );
INSERT INTO enlist values("TimmothyCarter90", 4 );
INSERT INTO enlist values("AllisonFontenot89", 4 );
INSERT INTO enlist values("MarkFontenot43", 4 );
INSERT INTO enlist values("AllisonCarter99", 4 );
INSERT INTO enlist values("GraceReiss53", 6 );
INSERT INTO enlist values("TomBanbury0", 6 );
INSERT INTO enlist values("BobRenninger5", 6 );
INSERT INTO enlist values("JohnGabrielson73", 6 );
INSERT INTO enlist values("SarahKhan94", 6 );
INSERT INTO enlist values("TimmothyCarter90", 7 );
INSERT INTO enlist values("JenniferMitchell42", 7 );
INSERT INTO enlist values("MattCarter35", 7 );
INSERT INTO enlist values("KatieCohen74", 8 );
INSERT INTO enlist values("JackGabrielson58", 8 );
INSERT INTO enlist values("JohnReiss55", 8 );
INSERT INTO enlist values("SarahStenbit51", 8 );
INSERT INTO enlist values("AllisonBanbury98", 8 );
INSERT INTO enlist values("JenniferJohnson72", 8 );
INSERT INTO enlist values("BobRenninger5", 8 );
INSERT INTO enlist values("BenJohnson45", 8 );
INSERT INTO enlist values("TomBanbury86", 8 );
INSERT INTO enlist values("TomBanbury0", 8 );
INSERT INTO enlist values("JenniferJohnson77", 8 );
INSERT INTO enlist values("KatieFontenot7", 8 );
INSERT INTO enlist values("JenniferCarter85", 8 );
INSERT INTO enlist values("PaigeCarter46", 8 );
INSERT INTO enlist values("JohnGabrielson73", 8 );
INSERT INTO enlist values("GraceReiss53", 9 );
INSERT INTO enlist values("MattRenninger68", 9 );
INSERT INTO enlist values("BobJohnson37", 9 );
INSERT INTO enlist values("JohnReiss55", 9 );
INSERT INTO enlist values("SarahHansen12", 9 );
INSERT INTO enlist values("MarkStenbit80", 9 );
INSERT INTO enlist values("MaryGoldman76", 9 );
INSERT INTO enlist values("TomBanbury0", 9 );
INSERT INTO enlist values("JenniferGabrielson41", 9 );
INSERT INTO enlist values("KatieRenninger63", 9 );
INSERT INTO enlist values("JenniferMitchell42", 9 );
INSERT INTO enlist values("KatieReiss33", 9 );
INSERT INTO enlist values("KatieBanbury93", 10 );
INSERT INTO enlist values("JenniferCarter61", 11 );
INSERT INTO enlist values("BobJohnson37", 11 );
INSERT INTO enlist values("JenniferBanbury67", 11 );
INSERT INTO enlist values("AllisonCarter99", 11 );
INSERT INTO enlist values("MarkFontenot43", 12 );
INSERT INTO enlist values("SarahStenbit51", 12 );
INSERT INTO enlist values("TomRenninger10", 12 );
INSERT INTO enlist values("JackGabrielson58", 12 );
INSERT INTO enlist values("TomHansen34", 13 );
INSERT INTO enlist values("KatieRenninger63", 13 );
INSERT INTO enlist values("JohnHansen48", 13 );
INSERT INTO enlist values("JenniferJohnson77", 13 );
INSERT INTO enlist values("TimmothyGabrielson8", 13 );
INSERT INTO enlist values("BenReiss75", 13 );
INSERT INTO enlist values("MarkFontenot43", 13 );
INSERT INTO enlist values("JohnReiss55", 14 );
INSERT INTO enlist values("GraceBanbury39", 14 );
INSERT INTO enlist values("TomHansen34", 15 );
INSERT INTO enlist values("TomBanbury0", 15 );
INSERT INTO enlist values("GraceMitchell83", 15 );
INSERT INTO enlist values("TomBanbury86", 15 );
INSERT INTO enlist values("JackGabrielson69", 15 );
INSERT INTO enlist values("MattGoldman32", 15 );
INSERT INTO enlist values("TimmothyGabrielson8", 15 );
INSERT INTO enlist values("MarkSmith13", 16 );
INSERT INTO enlist values("BobJohnson97", 16 );
INSERT INTO enlist values("AllisonGoldman64", 16 );
INSERT INTO enlist values("GraceBanbury39", 16 );
INSERT INTO enlist values("AllisonFontenot91", 16 );
INSERT INTO enlist values("GraceReiss53", 17 );
INSERT INTO enlist values("JenniferCohen11", 17 );
INSERT INTO enlist values("JenniferGabrielson41", 18 );
INSERT INTO enlist values("SarahHansen12", 18 );
INSERT INTO enlist values("AllisonGoldman64", 20 );
INSERT INTO enlist values("KatieCohen74", 20 );
INSERT INTO enlist values("JonathanGoldman6", 21 );
INSERT INTO enlist values("JohnKhan15", 21 );
INSERT INTO enlist values("MarkFontenot43", 21 );
INSERT INTO enlist values("JohnBanbury29", 21 );
INSERT INTO enlist values("TomBanbury38", 21 );
INSERT INTO enlist values("TomHansen79", 21 );
INSERT INTO enlist values("MattGabrielson44", 22 );
INSERT INTO enlist values("KatieJohnson2", 22 );
INSERT INTO enlist values("JohnKhan15", 22 );
INSERT INTO enlist values("TomGabrielson81", 22 );
INSERT INTO enlist values("TomRenninger10", 23 );
INSERT INTO enlist values("PaigeKhan60", 23 );
INSERT INTO enlist values("JenniferGabrielson41", 23 );
INSERT INTO enlist values("KatieFontenot7", 24 );
INSERT INTO enlist values("MattCarter35", 24 );
INSERT INTO enlist values("MarkFontenot43", 24 );
INSERT INTO enlist values("TimmothyCarter90", 24 );
INSERT INTO enlist values("JenniferMitchell36", 24 );
INSERT INTO enlist values("AllisonFontenot91", 25 );
INSERT INTO enlist values("JackGabrielson58", 25 );
INSERT INTO enlist values("TomHansen79", 25 );
INSERT INTO enlist values("TomBanbury86", 26 );
INSERT INTO enlist values("BobGoldman82", 27 );
INSERT INTO enlist values("JenniferJohnson27", 27 );
INSERT INTO enlist values("BenJohnson45", 28 );
INSERT INTO enlist values("JenniferHansen17", 28 );
INSERT INTO enlist values("JenniferMitchell36", 29 );
INSERT INTO enlist values("BobGoldman82", 29 );
INSERT INTO enlist values("KatieBanbury52", 29 );
INSERT INTO enlist values("AllisonBanbury98", 29 );
INSERT INTO enlist values("MattCarter35", 29 );
INSERT INTO enlist values("MaryCarter21", 29 );
INSERT INTO enlist values("BenBanbury30", 29 );
INSERT INTO enlist values("SarahCohen49", 30 );
INSERT INTO enlist values("BobJohnson97", 30 );
INSERT INTO enlist values("TimmothyKhan26", 30 );
INSERT INTO enlist values("JackCarter25", 30 );
INSERT INTO enlist values("JenniferJohnson27", 30 );
INSERT INTO enlist values("JenniferBanbury67", 30 );
INSERT INTO enlist values("MattJohnson3", 30 );
INSERT INTO enlist values("TomHansen34", 30 );
INSERT INTO enlist values("MattRenninger68", 30 );
INSERT INTO enlist values("MattGoldman32", 30 );
INSERT INTO enlist values("TomGoldman88", 30 );
INSERT INTO enlist values("AllisonStenbit71", 30 );
INSERT INTO enlist values("BenReiss75", 30 );
INSERT INTO enlist values("SarahHansen12", 30 );
INSERT INTO enlist values("JenniferJohnson77", 30 );
INSERT INTO enlist values("SarahBanbury28", 31 );
INSERT INTO enlist values("JohnHansen48", 32 );
INSERT INTO enlist values("MattGoldman32", 32 );
INSERT INTO enlist values("AllisonGabrielson92", 32 );
INSERT INTO enlist values("TomHansen4", 32 );
INSERT INTO enlist values("JenniferCohen20", 32 );
INSERT INTO enlist values("MattJohnson3", 32 );
INSERT INTO enlist values("JohnSmith87", 32 );
INSERT INTO enlist values("MarkStenbit80", 32 );
INSERT INTO enlist values("BenFontenot59", 32 );
INSERT INTO enlist values("MaryJohnson16", 32 );
INSERT INTO enlist values("MarkFontenot43", 32 );
INSERT INTO enlist values("AllisonStenbit71", 32 );
INSERT INTO enlist values("GraceKhan57", 33 );
INSERT INTO enlist values("GraceReiss53", 33 );
INSERT INTO enlist values("MaryGoldman76", 33 );
INSERT INTO enlist values("BobFontenot22", 33 );
INSERT INTO enlist values("TomHansen4", 33 );
INSERT INTO enlist values("JenniferCohen20", 33 );
INSERT INTO enlist values("JohnBanbury29", 33 );
INSERT INTO enlist values("SarahStenbit51", 33 );
INSERT INTO enlist values("SarahCohen49", 33 );
INSERT INTO enlist values("AllisonFontenot89", 33 );
INSERT INTO enlist values("MattCarter35", 33 );
INSERT INTO enlist values("JohnReiss55", 33 );
INSERT INTO enlist values("BobFontenot22", 34 );
INSERT INTO enlist values("TomBanbury66", 34 );
INSERT INTO enlist values("JohnHansen48", 34 );
INSERT INTO enlist values("SarahCohen49", 35 );
INSERT INTO enlist values("TomBanbury38", 35 );
INSERT INTO enlist values("BobBanbury84", 36 );
INSERT INTO enlist values("AllisonCarter99", 36 );
INSERT INTO enlist values("MattGoldman32", 36 );
INSERT INTO enlist values("GraceKhan14", 36 );
INSERT INTO enlist values("JohnBanbury29", 36 );
INSERT INTO enlist values("PaigeKhan60", 36 );
INSERT INTO enlist values("BenReiss75", 36 );
INSERT INTO enlist values("TomCohen78", 37 );
INSERT INTO enlist values("JohnStenbit1", 37 );
INSERT INTO enlist values("GraceMitchell83", 37 );
INSERT INTO enlist values("JackGabrielson58", 37 );
INSERT INTO enlist values("TimmothyCarter90", 37 );
INSERT INTO enlist values("KatieCohen74", 38 );
INSERT INTO enlist values("GraceKhan14", 38 );
INSERT INTO enlist values("MattGabrielson44", 38 );
INSERT INTO enlist values("BobReiss50", 38 );
INSERT INTO enlist values("KatieBanbury93", 38 );
INSERT INTO enlist values("SarahStenbit51", 39 );
INSERT INTO enlist values("JenniferBanbury67", 39 );
INSERT INTO enlist values("JonathanKhan31", 39 );
INSERT INTO enlist values("TomCohen78", 39 );
INSERT INTO enlist values("TomGoldman88", 39 );
INSERT INTO enlist values("BobFontenot22", 40 );
INSERT INTO enlist values("JenniferCohen11", 40 );
INSERT INTO enlist values("JackGoldman9", 40 );
INSERT INTO enlist values("JohnSmith47", 40 );
INSERT INTO enlist values("JohnHansen48", 40 );
INSERT INTO enlist values("MattCarter62", 40 );
INSERT INTO enlist values("TomCohen78", 40 );
INSERT INTO enlist values("BenBanbury30", 41 );
INSERT INTO enlist values("JenniferBanbury67", 41 );
INSERT INTO enlist values("JackCarter25", 41 );
INSERT INTO enlist values("MarkFontenot43", 41 );
INSERT INTO enlist values("BobGoldman82", 41 );
INSERT INTO enlist values("MattGoldman65", 42 );
INSERT INTO enlist values("GraceBanbury39", 42 );
INSERT INTO enlist values("JenniferJohnson77", 44 );
INSERT INTO enlist values("JohnHansen48", 44 );
INSERT INTO enlist values("BobJohnson97", 44 );
INSERT INTO enlist values("MaryGoldman76", 44 );
INSERT INTO enlist values("TomBanbury86", 44 );
INSERT INTO enlist values("JackGabrielson58", 44 );
INSERT INTO enlist values("SarahKhan94", 44 );
INSERT INTO enlist values("JackGoldman9", 45 );
INSERT INTO enlist values("GraceReiss53", 45 );
INSERT INTO enlist values("KatieJohnson2", 45 );
INSERT INTO enlist values("TomGoldman88", 45 );
INSERT INTO enlist values("MaryGoldman76", 45 );
INSERT INTO enlist values("BobRenninger5", 46 );
INSERT INTO enlist values("KatieFontenot7", 46 );
INSERT INTO enlist values("SarahHansen12", 46 );
INSERT INTO enlist values("BenReiss75", 46 );
INSERT INTO enlist values("MaryGoldman56", 46 );
INSERT INTO enlist values("BobJohnson37", 46 );
INSERT INTO enlist values("MattJohnson3", 46 );
INSERT INTO enlist values("MattCarter62", 46 );
INSERT INTO enlist values("TimmothyGabrielson8", 46 );
INSERT INTO enlist values("AllisonStenbit71", 46 );
INSERT INTO enlist values("KatieBanbury52", 46 );
INSERT INTO enlist values("JohnKhan15", 46 );
INSERT INTO enlist values("MattGabrielson18", 46 );
INSERT INTO enlist values("PaigeKhan60", 46 );
INSERT INTO enlist values("TimmothyCarter90", 46 );
INSERT INTO enlist values("PaigeCarter46", 47 );
INSERT INTO enlist values("KatieCohen74", 47 );
INSERT INTO enlist values("KatieRenninger63", 47 );
INSERT INTO enlist values("JenniferCarter85", 47 );
INSERT INTO enlist values("SarahStenbit51", 47 );
INSERT INTO enlist values("JenniferCohen11", 47 );
INSERT INTO enlist values("BobFontenot22", 47 );
INSERT INTO enlist values("TimmothyCarter90", 47 );
INSERT INTO enlist values("JenniferCohen20", 47 );
INSERT INTO enlist values("TomHansen79", 47 );
INSERT INTO enlist values("TomCohen78", 47 );
INSERT INTO enlist values("KatieFontenot7", 47 );
INSERT INTO enlist values("BenJohnson45", 47 );
INSERT INTO enlist values("AllisonFontenot91", 47 );
INSERT INTO enlist values("JonathanGoldman6", 47 );
INSERT INTO enlist values("SarahCohen49", 48 );
INSERT INTO enlist values("JackCarter25", 49 );
INSERT INTO enlist values("MarkStenbit80", 49 );
INSERT INTO enlist values("JackGoldman9", 49 );
INSERT INTO enlist values("JackGabrielson69", 49 );
INSERT INTO enlist values("JenniferJohnson77", 49 );
INSERT INTO enlist values("JenniferJohnson27", 49 );
INSERT INTO enlist values("MaryCarter21", 49 );
INSERT INTO enlist values("JohnKhan15", 49 );
INSERT INTO enlist values("GraceKhan57", 50 );
INSERT INTO enlist values("BobJohnson37", 50 );
INSERT INTO sportPreference(username, sport) values("TomBanbury0", "ultimate frisbee");
INSERT INTO sportPreference(username, sport) values("TomBanbury0", "tennis");
INSERT INTO sportPreference(username, sport) values("JohnStenbit1", "ultimate frisbee");
INSERT INTO sportPreference(username, sport) values("JohnStenbit1", "tennis");
INSERT INTO sportPreference(username, sport) values("JohnStenbit1", "soccer");
INSERT INTO sportPreference(username, sport) values("KatieJohnson2", "ping pong");
INSERT INTO sportPreference(username, sport) values("KatieJohnson2", "squash");
INSERT INTO sportPreference(username, sport) values("KatieJohnson2", "pool");
INSERT INTO sportPreference(username, sport) values("MattJohnson3", "basketball");
INSERT INTO sportPreference(username, sport) values("MattJohnson3", "soccer");
INSERT INTO sportPreference(username, sport) values("MattJohnson3", "ping pong");
INSERT INTO sportPreference(username, sport) values("TomHansen4", "ultimate frisbee");
INSERT INTO sportPreference(username, sport) values("TomHansen4", "pool");
INSERT INTO sportPreference(username, sport) values("TomHansen4", "ping pong");
INSERT INTO sportPreference(username, sport) values("TomHansen4", "tennis");
INSERT INTO sportPreference(username, sport) values("BobRenninger5", "indoor soccer");
INSERT INTO sportPreference(username, sport) values("BobRenninger5", "squash");
INSERT INTO sportPreference(username, sport) values("BobRenninger5", "ultimate frisbee");
INSERT INTO sportPreference(username, sport) values("JonathanGoldman6", "ping pong");
INSERT INTO sportPreference(username, sport) values("KatieFontenot7", "indoor soccer");
INSERT INTO sportPreference(username, sport) values("KatieFontenot7", "tennis");
INSERT INTO sportPreference(username, sport) values("KatieFontenot7", "basketball");
INSERT INTO sportPreference(username, sport) values("TimmothyGabrielson8", "basketball");
INSERT INTO sportPreference(username, sport) values("JackGoldman9", "basketball");
INSERT INTO sportPreference(username, sport) values("TomRenninger10", "basketball");
INSERT INTO sportPreference(username, sport) values("TomRenninger10", "squash");
INSERT INTO sportPreference(username, sport) values("JenniferCohen11", "squash");
INSERT INTO sportPreference(username, sport) values("SarahHansen12", "football");
INSERT INTO sportPreference(username, sport) values("SarahHansen12", "squash");
INSERT INTO sportPreference(username, sport) values("SarahHansen12", "ping pong");
INSERT INTO sportPreference(username, sport) values("SarahHansen12", "soccer");
INSERT INTO sportPreference(username, sport) values("MarkSmith13", "indoor soccer");
INSERT INTO sportPreference(username, sport) values("MarkSmith13", "pool");
INSERT INTO sportPreference(username, sport) values("MarkSmith13", "soccer");
INSERT INTO sportPreference(username, sport) values("MarkSmith13", "ultimate frisbee");
INSERT INTO sportPreference(username, sport) values("GraceKhan14", "tennis");
INSERT INTO sportPreference(username, sport) values("JohnKhan15", "football");
INSERT INTO sportPreference(username, sport) values("JohnKhan15", "basketball");
INSERT INTO sportPreference(username, sport) values("MaryJohnson16", "ping pong");
INSERT INTO sportPreference(username, sport) values("MaryJohnson16", "ultimate frisbee");
INSERT INTO sportPreference(username, sport) values("MaryJohnson16", "soccer");
INSERT INTO sportPreference(username, sport) values("JenniferHansen17", "ping pong");
INSERT INTO sportPreference(username, sport) values("JenniferHansen17", "squash");
INSERT INTO sportPreference(username, sport) values("JenniferHansen17", "soccer");
INSERT INTO sportPreference(username, sport) values("JenniferHansen17", "indoor soccer");
INSERT INTO sportPreference(username, sport) values("MattGabrielson18", "football");
INSERT INTO sportPreference(username, sport) values("MattGabrielson18", "tennis");
INSERT INTO sportPreference(username, sport) values("MattGabrielson18", "soccer");
INSERT INTO sportPreference(username, sport) values("MattGabrielson18", "squash");
INSERT INTO sportPreference(username, sport) values("KatieBanbury19", "basketball");
INSERT INTO sportPreference(username, sport) values("KatieBanbury19", "pool");
INSERT INTO sportPreference(username, sport) values("KatieBanbury19", "football");
INSERT INTO sportPreference(username, sport) values("KatieBanbury19", "ping pong");
INSERT INTO sportPreference(username, sport) values("JenniferCohen20", "tennis");
INSERT INTO sportPreference(username, sport) values("JenniferCohen20", "ultimate frisbee");
INSERT INTO sportPreference(username, sport) values("JenniferCohen20", "basketball");
INSERT INTO sportPreference(username, sport) values("JenniferCohen20", "football");
INSERT INTO sportPreference(username, sport) values("MaryCarter21", "pool");
INSERT INTO sportPreference(username, sport) values("MaryCarter21", "soccer");
INSERT INTO sportPreference(username, sport) values("MaryCarter21", "basketball");
INSERT INTO sportPreference(username, sport) values("MaryCarter21", "indoor soccer");
INSERT INTO sportPreference(username, sport) values("BobFontenot22", "basketball");
INSERT INTO sportPreference(username, sport) values("BobFontenot22", "ultimate frisbee");
INSERT INTO sportPreference(username, sport) values("BobFontenot22", "soccer");
INSERT INTO sportPreference(username, sport) values("JohnCohen23", "basketball");
INSERT INTO sportPreference(username, sport) values("JohnCohen23", "soccer");
INSERT INTO sportPreference(username, sport) values("JohnCohen23", "squash");
INSERT INTO sportPreference(username, sport) values("JohnCohen23", "tennis");
INSERT INTO sportPreference(username, sport) values("MarkMitchell24", "basketball");
INSERT INTO sportPreference(username, sport) values("MarkMitchell24", "indoor soccer");
INSERT INTO sportPreference(username, sport) values("JackCarter25", "indoor soccer");
INSERT INTO sportPreference(username, sport) values("JackCarter25", "pool");
INSERT INTO sportPreference(username, sport) values("JackCarter25", "squash");
INSERT INTO sportPreference(username, sport) values("JackCarter25", "basketball");
INSERT INTO sportPreference(username, sport) values("TimmothyKhan26", "pool");
INSERT INTO sportPreference(username, sport) values("TimmothyKhan26", "football");
INSERT INTO sportPreference(username, sport) values("TimmothyKhan26", "basketball");
INSERT INTO sportPreference(username, sport) values("TimmothyKhan26", "ping pong");
INSERT INTO sportPreference(username, sport) values("JenniferJohnson27", "football");
INSERT INTO sportPreference(username, sport) values("JenniferJohnson27", "ping pong");
INSERT INTO sportPreference(username, sport) values("JenniferJohnson27", "pool");
INSERT INTO sportPreference(username, sport) values("JenniferJohnson27", "ultimate frisbee");
INSERT INTO sportPreference(username, sport) values("SarahBanbury28", "tennis");
INSERT INTO sportPreference(username, sport) values("SarahBanbury28", "indoor soccer");
INSERT INTO sportPreference(username, sport) values("SarahBanbury28", "ping pong");
INSERT INTO sportPreference(username, sport) values("SarahBanbury28", "basketball");
INSERT INTO sportPreference(username, sport) values("JohnBanbury29", "basketball");
INSERT INTO sportPreference(username, sport) values("JohnBanbury29", "indoor soccer");
INSERT INTO sportPreference(username, sport) values("JohnBanbury29", "ping pong");
INSERT INTO sportPreference(username, sport) values("BenBanbury30", "ultimate frisbee");
INSERT INTO sportPreference(username, sport) values("JonathanKhan31", "squash");
INSERT INTO sportPreference(username, sport) values("JonathanKhan31", "soccer");
INSERT INTO sportPreference(username, sport) values("JonathanKhan31", "indoor soccer");
INSERT INTO sportPreference(username, sport) values("JonathanKhan31", "pool");
INSERT INTO sportPreference(username, sport) values("MattGoldman32", "ultimate frisbee");
INSERT INTO sportPreference(username, sport) values("MattGoldman32", "tennis");
INSERT INTO sportPreference(username, sport) values("KatieReiss33", "indoor soccer");
INSERT INTO sportPreference(username, sport) values("KatieReiss33", "football");
INSERT INTO sportPreference(username, sport) values("KatieReiss33", "tennis");
INSERT INTO sportPreference(username, sport) values("TomHansen34", "ultimate frisbee");
INSERT INTO sportPreference(username, sport) values("TomHansen34", "pool");
INSERT INTO sportPreference(username, sport) values("TomHansen34", "tennis");
INSERT INTO sportPreference(username, sport) values("MattCarter35", "ultimate frisbee");
INSERT INTO sportPreference(username, sport) values("MattCarter35", "tennis");
INSERT INTO sportPreference(username, sport) values("MattCarter35", "pool");
INSERT INTO sportPreference(username, sport) values("JenniferMitchell36", "indoor soccer");
INSERT INTO sportPreference(username, sport) values("JenniferMitchell36", "football");
INSERT INTO sportPreference(username, sport) values("JenniferMitchell36", "soccer");
INSERT INTO sportPreference(username, sport) values("BobJohnson37", "basketball");
INSERT INTO sportPreference(username, sport) values("BobJohnson37", "squash");
INSERT INTO sportPreference(username, sport) values("BobJohnson37", "indoor soccer");
INSERT INTO sportPreference(username, sport) values("TomBanbury38", "ping pong");
INSERT INTO sportPreference(username, sport) values("TomBanbury38", "indoor soccer");
INSERT INTO sportPreference(username, sport) values("GraceBanbury39", "squash");
INSERT INTO sportPreference(username, sport) values("GraceBanbury39", "ping pong");
INSERT INTO sportPreference(username, sport) values("AllisonFontenot40", "ping pong");
INSERT INTO sportPreference(username, sport) values("AllisonFontenot40", "ultimate frisbee");
INSERT INTO sportPreference(username, sport) values("JenniferGabrielson41", "pool");
INSERT INTO sportPreference(username, sport) values("JenniferGabrielson41", "soccer");
INSERT INTO sportPreference(username, sport) values("JenniferMitchell42", "basketball");
INSERT INTO sportPreference(username, sport) values("JenniferMitchell42", "football");
INSERT INTO sportPreference(username, sport) values("JenniferMitchell42", "ultimate frisbee");
INSERT INTO sportPreference(username, sport) values("MarkFontenot43", "tennis");
INSERT INTO sportPreference(username, sport) values("MarkFontenot43", "squash");
INSERT INTO sportPreference(username, sport) values("MarkFontenot43", "football");
INSERT INTO sportPreference(username, sport) values("MattGabrielson44", "squash");
INSERT INTO sportPreference(username, sport) values("MattGabrielson44", "tennis");
INSERT INTO sportPreference(username, sport) values("MattGabrielson44", "football");
INSERT INTO sportPreference(username, sport) values("BenJohnson45", "ultimate frisbee");
INSERT INTO sportPreference(username, sport) values("BenJohnson45", "pool");
INSERT INTO sportPreference(username, sport) values("BenJohnson45", "indoor soccer");
INSERT INTO sportPreference(username, sport) values("PaigeCarter46", "tennis");
INSERT INTO sportPreference(username, sport) values("PaigeCarter46", "indoor soccer");
INSERT INTO sportPreference(username, sport) values("PaigeCarter46", "basketball");
INSERT INTO sportPreference(username, sport) values("PaigeCarter46", "ultimate frisbee");
INSERT INTO sportPreference(username, sport) values("JohnSmith47", "soccer");
INSERT INTO sportPreference(username, sport) values("JohnSmith47", "ultimate frisbee");
INSERT INTO sportPreference(username, sport) values("JohnSmith47", "pool");
INSERT INTO sportPreference(username, sport) values("JohnSmith47", "ping pong");
INSERT INTO sportPreference(username, sport) values("JohnHansen48", "ultimate frisbee");
INSERT INTO sportPreference(username, sport) values("JohnHansen48", "basketball");
INSERT INTO sportPreference(username, sport) values("JohnHansen48", "squash");
INSERT INTO sportPreference(username, sport) values("JohnHansen48", "soccer");
INSERT INTO sportPreference(username, sport) values("SarahCohen49", "pool");
INSERT INTO sportPreference(username, sport) values("BobReiss50", "soccer");
INSERT INTO sportPreference(username, sport) values("BobReiss50", "basketball");
INSERT INTO sportPreference(username, sport) values("BobReiss50", "squash");
INSERT INTO sportPreference(username, sport) values("BobReiss50", "ping pong");
INSERT INTO sportPreference(username, sport) values("SarahStenbit51", "indoor soccer");
INSERT INTO sportPreference(username, sport) values("SarahStenbit51", "squash");
INSERT INTO sportPreference(username, sport) values("SarahStenbit51", "tennis");
INSERT INTO sportPreference(username, sport) values("SarahStenbit51", "pool");
INSERT INTO sportPreference(username, sport) values("KatieBanbury52", "tennis");
INSERT INTO sportPreference(username, sport) values("GraceReiss53", "ultimate frisbee");
INSERT INTO sportPreference(username, sport) values("GraceReiss53", "football");
INSERT INTO sportPreference(username, sport) values("TomGoldman54", "ping pong");
INSERT INTO sportPreference(username, sport) values("TomGoldman54", "ultimate frisbee");
INSERT INTO sportPreference(username, sport) values("TomGoldman54", "pool");
INSERT INTO sportPreference(username, sport) values("TomGoldman54", "basketball");
INSERT INTO sportPreference(username, sport) values("JohnReiss55", "squash");
INSERT INTO sportPreference(username, sport) values("JohnReiss55", "soccer");
INSERT INTO sportPreference(username, sport) values("MaryGoldman56", "basketball");
INSERT INTO sportPreference(username, sport) values("MaryGoldman56", "pool");
INSERT INTO sportPreference(username, sport) values("MaryGoldman56", "indoor soccer");
INSERT INTO sportPreference(username, sport) values("GraceKhan57", "soccer");
INSERT INTO sportPreference(username, sport) values("GraceKhan57", "pool");
INSERT INTO sportPreference(username, sport) values("GraceKhan57", "ultimate frisbee");
INSERT INTO sportPreference(username, sport) values("JackGabrielson58", "basketball");
INSERT INTO sportPreference(username, sport) values("BenFontenot59", "soccer");
INSERT INTO sportPreference(username, sport) values("PaigeKhan60", "basketball");
INSERT INTO sportPreference(username, sport) values("PaigeKhan60", "pool");
INSERT INTO sportPreference(username, sport) values("PaigeKhan60", "squash");
INSERT INTO sportPreference(username, sport) values("JenniferCarter61", "squash");
INSERT INTO sportPreference(username, sport) values("JenniferCarter61", "pool");
INSERT INTO sportPreference(username, sport) values("JenniferCarter61", "tennis");
INSERT INTO sportPreference(username, sport) values("JenniferCarter61", "ping pong");
INSERT INTO sportPreference(username, sport) values("MattCarter62", "football");
INSERT INTO sportPreference(username, sport) values("MattCarter62", "indoor soccer");
INSERT INTO sportPreference(username, sport) values("KatieRenninger63", "ping pong");
INSERT INTO sportPreference(username, sport) values("AllisonGoldman64", "ultimate frisbee");
INSERT INTO sportPreference(username, sport) values("MattGoldman65", "ping pong");
INSERT INTO sportPreference(username, sport) values("MattGoldman65", "indoor soccer");
INSERT INTO sportPreference(username, sport) values("MattGoldman65", "tennis");
INSERT INTO sportPreference(username, sport) values("MattGoldman65", "basketball");
INSERT INTO sportPreference(username, sport) values("TomBanbury66", "soccer");
INSERT INTO sportPreference(username, sport) values("JenniferBanbury67", "football");
INSERT INTO sportPreference(username, sport) values("JenniferBanbury67", "soccer");
INSERT INTO sportPreference(username, sport) values("JenniferBanbury67", "tennis");
INSERT INTO sportPreference(username, sport) values("JenniferBanbury67", "ultimate frisbee");
INSERT INTO sportPreference(username, sport) values("MattRenninger68", "basketball");
INSERT INTO sportPreference(username, sport) values("MattRenninger68", "squash");
INSERT INTO sportPreference(username, sport) values("JackGabrielson69", "ping pong");
INSERT INTO sportPreference(username, sport) values("JackGabrielson69", "indoor soccer");
INSERT INTO sportPreference(username, sport) values("JackGabrielson69", "squash");
INSERT INTO sportPreference(username, sport) values("JonathanBanbury70", "ping pong");
INSERT INTO sportPreference(username, sport) values("AllisonStenbit71", "pool");
INSERT INTO sportPreference(username, sport) values("JenniferJohnson72", "football");
INSERT INTO sportPreference(username, sport) values("JenniferJohnson72", "indoor soccer");
INSERT INTO sportPreference(username, sport) values("JenniferJohnson72", "soccer");
INSERT INTO sportPreference(username, sport) values("JenniferJohnson72", "pool");
INSERT INTO sportPreference(username, sport) values("JohnGabrielson73", "ping pong");
INSERT INTO sportPreference(username, sport) values("JohnGabrielson73", "indoor soccer");
INSERT INTO sportPreference(username, sport) values("KatieCohen74", "soccer");
INSERT INTO sportPreference(username, sport) values("KatieCohen74", "tennis");
INSERT INTO sportPreference(username, sport) values("KatieCohen74", "pool");
INSERT INTO sportPreference(username, sport) values("KatieCohen74", "ping pong");
INSERT INTO sportPreference(username, sport) values("BenReiss75", "soccer");
INSERT INTO sportPreference(username, sport) values("MaryGoldman76", "ultimate frisbee");
INSERT INTO sportPreference(username, sport) values("MaryGoldman76", "indoor soccer");
INSERT INTO sportPreference(username, sport) values("MaryGoldman76", "soccer");
INSERT INTO sportPreference(username, sport) values("MaryGoldman76", "basketball");
INSERT INTO sportPreference(username, sport) values("JenniferJohnson77", "indoor soccer");
INSERT INTO sportPreference(username, sport) values("JenniferJohnson77", "basketball");
INSERT INTO sportPreference(username, sport) values("TomCohen78", "tennis");
INSERT INTO sportPreference(username, sport) values("TomCohen78", "basketball");
INSERT INTO sportPreference(username, sport) values("TomCohen78", "ping pong");
INSERT INTO sportPreference(username, sport) values("TomHansen79", "pool");
INSERT INTO sportPreference(username, sport) values("TomHansen79", "indoor soccer");
INSERT INTO sportPreference(username, sport) values("MarkStenbit80", "ultimate frisbee");
INSERT INTO sportPreference(username, sport) values("TomGabrielson81", "pool");
INSERT INTO sportPreference(username, sport) values("TomGabrielson81", "basketball");
INSERT INTO sportPreference(username, sport) values("BobGoldman82", "ping pong");
INSERT INTO sportPreference(username, sport) values("BobGoldman82", "basketball");
INSERT INTO sportPreference(username, sport) values("GraceMitchell83", "pool");
INSERT INTO sportPreference(username, sport) values("GraceMitchell83", "ping pong");
INSERT INTO sportPreference(username, sport) values("BobBanbury84", "basketball");
INSERT INTO sportPreference(username, sport) values("BobBanbury84", "squash");
INSERT INTO sportPreference(username, sport) values("BobBanbury84", "soccer");
INSERT INTO sportPreference(username, sport) values("JenniferCarter85", "pool");
INSERT INTO sportPreference(username, sport) values("JenniferCarter85", "soccer");
INSERT INTO sportPreference(username, sport) values("JenniferCarter85", "football");
INSERT INTO sportPreference(username, sport) values("TomBanbury86", "squash");
INSERT INTO sportPreference(username, sport) values("TomBanbury86", "indoor soccer");
INSERT INTO sportPreference(username, sport) values("JohnSmith87", "soccer");
INSERT INTO sportPreference(username, sport) values("TomGoldman88", "indoor soccer");
INSERT INTO sportPreference(username, sport) values("TomGoldman88", "soccer");
INSERT INTO sportPreference(username, sport) values("TomGoldman88", "squash");
INSERT INTO sportPreference(username, sport) values("AllisonFontenot89", "basketball");
INSERT INTO sportPreference(username, sport) values("TimmothyCarter90", "ultimate frisbee");
INSERT INTO sportPreference(username, sport) values("TimmothyCarter90", "tennis");
INSERT INTO sportPreference(username, sport) values("AllisonFontenot91", "pool");
INSERT INTO sportPreference(username, sport) values("AllisonFontenot91", "basketball");
INSERT INTO sportPreference(username, sport) values("AllisonGabrielson92", "soccer");
INSERT INTO sportPreference(username, sport) values("AllisonGabrielson92", "pool");
INSERT INTO sportPreference(username, sport) values("AllisonGabrielson92", "basketball");
INSERT INTO sportPreference(username, sport) values("KatieBanbury93", "ultimate frisbee");
INSERT INTO sportPreference(username, sport) values("SarahKhan94", "tennis");
INSERT INTO sportPreference(username, sport) values("SarahKhan94", "football");
INSERT INTO sportPreference(username, sport) values("JackHansen95", "indoor soccer");
INSERT INTO sportPreference(username, sport) values("JackHansen95", "pool");
INSERT INTO sportPreference(username, sport) values("JackHansen95", "squash");
INSERT INTO sportPreference(username, sport) values("MattSmith96", "basketball");
INSERT INTO sportPreference(username, sport) values("MattSmith96", "ping pong");
INSERT INTO sportPreference(username, sport) values("MattSmith96", "squash");
INSERT INTO sportPreference(username, sport) values("MattSmith96", "football");
INSERT INTO sportPreference(username, sport) values("BobJohnson97", "tennis");
INSERT INTO sportPreference(username, sport) values("BobJohnson97", "squash");
INSERT INTO sportPreference(username, sport) values("BobJohnson97", "basketball");
INSERT INTO sportPreference(username, sport) values("AllisonBanbury98", "ultimate frisbee");
INSERT INTO sportPreference(username, sport) values("AllisonBanbury98", "soccer");
INSERT INTO sportPreference(username, sport) values("AllisonBanbury98", "football");
INSERT INTO sportPreference(username, sport) values("AllisonCarter99", "tennis");





INSERT INTO chat(username, gameID, message) values("BobGoldman82", 1, "We still on?0");
INSERT INTO chat(username, gameID, message) values("GraceBanbury39", 1, "Yo we should totally listen to some dank beats while we sports1");
INSERT INTO chat(username, gameID, message) values("KatieJohnson2", 1, "Hey, I'll bring a ball!2");
INSERT INTO chat(username, gameID, message) values("JackHansen95", 1, "Just got here and its busy so we can't play. Sorry!3");
INSERT INTO chat(username, gameID, message) values("JohnReiss55", 2, "Just got here and its busy so we can't play. Sorry!0");
INSERT INTO chat(username, gameID, message) values("GraceKhan57", 2, "I'll bring some snacks!1");
INSERT INTO chat(username, gameID, message) values("BenReiss75", 2, "Yo we should totally listen to some dank beats while we sports2");
INSERT INTO chat(username, gameID, message) values("GraceBanbury39", 2, "Just realized it's raining, so let's cancel?3");
INSERT INTO chat(username, gameID, message) values("JohnCohen23", 2, "See you all in 10.4");
INSERT INTO chat(username, gameID, message) values("JenniferJohnson77", 3, "Just got here and its busy so we can't play. Sorry!0");
INSERT INTO chat(username, gameID, message) values("MarkSmith13", 3, "Just realized it's raining, so let's cancel?1");
INSERT INTO chat(username, gameID, message) values("JenniferBanbury67", 3, "Ay where the dank memes at?2");
INSERT INTO chat(username, gameID, message) values("JenniferJohnson27", 3, "See you all in 10.3");
INSERT INTO chat(username, gameID, message) values("BobReiss50", 3, "Hey, I'll bring a ball!4");
INSERT INTO chat(username, gameID, message) values("BobJohnson97", 3, "Hey, I'll bring a ball!5");
INSERT INTO chat(username, gameID, message) values("AllisonGoldman64", 3, "Just realized it's raining, so let's cancel?6");
INSERT INTO chat(username, gameID, message) values("GraceKhan14", 3, "See you all in 10.7");
INSERT INTO chat(username, gameID, message) values("KatieBanbury93", 4, "Hey, I'll bring a ball!0");
INSERT INTO chat(username, gameID, message) values("GraceKhan14", 4, "Yo we should totally listen to some dank beats while we sports1");
INSERT INTO chat(username, gameID, message) values("MattJohnson3", 4, "We still on?2");
INSERT INTO chat(username, gameID, message) values("KatieBanbury19", 4, "Hey, I'll bring a ball!3");
INSERT INTO chat(username, gameID, message) values("JackCarter25", 5, "Just got here and its busy so we can't play. Sorry!0");
INSERT INTO chat(username, gameID, message) values("TomBanbury66", 5, "I'll bring some snacks!1");
INSERT INTO chat(username, gameID, message) values("KatieRenninger63", 5, "We still on?2");
INSERT INTO chat(username, gameID, message) values("BobJohnson97", 5, "Just realized it's raining, so let's cancel?3");
INSERT INTO chat(username, gameID, message) values("JonathanBanbury70", 5, "I'll bring some snacks!4");
INSERT INTO chat(username, gameID, message) values("TomGoldman88", 5, "I'll bring some snacks!5");
INSERT INTO chat(username, gameID, message) values("TomBanbury38", 5, "Hey, I'll bring a ball!6");
INSERT INTO chat(username, gameID, message) values("JohnKhan15", 5, "Hey, I'll bring a ball!7");
INSERT INTO chat(username, gameID, message) values("JohnCohen23", 5, "Yo we should totally listen to some dank beats while we sports8");
INSERT INTO chat(username, gameID, message) values("JohnStenbit1", 5, "Just realized it's raining, so let's cancel?9");
INSERT INTO chat(username, gameID, message) values("BobGoldman82", 5, "We still on?10");
INSERT INTO chat(username, gameID, message) values("BenReiss75", 5, "See you all in 10.11");
INSERT INTO chat(username, gameID, message) values("JackCarter25", 5, "Ay where the dank memes at?12");
INSERT INTO chat(username, gameID, message) values("JenniferJohnson72", 5, "Yo we should totally listen to some dank beats while we sports13");
INSERT INTO chat(username, gameID, message) values("JonathanKhan31", 5, "I'll bring some snacks!14");
INSERT INTO chat(username, gameID, message) values("JenniferGabrielson41", 6, "See you all in 10.0");
INSERT INTO chat(username, gameID, message) values("JenniferHansen17", 6, "Yo we should totally listen to some dank beats while we sports1");
INSERT INTO chat(username, gameID, message) values("SarahCohen49", 6, "Just got here and its busy so we can't play. Sorry!2");
INSERT INTO chat(username, gameID, message) values("PaigeKhan60", 6, "Hey, I'll bring a ball!3");
INSERT INTO chat(username, gameID, message) values("MaryJohnson16", 6, "Hey, I'll bring a ball!4");
INSERT INTO chat(username, gameID, message) values("BobRenninger5", 6, "Just realized it's raining, so let's cancel?5");
INSERT INTO chat(username, gameID, message) values("JenniferBanbury67", 6, "I'll bring some snacks!6");
INSERT INTO chat(username, gameID, message) values("MattCarter62", 6, "Ay where the dank memes at?7");
INSERT INTO chat(username, gameID, message) values("TomGabrielson81", 6, "Ay where the dank memes at?8");
INSERT INTO chat(username, gameID, message) values("JohnKhan15", 6, "I'll bring some snacks!9");
INSERT INTO chat(username, gameID, message) values("TomBanbury66", 7, "We still on?0");
INSERT INTO chat(username, gameID, message) values("AllisonCarter99", 7, "Just got here and its busy so we can't play. Sorry!1");
INSERT INTO chat(username, gameID, message) values("AllisonFontenot40", 7, "I'll bring some snacks!2");
INSERT INTO chat(username, gameID, message) values("AllisonFontenot89", 7, "Yo we should totally listen to some dank beats while we sports3");
INSERT INTO chat(username, gameID, message) values("KatieFontenot7", 7, "We still on?4");
INSERT INTO chat(username, gameID, message) values("SarahKhan94", 7, "See you all in 10.5");
INSERT INTO chat(username, gameID, message) values("JenniferHansen17", 7, "Hey, I'll bring a ball!6");
INSERT INTO chat(username, gameID, message) values("KatieBanbury19", 7, "Yo we should totally listen to some dank beats while we sports7");
INSERT INTO chat(username, gameID, message) values("MattRenninger68", 8, "Hey, I'll bring a ball!0");
INSERT INTO chat(username, gameID, message) values("AllisonStenbit71", 8, "Just got here and its busy so we can't play. Sorry!1");
INSERT INTO chat(username, gameID, message) values("JohnCohen23", 8, "We still on?2");
INSERT INTO chat(username, gameID, message) values("KatieRenninger63", 8, "Yo we should totally listen to some dank beats while we sports3");
INSERT INTO chat(username, gameID, message) values("BobGoldman82", 8, "Ay where the dank memes at?4");
INSERT INTO chat(username, gameID, message) values("SarahKhan94", 8, "I'll bring some snacks!5");
INSERT INTO chat(username, gameID, message) values("SarahCohen49", 8, "Just got here and its busy so we can't play. Sorry!6");
INSERT INTO chat(username, gameID, message) values("JenniferBanbury67", 8, "We still on?7");
INSERT INTO chat(username, gameID, message) values("BenReiss75", 8, "Hey, I'll bring a ball!8");
INSERT INTO chat(username, gameID, message) values("MattCarter62", 8, "Just realized it's raining, so let's cancel?9");
INSERT INTO chat(username, gameID, message) values("MarkStenbit80", 9, "Ay where the dank memes at?0");
INSERT INTO chat(username, gameID, message) values("TomHansen79", 9, "Just got here and its busy so we can't play. Sorry!1");
INSERT INTO chat(username, gameID, message) values("AllisonBanbury98", 9, "Just got here and its busy so we can't play. Sorry!2");
INSERT INTO chat(username, gameID, message) values("JackGoldman9", 9, "Just realized it's raining, so let's cancel?3");
INSERT INTO chat(username, gameID, message) values("JohnGabrielson73", 9, "Just got here and its busy so we can't play. Sorry!4");
INSERT INTO chat(username, gameID, message) values("JackHansen95", 10, "Hey, I'll bring a ball!0");
INSERT INTO chat(username, gameID, message) values("MattRenninger68", 10, "Just got here and its busy so we can't play. Sorry!1");
INSERT INTO chat(username, gameID, message) values("KatieFontenot7", 10, "Just got here and its busy so we can't play. Sorry!2");
INSERT INTO chat(username, gameID, message) values("TimmothyKhan26", 10, "Yo we should totally listen to some dank beats while we sports3");
INSERT INTO chat(username, gameID, message) values("MattCarter35", 11, "Just got here and its busy so we can't play. Sorry!0");
INSERT INTO chat(username, gameID, message) values("JenniferCohen20", 11, "See you all in 10.1");
INSERT INTO chat(username, gameID, message) values("KatieCohen74", 11, "Just realized it's raining, so let's cancel?2");
INSERT INTO chat(username, gameID, message) values("JohnBanbury29", 11, "Hey, I'll bring a ball!3");
INSERT INTO chat(username, gameID, message) values("MattJohnson3", 11, "Yo we should totally listen to some dank beats while we sports4");
INSERT INTO chat(username, gameID, message) values("BobJohnson37", 11, "We still on?5");
INSERT INTO chat(username, gameID, message) values("KatieFontenot7", 12, "Hey, I'll bring a ball!0");
INSERT INTO chat(username, gameID, message) values("JenniferHansen17", 12, "We still on?1");
INSERT INTO chat(username, gameID, message) values("JenniferBanbury67", 12, "I'll bring some snacks!2");
INSERT INTO chat(username, gameID, message) values("TomGoldman88", 12, "We still on?3");
INSERT INTO chat(username, gameID, message) values("BobBanbury84", 12, "See you all in 10.4");
INSERT INTO chat(username, gameID, message) values("GraceBanbury39", 12, "Yo we should totally listen to some dank beats while we sports5");
INSERT INTO chat(username, gameID, message) values("SarahHansen12", 12, "Just realized it's raining, so let's cancel?6");
INSERT INTO chat(username, gameID, message) values("JenniferJohnson77", 12, "Just got here and its busy so we can't play. Sorry!7");
INSERT INTO chat(username, gameID, message) values("TomBanbury38", 13, "Just realized it's raining, so let's cancel?0");
INSERT INTO chat(username, gameID, message) values("TomBanbury0", 13, "Yo we should totally listen to some dank beats while we sports1");
INSERT INTO chat(username, gameID, message) values("JohnStenbit1", 13, "I'll bring some snacks!2");
INSERT INTO chat(username, gameID, message) values("JenniferJohnson27", 13, "Just got here and its busy so we can't play. Sorry!3");
INSERT INTO chat(username, gameID, message) values("TimmothyCarter90", 13, "I'll bring some snacks!4");
INSERT INTO chat(username, gameID, message) values("JohnHansen48", 13, "See you all in 10.5");
INSERT INTO chat(username, gameID, message) values("PaigeCarter46", 13, "We still on?6");
INSERT INTO chat(username, gameID, message) values("JohnReiss55", 13, "Ay where the dank memes at?7");
INSERT INTO chat(username, gameID, message) values("JackGabrielson69", 13, "See you all in 10.8");
INSERT INTO chat(username, gameID, message) values("AllisonFontenot91", 13, "We still on?9");
INSERT INTO chat(username, gameID, message) values("MattGoldman32", 14, "I'll bring some snacks!0");
INSERT INTO chat(username, gameID, message) values("BenReiss75", 14, "Ay where the dank memes at?1");
INSERT INTO chat(username, gameID, message) values("JonathanGoldman6", 14, "Just got here and its busy so we can't play. Sorry!2");
INSERT INTO chat(username, gameID, message) values("JenniferCarter85", 14, "Hey, I'll bring a ball!3");
INSERT INTO chat(username, gameID, message) values("MattCarter35", 14, "See you all in 10.4");
INSERT INTO chat(username, gameID, message) values("TomGoldman88", 14, "See you all in 10.5");
INSERT INTO chat(username, gameID, message) values("JenniferBanbury67", 14, "I'll bring some snacks!6");
INSERT INTO chat(username, gameID, message) values("JackCarter25", 14, "Ay where the dank memes at?7");
INSERT INTO chat(username, gameID, message) values("MaryCarter21", 14, "Ay where the dank memes at?8");
INSERT INTO chat(username, gameID, message) values("KatieRenninger63", 14, "We still on?9");
INSERT INTO chat(username, gameID, message) values("TomBanbury86", 15, "Yo we should totally listen to some dank beats while we sports0");
INSERT INTO chat(username, gameID, message) values("JohnHansen48", 15, "We still on?1");
INSERT INTO chat(username, gameID, message) values("BenBanbury30", 15, "We still on?2");
INSERT INTO chat(username, gameID, message) values("JenniferJohnson27", 15, "Just realized it's raining, so let's cancel?3");
INSERT INTO chat(username, gameID, message) values("JackHansen95", 16, "Just realized it's raining, so let's cancel?0");
INSERT INTO chat(username, gameID, message) values("AllisonGabrielson92", 16, "Ay where the dank memes at?1");
INSERT INTO chat(username, gameID, message) values("SarahCohen49", 16, "Ay where the dank memes at?2");
INSERT INTO chat(username, gameID, message) values("MarkSmith13", 16, "We still on?3");
INSERT INTO chat(username, gameID, message) values("MaryGoldman76", 17, "Just got here and its busy so we can't play. Sorry!0");
INSERT INTO chat(username, gameID, message) values("JenniferJohnson72", 17, "Ay where the dank memes at?1");
INSERT INTO chat(username, gameID, message) values("KatieBanbury19", 17, "Yo we should totally listen to some dank beats while we sports2");
INSERT INTO chat(username, gameID, message) values("TomGoldman54", 17, "Ay where the dank memes at?3");
INSERT INTO chat(username, gameID, message) values("TomBanbury86", 17, "Ay where the dank memes at?4");
INSERT INTO chat(username, gameID, message) values("TomBanbury0", 17, "I'll bring some snacks!5");
INSERT INTO chat(username, gameID, message) values("JohnBanbury29", 17, "I'll bring some snacks!6");
INSERT INTO chat(username, gameID, message) values("AllisonFontenot89", 17, "Ay where the dank memes at?7");
INSERT INTO chat(username, gameID, message) values("MaryCarter21", 17, "See you all in 10.8");
INSERT INTO chat(username, gameID, message) values("JonathanKhan31", 17, "Yo we should totally listen to some dank beats while we sports9");
INSERT INTO chat(username, gameID, message) values("JackGabrielson69", 18, "Ay where the dank memes at?0");
INSERT INTO chat(username, gameID, message) values("GraceBanbury39", 18, "Hey, I'll bring a ball!1");
INSERT INTO chat(username, gameID, message) values("AllisonGabrielson92", 18, "Hey, I'll bring a ball!2");
INSERT INTO chat(username, gameID, message) values("PaigeCarter46", 18, "See you all in 10.3");
INSERT INTO chat(username, gameID, message) values("JackCarter25", 18, "Just realized it's raining, so let's cancel?4");
INSERT INTO chat(username, gameID, message) values("BobBanbury84", 18, "Hey, I'll bring a ball!5");
INSERT INTO chat(username, gameID, message) values("KatieCohen74", 18, "I'll bring some snacks!6");
INSERT INTO chat(username, gameID, message) values("MattCarter35", 18, "Ay where the dank memes at?7");
INSERT INTO chat(username, gameID, message) values("JohnGabrielson73", 18, "Ay where the dank memes at?8");
INSERT INTO chat(username, gameID, message) values("MattCarter35", 18, "I'll bring some snacks!9");
INSERT INTO chat(username, gameID, message) values("MaryJohnson16", 18, "Hey, I'll bring a ball!10");
INSERT INTO chat(username, gameID, message) values("TomHansen4", 18, "I'll bring some snacks!11");
INSERT INTO chat(username, gameID, message) values("MaryGoldman56", 18, "Ay where the dank memes at?12");
INSERT INTO chat(username, gameID, message) values("MaryCarter21", 18, "I'll bring some snacks!13");
INSERT INTO chat(username, gameID, message) values("JonathanBanbury70", 18, "Just got here and its busy so we can't play. Sorry!14");
INSERT INTO chat(username, gameID, message) values("JohnBanbury29", 19, "Just got here and its busy so we can't play. Sorry!0");
INSERT INTO chat(username, gameID, message) values("MattGoldman65", 19, "Hey, I'll bring a ball!1");
INSERT INTO chat(username, gameID, message) values("KatieCohen74", 19, "Yo we should totally listen to some dank beats while we sports2");
INSERT INTO chat(username, gameID, message) values("JackCarter25", 19, "I'll bring some snacks!3");
INSERT INTO chat(username, gameID, message) values("TomGabrielson81", 19, "Hey, I'll bring a ball!4");
INSERT INTO chat(username, gameID, message) values("JenniferCohen11", 19, "Ay where the dank memes at?5");
INSERT INTO chat(username, gameID, message) values("TomHansen79", 19, "I'll bring some snacks!6");
INSERT INTO chat(username, gameID, message) values("SarahStenbit51", 19, "Ay where the dank memes at?7");
INSERT INTO chat(username, gameID, message) values("JenniferCarter85", 20, "I'll bring some snacks!0");
INSERT INTO chat(username, gameID, message) values("MarkStenbit80", 20, "Just realized it's raining, so let's cancel?1");
INSERT INTO chat(username, gameID, message) values("SarahBanbury28", 21, "I'll bring some snacks!0");
INSERT INTO chat(username, gameID, message) values("GraceKhan14", 21, "See you all in 10.1");
INSERT INTO chat(username, gameID, message) values("PaigeCarter46", 21, "We still on?2");
INSERT INTO chat(username, gameID, message) values("MaryGoldman76", 21, "We still on?3");
INSERT INTO chat(username, gameID, message) values("AllisonFontenot91", 21, "Just got here and its busy so we can't play. Sorry!4");
INSERT INTO chat(username, gameID, message) values("KatieBanbury52", 21, "Hey, I'll bring a ball!5");
INSERT INTO chat(username, gameID, message) values("TomRenninger10", 21, "Just got here and its busy so we can't play. Sorry!6");
INSERT INTO chat(username, gameID, message) values("TomHansen79", 21, "See you all in 10.7");
INSERT INTO chat(username, gameID, message) values("KatieBanbury52", 22, "I'll bring some snacks!0");
INSERT INTO chat(username, gameID, message) values("KatieBanbury93", 22, "Ay where the dank memes at?1");
INSERT INTO chat(username, gameID, message) values("JenniferJohnson27", 22, "Just realized it's raining, so let's cancel?2");
INSERT INTO chat(username, gameID, message) values("KatieRenninger63", 22, "We still on?3");
INSERT INTO chat(username, gameID, message) values("KatieRenninger63", 22, "We still on?4");
INSERT INTO chat(username, gameID, message) values("TomBanbury38", 22, "Yo we should totally listen to some dank beats while we sports5");
INSERT INTO chat(username, gameID, message) values("MattRenninger68", 22, "Yo we should totally listen to some dank beats while we sports6");
INSERT INTO chat(username, gameID, message) values("TomHansen34", 22, "See you all in 10.7");
INSERT INTO chat(username, gameID, message) values("AllisonStenbit71", 23, "See you all in 10.0");
INSERT INTO chat(username, gameID, message) values("BenReiss75", 23, "Yo we should totally listen to some dank beats while we sports1");
INSERT INTO chat(username, gameID, message) values("MarkFontenot43", 23, "Just realized it's raining, so let's cancel?2");
INSERT INTO chat(username, gameID, message) values("JenniferCarter61", 23, "Hey, I'll bring a ball!3");
INSERT INTO chat(username, gameID, message) values("KatieFontenot7", 23, "Ay where the dank memes at?4");
INSERT INTO chat(username, gameID, message) values("MattGabrielson18", 24, "Just got here and its busy so we can't play. Sorry!0");
INSERT INTO chat(username, gameID, message) values("TimmothyCarter90", 24, "Just got here and its busy so we can't play. Sorry!1");
INSERT INTO chat(username, gameID, message) values("GraceMitchell83", 24, "Just realized it's raining, so let's cancel?2");
INSERT INTO chat(username, gameID, message) values("SarahBanbury28", 24, "Ay where the dank memes at?3");
INSERT INTO chat(username, gameID, message) values("BobFontenot22", 24, "Ay where the dank memes at?4");
INSERT INTO chat(username, gameID, message) values("JohnBanbury29", 24, "Just got here and its busy so we can't play. Sorry!5");
INSERT INTO chat(username, gameID, message) values("MarkFontenot43", 24, "Yo we should totally listen to some dank beats while we sports6");
INSERT INTO chat(username, gameID, message) values("MaryGoldman76", 24, "Hey, I'll bring a ball!7");
INSERT INTO chat(username, gameID, message) values("TomHansen4", 24, "Yo we should totally listen to some dank beats while we sports8");
INSERT INTO chat(username, gameID, message) values("SarahHansen12", 24, "See you all in 10.9");
INSERT INTO chat(username, gameID, message) values("TomCohen78", 24, "We still on?10");
INSERT INTO chat(username, gameID, message) values("JohnSmith87", 24, "Hey, I'll bring a ball!11");
INSERT INTO chat(username, gameID, message) values("BobJohnson37", 24, "Ay where the dank memes at?12");
INSERT INTO chat(username, gameID, message) values("BobReiss50", 24, "Just got here and its busy so we can't play. Sorry!13");
INSERT INTO chat(username, gameID, message) values("BobJohnson37", 24, "Hey, I'll bring a ball!14");
INSERT INTO chat(username, gameID, message) values("GraceMitchell83", 25, "I'll bring some snacks!0");
INSERT INTO chat(username, gameID, message) values("KatieJohnson2", 25, "We still on?1");
INSERT INTO chat(username, gameID, message) values("MattCarter62", 25, "Ay where the dank memes at?2");
INSERT INTO chat(username, gameID, message) values("MattGoldman65", 25, "Hey, I'll bring a ball!3");
INSERT INTO chat(username, gameID, message) values("MarkSmith13", 26, "Hey, I'll bring a ball!0");
INSERT INTO chat(username, gameID, message) values("KatieBanbury19", 26, "Just got here and its busy so we can't play. Sorry!1");
INSERT INTO chat(username, gameID, message) values("JackGoldman9", 26, "Ay where the dank memes at?2");
INSERT INTO chat(username, gameID, message) values("AllisonBanbury98", 26, "Just got here and its busy so we can't play. Sorry!3");
INSERT INTO chat(username, gameID, message) values("JackHansen95", 26, "Ay where the dank memes at?4");
INSERT INTO chat(username, gameID, message) values("BenBanbury30", 26, "See you all in 10.5");
INSERT INTO chat(username, gameID, message) values("SarahCohen49", 27, "I'll bring some snacks!0");
INSERT INTO chat(username, gameID, message) values("JenniferJohnson27", 27, "Hey, I'll bring a ball!1");
INSERT INTO chat(username, gameID, message) values("MattGabrielson18", 27, "Hey, I'll bring a ball!2");
INSERT INTO chat(username, gameID, message) values("MarkSmith13", 27, "See you all in 10.3");
INSERT INTO chat(username, gameID, message) values("JenniferJohnson77", 27, "Ay where the dank memes at?4");
INSERT INTO chat(username, gameID, message) values("GraceKhan14", 27, "We still on?5");
INSERT INTO chat(username, gameID, message) values("TomCohen78", 27, "We still on?6");
INSERT INTO chat(username, gameID, message) values("JenniferGabrielson41", 27, "Yo we should totally listen to some dank beats while we sports7");
INSERT INTO chat(username, gameID, message) values("MattRenninger68", 27, "Just realized it's raining, so let's cancel?8");
INSERT INTO chat(username, gameID, message) values("MattCarter35", 27, "Hey, I'll bring a ball!9");
INSERT INTO chat(username, gameID, message) values("MattGabrielson18", 28, "Ay where the dank memes at?0");
INSERT INTO chat(username, gameID, message) values("JohnKhan15", 28, "Yo we should totally listen to some dank beats while we sports1");
INSERT INTO chat(username, gameID, message) values("AllisonBanbury98", 28, "See you all in 10.2");
INSERT INTO chat(username, gameID, message) values("TomCohen78", 28, "We still on?3");
INSERT INTO chat(username, gameID, message) values("SarahKhan94", 29, "I'll bring some snacks!0");
INSERT INTO chat(username, gameID, message) values("SarahBanbury28", 29, "See you all in 10.1");
INSERT INTO chat(username, gameID, message) values("KatieJohnson2", 29, "Just got here and its busy so we can't play. Sorry!2");
INSERT INTO chat(username, gameID, message) values("JenniferJohnson77", 29, "Yo we should totally listen to some dank beats while we sports3");
INSERT INTO chat(username, gameID, message) values("BobFontenot22", 29, "Hey, I'll bring a ball!4");
INSERT INTO chat(username, gameID, message) values("MattJohnson3", 29, "See you all in 10.5");
INSERT INTO chat(username, gameID, message) values("JohnHansen48", 29, "I'll bring some snacks!6");
INSERT INTO chat(username, gameID, message) values("BobBanbury84", 29, "Just realized it's raining, so let's cancel?7");
INSERT INTO chat(username, gameID, message) values("SarahBanbury28", 29, "Just got here and its busy so we can't play. Sorry!8");
INSERT INTO chat(username, gameID, message) values("MattSmith96", 29, "I'll bring some snacks!9");
INSERT INTO chat(username, gameID, message) values("AllisonCarter99", 30, "Yo we should totally listen to some dank beats while we sports0");
INSERT INTO chat(username, gameID, message) values("BenJohnson45", 30, "See you all in 10.1");
INSERT INTO chat(username, gameID, message) values("BenBanbury30", 30, "Just got here and its busy so we can't play. Sorry!2");
INSERT INTO chat(username, gameID, message) values("JohnSmith47", 30, "I'll bring some snacks!3");
INSERT INTO chat(username, gameID, message) values("TomBanbury38", 30, "I'll bring some snacks!4");
INSERT INTO chat(username, gameID, message) values("JenniferMitchell42", 30, "Yo we should totally listen to some dank beats while we sports5");
INSERT INTO chat(username, gameID, message) values("JackGabrielson69", 31, "See you all in 10.0");
INSERT INTO chat(username, gameID, message) values("GraceKhan57", 31, "Just got here and its busy so we can't play. Sorry!1");
INSERT INTO chat(username, gameID, message) values("JohnStenbit1", 31, "Just realized it's raining, so let's cancel?2");
INSERT INTO chat(username, gameID, message) values("TomHansen79", 31, "I'll bring some snacks!3");
INSERT INTO chat(username, gameID, message) values("JenniferCarter61", 31, "Hey, I'll bring a ball!4");
INSERT INTO chat(username, gameID, message) values("MattGoldman32", 31, "We still on?5");
INSERT INTO chat(username, gameID, message) values("MarkMitchell24", 31, "Hey, I'll bring a ball!6");
INSERT INTO chat(username, gameID, message) values("KatieFontenot7", 31, "Just realized it's raining, so let's cancel?7");
INSERT INTO chat(username, gameID, message) values("JenniferCarter61", 31, "Ay where the dank memes at?8");
INSERT INTO chat(username, gameID, message) values("TimmothyKhan26", 31, "See you all in 10.9");
INSERT INTO chat(username, gameID, message) values("BenJohnson45", 32, "See you all in 10.0");
INSERT INTO chat(username, gameID, message) values("AllisonFontenot91", 32, "We still on?1");
INSERT INTO chat(username, gameID, message) values("AllisonFontenot89", 32, "Just realized it's raining, so let's cancel?2");
INSERT INTO chat(username, gameID, message) values("MarkSmith13", 32, "See you all in 10.3");
INSERT INTO chat(username, gameID, message) values("JenniferMitchell42", 32, "Hey, I'll bring a ball!4");
INSERT INTO chat(username, gameID, message) values("KatieBanbury93", 32, "Just realized it's raining, so let's cancel?5");
INSERT INTO chat(username, gameID, message) values("MattGabrielson18", 32, "Hey, I'll bring a ball!6");
INSERT INTO chat(username, gameID, message) values("AllisonCarter99", 32, "I'll bring some snacks!7");
INSERT INTO chat(username, gameID, message) values("TomBanbury86", 32, "We still on?8");
INSERT INTO chat(username, gameID, message) values("MattGabrielson44", 32, "Hey, I'll bring a ball!9");
INSERT INTO chat(username, gameID, message) values("BobJohnson97", 32, "Yo we should totally listen to some dank beats while we sports10");
INSERT INTO chat(username, gameID, message) values("TimmothyCarter90", 32, "Just got here and its busy so we can't play. Sorry!11");
INSERT INTO chat(username, gameID, message) values("JackGoldman9", 32, "Hey, I'll bring a ball!12");
INSERT INTO chat(username, gameID, message) values("KatieFontenot7", 32, "Ay where the dank memes at?13");
INSERT INTO chat(username, gameID, message) values("MattCarter35", 32, "Ay where the dank memes at?14");
INSERT INTO chat(username, gameID, message) values("JohnCohen23", 33, "I'll bring some snacks!0");
INSERT INTO chat(username, gameID, message) values("JenniferGabrielson41", 33, "Just got here and its busy so we can't play. Sorry!1");
INSERT INTO chat(username, gameID, message) values("JackGabrielson69", 33, "Just got here and its busy so we can't play. Sorry!2");
INSERT INTO chat(username, gameID, message) values("KatieCohen74", 33, "Just realized it's raining, so let's cancel?3");
INSERT INTO chat(username, gameID, message) values("MattGoldman65", 33, "See you all in 10.4");
INSERT INTO chat(username, gameID, message) values("AllisonGabrielson92", 34, "Just realized it's raining, so let's cancel?0");
INSERT INTO chat(username, gameID, message) values("GraceReiss53", 34, "Hey, I'll bring a ball!1");
INSERT INTO chat(username, gameID, message) values("MaryCarter21", 34, "Ay where the dank memes at?2");
INSERT INTO chat(username, gameID, message) values("TomHansen34", 34, "Just realized it's raining, so let's cancel?3");
INSERT INTO chat(username, gameID, message) values("AllisonStenbit71", 34, "We still on?4");
INSERT INTO chat(username, gameID, message) values("JenniferMitchell42", 35, "We still on?0");
INSERT INTO chat(username, gameID, message) values("TomCohen78", 35, "We still on?1");
INSERT INTO chat(username, gameID, message) values("TomHansen79", 35, "We still on?2");
INSERT INTO chat(username, gameID, message) values("JohnCohen23", 35, "See you all in 10.3");
INSERT INTO chat(username, gameID, message) values("GraceKhan14", 35, "I'll bring some snacks!4");
INSERT INTO chat(username, gameID, message) values("JenniferCohen20", 35, "Just got here and its busy so we can't play. Sorry!5");
INSERT INTO chat(username, gameID, message) values("BobBanbury84", 35, "We still on?6");
INSERT INTO chat(username, gameID, message) values("MattGabrielson18", 35, "See you all in 10.7");
INSERT INTO chat(username, gameID, message) values("JohnSmith47", 36, "Yo we should totally listen to some dank beats while we sports0");
INSERT INTO chat(username, gameID, message) values("TomGoldman88", 36, "See you all in 10.1");
INSERT INTO chat(username, gameID, message) values("TomBanbury66", 36, "Yo we should totally listen to some dank beats while we sports2");
INSERT INTO chat(username, gameID, message) values("TomHansen34", 36, "Ay where the dank memes at?3");
INSERT INTO chat(username, gameID, message) values("JenniferCarter85", 36, "See you all in 10.4");
INSERT INTO chat(username, gameID, message) values("MattCarter62", 36, "Just realized it's raining, so let's cancel?5");
INSERT INTO chat(username, gameID, message) values("MattGabrielson18", 36, "Just got here and its busy so we can't play. Sorry!6");
INSERT INTO chat(username, gameID, message) values("MattGoldman65", 36, "Hey, I'll bring a ball!7");
INSERT INTO chat(username, gameID, message) values("BenFontenot59", 36, "Yo we should totally listen to some dank beats while we sports8");
INSERT INTO chat(username, gameID, message) values("KatieJohnson2", 36, "Just got here and its busy so we can't play. Sorry!9");
INSERT INTO chat(username, gameID, message) values("TimmothyCarter90", 37, "Yo we should totally listen to some dank beats while we sports0");
INSERT INTO chat(username, gameID, message) values("JenniferJohnson72", 37, "We still on?1");
INSERT INTO chat(username, gameID, message) values("TimmothyCarter90", 37, "Ay where the dank memes at?2");
INSERT INTO chat(username, gameID, message) values("JohnStenbit1", 37, "Yo we should totally listen to some dank beats while we sports3");
INSERT INTO chat(username, gameID, message) values("KatieJohnson2", 37, "Ay where the dank memes at?4");
INSERT INTO chat(username, gameID, message) values("JackGabrielson69", 37, "See you all in 10.5");
INSERT INTO chat(username, gameID, message) values("TomCohen78", 37, "Yo we should totally listen to some dank beats while we sports6");
INSERT INTO chat(username, gameID, message) values("BobJohnson37", 37, "Hey, I'll bring a ball!7");
INSERT INTO chat(username, gameID, message) values("TomCohen78", 37, "We still on?8");
INSERT INTO chat(username, gameID, message) values("JohnStenbit1", 37, "See you all in 10.9");
INSERT INTO chat(username, gameID, message) values("TomBanbury0", 38, "Yo we should totally listen to some dank beats while we sports0");
INSERT INTO chat(username, gameID, message) values("JackGabrielson69", 38, "Just got here and its busy so we can't play. Sorry!1");
INSERT INTO chat(username, gameID, message) values("BenJohnson45", 39, "I'll bring some snacks!0");
INSERT INTO chat(username, gameID, message) values("TomBanbury38", 39, "Just got here and its busy so we can't play. Sorry!1");
INSERT INTO chat(username, gameID, message) values("JonathanGoldman6", 39, "Yo we should totally listen to some dank beats while we sports2");
INSERT INTO chat(username, gameID, message) values("MarkFontenot43", 39, "Hey, I'll bring a ball!3");
INSERT INTO chat(username, gameID, message) values("SarahBanbury28", 40, "We still on?0");
INSERT INTO chat(username, gameID, message) values("TimmothyCarter90", 40, "I'll bring some snacks!1");
INSERT INTO chat(username, gameID, message) values("JenniferMitchell42", 40, "I'll bring some snacks!2");
INSERT INTO chat(username, gameID, message) values("JackCarter25", 40, "Ay where the dank memes at?3");
INSERT INTO chat(username, gameID, message) values("TomBanbury66", 40, "I'll bring some snacks!4");
INSERT INTO chat(username, gameID, message) values("GraceMitchell83", 40, "Hey, I'll bring a ball!5");
INSERT INTO chat(username, gameID, message) values("BenJohnson45", 40, "See you all in 10.6");
INSERT INTO chat(username, gameID, message) values("MattSmith96", 40, "Ay where the dank memes at?7");
INSERT INTO chat(username, gameID, message) values("GraceReiss53", 41, "I'll bring some snacks!0");
INSERT INTO chat(username, gameID, message) values("BenBanbury30", 41, "Ay where the dank memes at?1");
INSERT INTO chat(username, gameID, message) values("KatieBanbury52", 41, "See you all in 10.2");
INSERT INTO chat(username, gameID, message) values("MarkStenbit80", 41, "Yo we should totally listen to some dank beats while we sports3");
INSERT INTO chat(username, gameID, message) values("JackGabrielson58", 41, "I'll bring some snacks!4");
INSERT INTO chat(username, gameID, message) values("JenniferGabrielson41", 42, "We still on?0");
INSERT INTO chat(username, gameID, message) values("MattJohnson3", 42, "See you all in 10.1");
INSERT INTO chat(username, gameID, message) values("PaigeCarter46", 42, "Ay where the dank memes at?2");
INSERT INTO chat(username, gameID, message) values("MaryCarter21", 42, "Yo we should totally listen to some dank beats while we sports3");
INSERT INTO chat(username, gameID, message) values("PaigeCarter46", 42, "Ay where the dank memes at?4");
INSERT INTO chat(username, gameID, message) values("TomGabrielson81", 42, "Ay where the dank memes at?5");
INSERT INTO chat(username, gameID, message) values("MattRenninger68", 42, "See you all in 10.6");
INSERT INTO chat(username, gameID, message) values("JenniferMitchell42", 42, "Just realized it's raining, so let's cancel?7");
INSERT INTO chat(username, gameID, message) values("BobGoldman82", 43, "See you all in 10.0");
INSERT INTO chat(username, gameID, message) values("PaigeCarter46", 43, "Hey, I'll bring a ball!1");
INSERT INTO chat(username, gameID, message) values("KatieBanbury93", 43, "Just got here and its busy so we can't play. Sorry!2");
INSERT INTO chat(username, gameID, message) values("SarahHansen12", 43, "Just realized it's raining, so let's cancel?3");
INSERT INTO chat(username, gameID, message) values("KatieRenninger63", 43, "I'll bring some snacks!4");
INSERT INTO chat(username, gameID, message) values("TomHansen79", 43, "Ay where the dank memes at?5");
INSERT INTO chat(username, gameID, message) values("KatieBanbury93", 44, "Yo we should totally listen to some dank beats while we sports0");
INSERT INTO chat(username, gameID, message) values("JohnSmith47", 44, "Just realized it's raining, so let's cancel?1");
INSERT INTO chat(username, gameID, message) values("MarkSmith13", 44, "We still on?2");
INSERT INTO chat(username, gameID, message) values("BobRenninger5", 44, "I'll bring some snacks!3");
INSERT INTO chat(username, gameID, message) values("JohnSmith87", 44, "See you all in 10.4");
INSERT INTO chat(username, gameID, message) values("MarkStenbit80", 44, "Yo we should totally listen to some dank beats while we sports5");
INSERT INTO chat(username, gameID, message) values("JonathanBanbury70", 44, "Ay where the dank memes at?6");
INSERT INTO chat(username, gameID, message) values("GraceKhan14", 44, "I'll bring some snacks!7");
INSERT INTO chat(username, gameID, message) values("KatieRenninger63", 44, "Hey, I'll bring a ball!8");
INSERT INTO chat(username, gameID, message) values("JenniferJohnson27", 44, "I'll bring some snacks!9");
INSERT INTO chat(username, gameID, message) values("MattGoldman32", 45, "I'll bring some snacks!0");
INSERT INTO chat(username, gameID, message) values("MattCarter62", 45, "I'll bring some snacks!1");
INSERT INTO chat(username, gameID, message) values("PaigeCarter46", 45, "Just realized it's raining, so let's cancel?2");
INSERT INTO chat(username, gameID, message) values("JohnSmith47", 45, "I'll bring some snacks!3");
INSERT INTO chat(username, gameID, message) values("JenniferMitchell42", 45, "Just realized it's raining, so let's cancel?4");
INSERT INTO chat(username, gameID, message) values("PaigeCarter46", 45, "Just got here and its busy so we can't play. Sorry!5");
INSERT INTO chat(username, gameID, message) values("TomGoldman54", 45, "Just realized it's raining, so let's cancel?6");
INSERT INTO chat(username, gameID, message) values("KatieReiss33", 45, "Yo we should totally listen to some dank beats while we sports7");
INSERT INTO chat(username, gameID, message) values("TomBanbury86", 45, "Yo we should totally listen to some dank beats while we sports8");
INSERT INTO chat(username, gameID, message) values("TomGabrielson81", 45, "Yo we should totally listen to some dank beats while we sports9");
INSERT INTO chat(username, gameID, message) values("JohnHansen48", 46, "Yo we should totally listen to some dank beats while we sports0");
INSERT INTO chat(username, gameID, message) values("JohnCohen23", 46, "Yo we should totally listen to some dank beats while we sports1");
INSERT INTO chat(username, gameID, message) values("TomGabrielson81", 46, "Just realized it's raining, so let's cancel?2");
INSERT INTO chat(username, gameID, message) values("AllisonBanbury98", 46, "Ay where the dank memes at?3");
INSERT INTO chat(username, gameID, message) values("TomCohen78", 46, "Yo we should totally listen to some dank beats while we sports4");
INSERT INTO chat(username, gameID, message) values("KatieCohen74", 46, "Just got here and its busy so we can't play. Sorry!5");
INSERT INTO chat(username, gameID, message) values("KatieReiss33", 46, "Hey, I'll bring a ball!6");
INSERT INTO chat(username, gameID, message) values("TomRenninger10", 46, "We still on?7");
INSERT INTO chat(username, gameID, message) values("AllisonGoldman64", 46, "See you all in 10.8");
INSERT INTO chat(username, gameID, message) values("JonathanKhan31", 46, "Ay where the dank memes at?9");
INSERT INTO chat(username, gameID, message) values("KatieFontenot7", 47, "Ay where the dank memes at?0");
INSERT INTO chat(username, gameID, message) values("TomCohen78", 47, "I'll bring some snacks!1");
INSERT INTO chat(username, gameID, message) values("KatieReiss33", 47, "Hey, I'll bring a ball!2");
INSERT INTO chat(username, gameID, message) values("BobRenninger5", 47, "Just realized it's raining, so let's cancel?3");
INSERT INTO chat(username, gameID, message) values("JohnCohen23", 48, "We still on?0");
INSERT INTO chat(username, gameID, message) values("JohnBanbury29", 48, "I'll bring some snacks!1");
INSERT INTO chat(username, gameID, message) values("JenniferCohen11", 48, "We still on?2");
INSERT INTO chat(username, gameID, message) values("JohnHansen48", 48, "Just got here and its busy so we can't play. Sorry!3");
INSERT INTO chat(username, gameID, message) values("BobFontenot22", 48, "See you all in 10.4");
INSERT INTO chat(username, gameID, message) values("JohnSmith87", 48, "Just got here and its busy so we can't play. Sorry!5");
INSERT INTO chat(username, gameID, message) values("KatieRenninger63", 48, "Hey, I'll bring a ball!6");
INSERT INTO chat(username, gameID, message) values("MattGabrielson44", 48, "Just realized it's raining, so let's cancel?7");
INSERT INTO chat(username, gameID, message) values("TomHansen79", 48, "I'll bring some snacks!8");
INSERT INTO chat(username, gameID, message) values("SarahHansen12", 48, "Hey, I'll bring a ball!9");
INSERT INTO chat(username, gameID, message) values("AllisonFontenot40", 49, "We still on?0");
INSERT INTO chat(username, gameID, message) values("JenniferCohen11", 49, "Just got here and its busy so we can't play. Sorry!1");
INSERT INTO chat(username, gameID, message) values("BobFontenot22", 49, "Just realized it's raining, so let's cancel?2");
INSERT INTO chat(username, gameID, message) values("JonathanKhan31", 49, "Just got here and its busy so we can't play. Sorry!3");
INSERT INTO chat(username, gameID, message) values("BenFontenot59", 49, "We still on?4");
INSERT INTO chat(username, gameID, message) values("KatieCohen74", 49, "See you all in 10.5");
INSERT INTO chat(username, gameID, message) values("AllisonStenbit71", 49, "Just got here and its busy so we can't play. Sorry!6");
INSERT INTO chat(username, gameID, message) values("GraceBanbury39", 49, "Hey, I'll bring a ball!7");
INSERT INTO chat(username, gameID, message) values("JenniferJohnson77", 49, "Hey, I'll bring a ball!8");
INSERT INTO chat(username, gameID, message) values("JenniferJohnson27", 49, "We still on?9");
INSERT INTO chat(username, gameID, message) values("KatieCohen74", 50, "Yo we should totally listen to some dank beats while we sports0");
INSERT INTO chat(username, gameID, message) values("MaryCarter21", 50, "Ay where the dank memes at?1");
INSERT INTO chat(username, gameID, message) values("TomHansen34", 50, "Just realized it's raining, so let's cancel?2");
INSERT INTO chat(username, gameID, message) values("BobJohnson37", 50, "We still on?3");
INSERT INTO chat(username, gameID, message) values("BobJohnson97", 50, "We still on?4");
INSERT INTO chat(username, gameID, message) values("AllisonFontenot40", 50, "Just realized it's raining, so let's cancel?5");
